2026-02-02 17:22:29,205 [INFO] Activator:176 - 


2026-02-02 17:22:29,209 [INFO] Activator:177 - !SESSION log4j initialized
2026-02-02 17:22:35,301 [INFO] LogOutputStream:77 - [STDOUT_REDIRECT] 
2026-02-02 17:22:37,226 [INFO] ApplicationProperties:184 - Using Application install path: C:\ST\STM32CubeIDE_1.19.0\STM32CubeIDE\plugins\com.st.stm32cube.common.mx_6.15.0.202507011659
2026-02-02 17:22:37,245 [INFO] DbMcusXml:78 - Set database path to: C:\ST\STM32CubeIDE_1.19.0\STM32CubeIDE\plugins\com.st.stm32cube.common.mx_6.15.0.202507011659\\db\/mcu/
2026-02-02 17:22:37,245 [INFO] ApiDb:274 - Set plugin database path to: C:\ST\STM32CubeIDE_1.19.0\STM32CubeIDE\plugins\com.st.stm32cube.common.mx_6.15.0.202507011659\\db\/plugins/boardmanager/
2026-02-02 17:22:37,247 [WARN] ApiDb:259 - Overriding images path with different value:  => C:\ST\STM32CubeIDE_1.19.0\STM32CubeIDE\plugins\com.st.stm32cube.common.mx_6.15.0.202507011659\\db\/plugins/mcufinder/images/
2026-02-02 17:22:37,252 [INFO] ApiDb:250 - Set database path to: C:\Users\LENOVO\.stmcufinder\plugins\mcufinder//mcu/
2026-02-02 17:22:37,254 [INFO] DbMcusAds:125 - Set database path to: C:\Users\LENOVO\.stmcufinder\plugins\mcufinder//mcu/
2026-02-02 17:22:37,256 [INFO] CrossReferenceDbSqlite:203 - Set database path to: C:\Users\LENOVO\.stmcufinder\plugins\mcufinder//mcu/cs/
2026-02-02 17:22:37,382 [INFO] RulesReader:64 - Compatibility file has been processed (317 Rules)
2026-02-02 17:22:37,466 [INFO] DbMcusXml:78 - Set database path to: C:\ST\STM32CubeIDE_1.19.0\STM32CubeIDE\plugins\com.st.stm32cube.common.mx_6.15.0.202507011659\\db\/mcu/
2026-02-02 17:22:37,466 [INFO] ApiDb:274 - Set plugin database path to: C:\ST\STM32CubeIDE_1.19.0\STM32CubeIDE\plugins\com.st.stm32cube.common.mx_6.15.0.202507011659\\db\/plugins/boardmanager/
2026-02-02 17:22:37,466 [INFO] ApiDb:261 - Set plugin images path to: C:\ST\STM32CubeIDE_1.19.0\STM32CubeIDE\plugins\com.st.stm32cube.common.mx_6.15.0.202507011659\\db\/plugins/mcufinder/images/
2026-02-02 17:22:37,466 [WARN] DbFile:41 - Overriding database path with different value: C:\Users\LENOVO\.stmcufinder\plugins\mcufinder/ => C:\Users\LENOVO\.stmcufinder\plugins\mcufinder
2026-02-02 17:22:37,468 [INFO] ApiDb:250 - Set database path to: C:\Users\LENOVO\.stmcufinder\plugins\mcufinder//mcu/
2026-02-02 17:22:37,468 [WARN] DbFile:41 - Overriding database path with different value: C:\Users\LENOVO\.stmcufinder\plugins\mcufinder/ => C:\Users\LENOVO\.stmcufinder\plugins\mcufinder
2026-02-02 17:22:37,468 [INFO] DbMcusAds:125 - Set database path to: C:\Users\LENOVO\.stmcufinder\plugins\mcufinder//mcu/
2026-02-02 17:22:37,468 [WARN] DbFile:41 - Overriding database path with different value: C:\Users\LENOVO\.stmcufinder\plugins\mcufinder/ => C:\Users\LENOVO\.stmcufinder\plugins\mcufinder
2026-02-02 17:22:37,468 [WARN] DbFile:41 - Overriding database path with different value: C:\Users\LENOVO\.stmcufinder\plugins\mcufinder/ => C:\Users\LENOVO\.stmcufinder\plugins\mcufinder
2026-02-02 17:22:37,468 [INFO] CrossReferenceDbSqlite:203 - Set database path to: C:\Users\LENOVO\.stmcufinder\plugins\mcufinder//mcu/cs/
2026-02-02 17:22:37,541 [INFO] MainPanel:274 - HeapMemory: 268435456
2026-02-02 17:22:37,669 [INFO] DbMcusXml:78 - Set database path to: C:\ST\STM32CubeIDE_1.19.0\STM32CubeIDE\plugins\com.st.stm32cube.common.mx_6.15.0.202507011659\\db\/mcu/
2026-02-02 17:22:37,669 [INFO] ApiDb:274 - Set plugin database path to: C:\ST\STM32CubeIDE_1.19.0\STM32CubeIDE\plugins\com.st.stm32cube.common.mx_6.15.0.202507011659\\db\/plugins/boardmanager/
2026-02-02 17:22:37,669 [INFO] ApiDb:261 - Set plugin images path to: C:\ST\STM32CubeIDE_1.19.0\STM32CubeIDE\plugins\com.st.stm32cube.common.mx_6.15.0.202507011659\\db\/plugins/mcufinder/images/
2026-02-02 17:22:37,670 [WARN] DbFile:41 - Overriding database path with different value: C:\Users\LENOVO\.stmcufinder\plugins\mcufinder/ => C:\Users\LENOVO\.stmcufinder\plugins\mcufinder
2026-02-02 17:22:37,670 [INFO] ApiDb:250 - Set database path to: C:\Users\LENOVO\.stmcufinder\plugins\mcufinder//mcu/
2026-02-02 17:22:37,670 [WARN] DbFile:41 - Overriding database path with different value: C:\Users\LENOVO\.stmcufinder\plugins\mcufinder/ => C:\Users\LENOVO\.stmcufinder\plugins\mcufinder
2026-02-02 17:22:37,670 [INFO] DbMcusAds:125 - Set database path to: C:\Users\LENOVO\.stmcufinder\plugins\mcufinder//mcu/
2026-02-02 17:22:37,670 [WARN] DbFile:41 - Overriding database path with different value: C:\Users\LENOVO\.stmcufinder\plugins\mcufinder/ => C:\Users\LENOVO\.stmcufinder\plugins\mcufinder
2026-02-02 17:22:37,670 [WARN] DbFile:41 - Overriding database path with different value: C:\Users\LENOVO\.stmcufinder\plugins\mcufinder/ => C:\Users\LENOVO\.stmcufinder\plugins\mcufinder
2026-02-02 17:22:37,670 [INFO] CrossReferenceDbSqlite:203 - Set database path to: C:\Users\LENOVO\.stmcufinder\plugins\mcufinder//mcu/cs/
2026-02-02 17:22:37,688 [INFO] ApplicationProperties:184 - Using Application install path: C:\ST\STM32CubeIDE_1.19.0\STM32CubeIDE\plugins\com.st.stm32cube.common.mx_6.15.0.202507011659
2026-02-02 17:22:37,689 [INFO] PluginManage:196 - Search for loadable plugins [exclusion list=, ]
2026-02-02 17:22:37,690 [INFO] PluginManage:310 - Check plugin analytics
2026-02-02 17:22:37,944 [INFO] AnalyticsPlugin:253 - Accepted Software Licenses: 
2026-02-02 17:22:37,944 [INFO] AnalyticsPlugin:255 - Accepted CMSIS Pack Licenses: 
2026-02-02 17:22:37,945 [INFO] AnalyticsPlugin:257 - Accepted Firmware Licenses: 
2026-02-02 17:22:37,950 [INFO] PluginManage:359 - Loaded plugin analytics (category:tool,tabindex:-1)
2026-02-02 17:22:37,951 [INFO] PluginManage:310 - Check plugin cadmodel
2026-02-02 17:22:37,956 [INFO] CADModel:105 - Init CAD model plugin
2026-02-02 17:22:37,957 [INFO] PluginManage:359 - Loaded plugin cadmodel (category:power,tabindex:5)
2026-02-02 17:22:37,957 [INFO] PluginManage:310 - Check plugin clock
2026-02-02 17:22:37,969 [INFO] PluginManage:359 - Loaded plugin clock (category:base,tabindex:2)
2026-02-02 17:22:37,969 [INFO] PluginManage:310 - Check plugin ddr
2026-02-02 17:22:37,973 [INFO] PluginManage:359 - Loaded plugin ddr (category:tool,tabindex:6)
2026-02-02 17:22:37,973 [INFO] PluginManage:310 - Check plugin filemanager
2026-02-02 17:22:38,108 [INFO] PluginManage:359 - Loaded plugin filemanager (category:base,tabindex:10)
2026-02-02 17:22:38,109 [INFO] PluginManage:310 - Check plugin ipmanager
2026-02-02 17:22:38,115 [INFO] PluginManage:359 - Loaded plugin ipmanager (category:base,tabindex:5)
2026-02-02 17:22:38,115 [INFO] PluginManage:310 - Check plugin lpbam
2026-02-02 17:22:38,124 [INFO] PluginManage:359 - Loaded plugin lpbam (category:base,tabindex:0)
2026-02-02 17:22:38,124 [INFO] PluginManage:310 - Check plugin memorymap
2026-02-02 17:22:38,137 [INFO] PluginManage:359 - Loaded plugin memorymap (category:base,tabindex:4)
2026-02-02 17:22:38,137 [INFO] PluginManage:310 - Check plugin pinoutandconfiguration
2026-02-02 17:22:38,145 [INFO] PluginManage:359 - Loaded plugin pinoutandconfiguration (category:base,tabindex:1)
2026-02-02 17:22:38,145 [INFO] PluginManage:310 - Check plugin pinoutconfig
2026-02-02 17:22:38,255 [WARN] SupportedApi:132 - Cannot load RTOS API schema: s4s-elt-must-match.1: The content of 'definitions' must match (annotation?, (simpleType | complexType)?, (unique | key | keyref)*)). A problem was found starting at: attribute.
2026-02-02 17:22:38,399 [INFO] PluginManage:359 - Loaded plugin pinoutconfig (category:base,tabindex:0)
2026-02-02 17:22:38,400 [INFO] PluginManage:310 - Check plugin power
2026-02-02 17:22:38,409 [INFO] PluginManage:359 - Loaded plugin power (category:power,tabindex:4)
2026-02-02 17:22:38,409 [INFO] PluginManage:310 - Check plugin projectmanager
2026-02-02 17:22:38,442 [INFO] PluginManage:359 - Loaded plugin projectmanager (category:projectmanager,tabindex:4)
2026-02-02 17:22:38,442 [INFO] PluginManage:310 - Check plugin rif
2026-02-02 17:22:38,452 [INFO] PluginManage:359 - Loaded plugin rif (category:base,tabindex:3)
2026-02-02 17:22:38,453 [INFO] PluginManage:310 - Check plugin thirdparty
2026-02-02 17:22:38,594 [INFO] PluginManage:359 - Loaded plugin thirdparty (category:base,tabindex:-1)
2026-02-02 17:22:38,594 [WARN] IntegrityCheckThread:84 - waiting for thirdparty lock release [integrity check]
2026-02-02 17:22:38,594 [INFO] IntegrityCheckThread:86 - entering critical section [integrity check]
2026-02-02 17:22:38,595 [INFO] PluginManage:310 - Check plugin tools
2026-02-02 17:22:38,595 [INFO] ThirdPartyUpdaterWithRetryManager:70 - Updater plugin not ready yet. [1/15]
2026-02-02 17:22:38,598 [INFO] PluginManage:359 - Loaded plugin tools (category:base,tabindex:7)
2026-02-02 17:22:38,598 [INFO] PluginManage:310 - Check plugin tutovideos
2026-02-02 17:22:38,818 [INFO] PluginManage:359 - Loaded plugin tutovideos (category:base,tabindex:-1)
2026-02-02 17:22:38,818 [INFO] PluginManage:310 - Check plugin updater
2026-02-02 17:22:38,846 [INFO] PluginManage:359 - Loaded plugin updater (category:base,tabindex:12)
2026-02-02 17:22:38,846 [INFO] PluginManage:310 - Check plugin userauth
2026-02-02 17:22:38,851 [INFO] UserAuth:118 - Init User Auth plugin
2026-02-02 17:22:38,852 [INFO] PluginManage:359 - Loaded plugin userauth (category:base,tabindex:14)
2026-02-02 17:22:38,852 [INFO] PluginManage:283 - PluginManage : Loaded plugins [18]
2026-02-02 17:22:39,108 [INFO] PinOutPanel:1589 - setPackage(No Configuration,No Configuration)
2026-02-02 17:22:39,217 [INFO] CADModel:165 - CPN selected for project level
2026-02-02 17:22:39,217 [INFO] CADModel:114 - Register for checkConnection events
2026-02-02 17:22:39,244 [INFO] IPUIPlugin:80 - create IPUIPlugin
2026-02-02 17:22:39,244 [INFO] PluginManager:220 - loadIPPluginJar : add adc
2026-02-02 17:22:39,247 [INFO] IPUIPlugin:80 - create IPUIPlugin
2026-02-02 17:22:39,247 [INFO] PluginManager:220 - loadIPPluginJar : add aes
2026-02-02 17:22:39,249 [INFO] IPUIPlugin:80 - create IPUIPlugin
2026-02-02 17:22:39,249 [INFO] PluginManager:220 - loadIPPluginJar : add can
2026-02-02 17:22:39,251 [INFO] IPUIPlugin:80 - create IPUIPlugin
2026-02-02 17:22:39,251 [INFO] PluginManager:220 - loadIPPluginJar : add comp
2026-02-02 17:22:39,253 [INFO] IPUIPlugin:80 - create IPUIPlugin
2026-02-02 17:22:39,253 [INFO] PluginManager:220 - loadIPPluginJar : add cryp
2026-02-02 17:22:39,255 [INFO] IPUIPlugin:80 - create IPUIPlugin
2026-02-02 17:22:39,255 [INFO] PluginManager:220 - loadIPPluginJar : add ddr_ctrl_phy
2026-02-02 17:22:39,257 [INFO] IPUIPlugin:80 - create IPUIPlugin
2026-02-02 17:22:39,257 [INFO] PluginManager:220 - loadIPPluginJar : add dfsdm
2026-02-02 17:22:39,262 [INFO] IPUIPlugin:80 - create IPUIPlugin
2026-02-02 17:22:39,262 [INFO] PluginManager:220 - loadIPPluginJar : add dma
2026-02-02 17:22:39,265 [INFO] IPUIPlugin:80 - create IPUIPlugin
2026-02-02 17:22:39,265 [INFO] PluginManager:220 - loadIPPluginJar : add dma3
2026-02-02 17:22:39,268 [INFO] IPUIPlugin:80 - create IPUIPlugin
2026-02-02 17:22:39,268 [INFO] PluginManager:220 - loadIPPluginJar : add extmemmanager
2026-02-02 17:22:39,269 [INFO] IPUIPlugin:80 - create IPUIPlugin
2026-02-02 17:22:39,269 [INFO] PluginManager:220 - loadIPPluginJar : add fatfs
2026-02-02 17:22:39,273 [INFO] IPUIPlugin:80 - create IPUIPlugin
2026-02-02 17:22:39,273 [INFO] PluginManager:220 - loadIPPluginJar : add fmc
2026-02-02 17:22:39,279 [INFO] IPUIPlugin:80 - create IPUIPlugin
2026-02-02 17:22:39,279 [INFO] PluginManager:220 - loadIPPluginJar : add freertos
2026-02-02 17:22:39,281 [INFO] IPUIPlugin:80 - create IPUIPlugin
2026-02-02 17:22:39,281 [INFO] PluginManager:220 - loadIPPluginJar : add genericplugin
2026-02-02 17:22:39,283 [INFO] IPUIPlugin:80 - create IPUIPlugin
2026-02-02 17:22:39,283 [INFO] PluginManager:220 - loadIPPluginJar : add gfxmmu
2026-02-02 17:22:39,287 [INFO] IPUIPlugin:80 - create IPUIPlugin
2026-02-02 17:22:39,287 [INFO] PluginManager:220 - loadIPPluginJar : add gic
2026-02-02 17:22:39,290 [INFO] IPUIPlugin:80 - create IPUIPlugin
2026-02-02 17:22:39,290 [INFO] PluginManager:220 - loadIPPluginJar : add gpio
2026-02-02 17:22:39,293 [INFO] IPUIPlugin:80 - create IPUIPlugin
2026-02-02 17:22:39,294 [INFO] PluginManager:220 - loadIPPluginJar : add gtzc
2026-02-02 17:22:39,296 [INFO] IPUIPlugin:80 - create IPUIPlugin
2026-02-02 17:22:39,296 [INFO] PluginManager:220 - loadIPPluginJar : add hash
2026-02-02 17:22:39,298 [INFO] IPUIPlugin:80 - create IPUIPlugin
2026-02-02 17:22:39,298 [INFO] PluginManager:220 - loadIPPluginJar : add i2c
2026-02-02 17:22:39,301 [INFO] IPUIPlugin:80 - create IPUIPlugin
2026-02-02 17:22:39,301 [INFO] PluginManager:220 - loadIPPluginJar : add i2s
2026-02-02 17:22:39,303 [INFO] IPUIPlugin:80 - create IPUIPlugin
2026-02-02 17:22:39,304 [INFO] PluginManager:220 - loadIPPluginJar : add i3c
2026-02-02 17:22:39,307 [INFO] IPUIPlugin:80 - create IPUIPlugin
2026-02-02 17:22:39,307 [INFO] PluginManager:220 - loadIPPluginJar : add ipddr
2026-02-02 17:22:39,313 [INFO] IPUIPlugin:80 - create IPUIPlugin
2026-02-02 17:22:39,314 [INFO] PluginManager:220 - loadIPPluginJar : add linkedlist
2026-02-02 17:22:39,317 [INFO] IPUIPlugin:80 - create IPUIPlugin
2026-02-02 17:22:39,317 [INFO] PluginManager:220 - loadIPPluginJar : add lorawan
2026-02-02 17:22:39,319 [INFO] IPUIPlugin:80 - create IPUIPlugin
2026-02-02 17:22:39,319 [INFO] PluginManager:220 - loadIPPluginJar : add ltdc
2026-02-02 17:22:39,323 [INFO] IPUIPlugin:80 - create IPUIPlugin
2026-02-02 17:22:39,323 [INFO] PluginManager:220 - loadIPPluginJar : add mdma
2026-02-02 17:22:39,326 [INFO] IPUIPlugin:80 - create IPUIPlugin
2026-02-02 17:22:39,326 [INFO] PluginManager:220 - loadIPPluginJar : add nvic
2026-02-02 17:22:39,328 [INFO] IPUIPlugin:80 - create IPUIPlugin
2026-02-02 17:22:39,328 [INFO] PluginManager:220 - loadIPPluginJar : add opamp
2026-02-02 17:22:39,330 [INFO] IPUIPlugin:80 - create IPUIPlugin
2026-02-02 17:22:39,330 [INFO] PluginManager:220 - loadIPPluginJar : add openamp
2026-02-02 17:22:39,333 [INFO] IPUIPlugin:80 - create IPUIPlugin
2026-02-02 17:22:39,333 [INFO] PluginManager:220 - loadIPPluginJar : add pdm2pcm
2026-02-02 17:22:39,337 [INFO] IPUIPlugin:80 - create IPUIPlugin
2026-02-02 17:22:39,339 [INFO] PluginManager:220 - loadIPPluginJar : add plateformsettings
2026-02-02 17:22:39,341 [INFO] IPUIPlugin:80 - create IPUIPlugin
2026-02-02 17:22:39,341 [INFO] PluginManager:220 - loadIPPluginJar : add quadspi
2026-02-02 17:22:39,342 [INFO] IPUIPlugin:80 - create IPUIPlugin
2026-02-02 17:22:39,342 [INFO] PluginManager:220 - loadIPPluginJar : add radio
2026-02-02 17:22:39,345 [INFO] IPUIPlugin:80 - create IPUIPlugin
2026-02-02 17:22:39,345 [INFO] PluginManager:220 - loadIPPluginJar : add resmgrutility
2026-02-02 17:22:39,348 [INFO] IPUIPlugin:80 - create IPUIPlugin
2026-02-02 17:22:39,348 [INFO] PluginManager:220 - loadIPPluginJar : add sai
2026-02-02 17:22:39,349 [INFO] IPUIPlugin:80 - create IPUIPlugin
2026-02-02 17:22:39,350 [INFO] PluginManager:220 - loadIPPluginJar : add spi
2026-02-02 17:22:39,354 [INFO] IPUIPlugin:80 - create IPUIPlugin
2026-02-02 17:22:39,354 [INFO] PluginManager:220 - loadIPPluginJar : add stm32_wpan
2026-02-02 17:22:39,356 [INFO] IPUIPlugin:80 - create IPUIPlugin
2026-02-02 17:22:39,356 [INFO] PluginManager:220 - loadIPPluginJar : add tim
2026-02-02 17:22:39,358 [INFO] IPUIPlugin:80 - create IPUIPlugin
2026-02-02 17:22:39,358 [INFO] PluginManager:220 - loadIPPluginJar : add touchsensing
2026-02-02 17:22:39,360 [INFO] IPUIPlugin:80 - create IPUIPlugin
2026-02-02 17:22:39,360 [INFO] PluginManager:220 - loadIPPluginJar : add tracer_emb
2026-02-02 17:22:39,361 [INFO] IPUIPlugin:80 - create IPUIPlugin
2026-02-02 17:22:39,361 [INFO] PluginManager:220 - loadIPPluginJar : add ts
2026-02-02 17:22:39,362 [INFO] IPUIPlugin:80 - create IPUIPlugin
2026-02-02 17:22:39,362 [INFO] PluginManager:220 - loadIPPluginJar : add tsc
2026-02-02 17:22:39,364 [INFO] IPUIPlugin:80 - create IPUIPlugin
2026-02-02 17:22:39,364 [INFO] PluginManager:220 - loadIPPluginJar : add ucpd
2026-02-02 17:22:39,365 [INFO] IPUIPlugin:80 - create IPUIPlugin
2026-02-02 17:22:39,366 [INFO] PluginManager:220 - loadIPPluginJar : add usart
2026-02-02 17:22:39,368 [INFO] IPUIPlugin:80 - create IPUIPlugin
2026-02-02 17:22:39,368 [INFO] PluginManager:220 - loadIPPluginJar : add usbx
2026-02-02 17:22:39,484 [FATAL] Updater:351 - Updater called before beeing initialized
2026-02-02 17:22:39,657 [INFO] RulesReader:64 - Compatibility file has been processed (317 Rules)
2026-02-02 17:22:39,677 [INFO] RulesReader:64 - Compatibility file has been processed (317 Rules)
2026-02-02 17:22:39,726 [INFO] CADModel:165 - CPN selected for project level
2026-02-02 17:22:39,727 [INFO] CADModel:114 - Register for checkConnection events
2026-02-02 17:22:39,727 [FATAL] Updater:351 - Updater called before beeing initialized
2026-02-02 17:22:39,727 [ERROR] CADModel:125 - Updater not yet initialized, retry later 
2026-02-02 17:22:39,969 [FATAL] Updater:351 - Updater called before beeing initialized
2026-02-02 17:22:39,972 [INFO] CADModel:165 - CPN selected for project level
2026-02-02 17:22:39,973 [INFO] CADModel:114 - Register for checkConnection events
2026-02-02 17:22:39,973 [FATAL] Updater:351 - Updater called before beeing initialized
2026-02-02 17:22:39,973 [ERROR] CADModel:125 - Updater not yet initialized, retry later 
2026-02-02 17:22:39,977 [FATAL] Updater:351 - Updater called before beeing initialized
2026-02-02 17:22:40,125 [FATAL] Updater:351 - Updater called before beeing initialized
2026-02-02 17:22:40,131 [INFO] DbMcusAds:53 - JSON generation date=Thu Jan 08 21:27:51 IST 2026 (1767887871456)
2026-02-02 17:22:40,133 [FATAL] Updater:351 - Updater called before beeing initialized
2026-02-02 17:22:40,162 [WARN] DetailPanel:346 - Failed to get advertising image, set to default
2026-02-02 17:22:40,222 [FATAL] Updater:351 - Updater called before beeing initialized
2026-02-02 17:22:40,224 [FATAL] Updater:351 - Updater called before beeing initialized
2026-02-02 17:22:40,224 [FATAL] Updater:351 - Updater called before beeing initialized
2026-02-02 17:22:40,225 [WARN] DetailPanel:346 - Failed to get advertising image, set to default
2026-02-02 17:22:40,225 [FATAL] Updater:351 - Updater called before beeing initialized
2026-02-02 17:22:40,266 [ERROR] Updater:1198 - MainUpdater not yet initialized. External WinMGr cannot be set.
2026-02-02 17:22:40,268 [INFO] Updater:1134 - Updater Version found : 6.15.0
2026-02-02 17:22:40,282 [INFO] ApplicationProperties:184 - Using Application install path: C:\ST\STM32CubeIDE_1.19.0\STM32CubeIDE\plugins\com.st.stm32cube.common.mx_6.15.0.202507011659
2026-02-02 17:22:41,596 [INFO] ThirdPartyUpdaterWithRetryManager:70 - Updater plugin not ready yet. [2/15]
2026-02-02 17:22:41,855 [ERROR] LogOutputStream:75 - [STDERR_REDIRECT] Feb 02, 2026 5:22:41 PM java.util.prefs.WindowsPreferences <init>
2026-02-02 17:22:41,856 [ERROR] LogOutputStream:75 - [STDERR_REDIRECT] WARNING: Could not open/create prefs root node Software\JavaSoft\Prefs at root 0xffffffff80000002. Windows RegCreateKeyEx(...) returned error code 5.
2026-02-02 17:22:41,857 [ERROR] LogOutputStream:75 - [STDERR_REDIRECT] 
2026-02-02 17:22:42,327 [INFO] MainUpdater:2872 - connection check result : 10
2026-02-02 17:22:42,328 [INFO] MainUpdater:289 - Updater Check For Update Now.
2026-02-02 17:22:42,328 [INFO] MicroXplorer:498 - Change Database Version : DB.6.0.150
2026-02-02 17:22:42,357 [INFO] McuFinderGlobals:63 - Set McuFinder mode to 2 (CubeIDE integrated)
2026-02-02 17:22:42,358 [INFO] UserAuth:487 - Internet connection configuration mode: 1
2026-02-02 17:22:42,404 [INFO] JxBrowserEngine:152 - Initiate JxBrowser Engine with user profile folder
2026-02-02 17:22:42,557 [INFO] CheckServerUpdateThread:120 - End of CheckServer Thread
2026-02-02 17:22:44,815 [WARN] PackLoader:240 - Cannot read IP mode file for STMicroelectronics.FP-ATR-ASTRA1.2.0.2
2026-02-02 17:22:44,821 [WARN] PackLoader:240 - Cannot read IP mode file for STMicroelectronics.FP-SNS-FLIGHT1.5.1.0
2026-02-02 17:22:44,827 [WARN] PackLoader:240 - Cannot read IP mode file for STMicroelectronics.FP-ATR-SIGFOX1.3.2.0
2026-02-02 17:22:44,831 [INFO] ThirdParty:978 - Integrity check success = true
2026-02-02 17:22:44,831 [INFO] IntegrityCheckThread:100 - exiting critical section [integrity check]
2026-02-02 17:22:44,831 [INFO] IntegrityCheckThread:103 - End integrity checks thread
2026-02-02 17:22:45,451 [INFO] McuFinderGlobals:63 - Set McuFinder mode to 2 (CubeIDE integrated)
2026-02-02 17:22:45,455 [INFO] MainUpdater:2872 - connection check result : 10
2026-02-02 17:22:45,456 [INFO] MainUpdater:2872 - connection check result : 10
2026-02-02 17:22:45,489 [INFO] MicroXplorer:468 - Change Database Path : 
2026-02-02 17:22:45,489 [INFO] MicroXplorer:498 - Change Database Version : DB.6.0.150
2026-02-02 17:22:45,493 [WARN] ThirdParty:871 - waiting for thirdparty lock release [close project]
2026-02-02 17:22:45,493 [INFO] ThirdParty:873 - entering critical section [close project]
2026-02-02 17:22:45,493 [INFO] ThirdParty:883 - exiting critical section [close project]
2026-02-02 17:22:45,495 [INFO] PinOutPanel:1589 - setPackage(No Configuration,No Configuration)
2026-02-02 17:22:45,496 [INFO] UtilMem:75 - Begin LoadConfig() Used Memory: 164626088 Bytes (268435456)
2026-02-02 17:22:45,497 [INFO] MicroXplorer:468 - Change Database Path : 
2026-02-02 17:22:45,497 [INFO] MicroXplorer:498 - Change Database Version : DB.6.0.150
2026-02-02 17:22:45,497 [INFO] OpenFileManager:355 - Change cursor
2026-02-02 17:22:45,517 [INFO] Mcu:2029 - Initializing MCU STM32F103R(8-B)Tx STM32F103RBTx STM32F103RBT6
2026-02-02 17:22:46,606 [INFO] WebApp:169 - Instantiating new browser for Auth
2026-02-02 17:22:46,684 [INFO] Context:786 - Trying to add GPIOservice into a context  which must be forbidden
2026-02-02 17:22:46,933 [INFO] ImportTextPane:234 - (OptionalMessage_ERROR) Pin12 (VP_RIF_VS_RIF1) cannot be retrieved for this MCU
2026-02-02 17:22:47,064 [INFO] RtosManager:558 - Registered RTOS mode: class=CMSIS, group=RTOS, mode=CMSIS_V1, owner=FREERTOS
2026-02-02 17:22:47,066 [INFO] RtosManager:558 - Registered RTOS mode: class=CMSIS, group=RTOS2, mode=CMSIS_V2, owner=FREERTOS
2026-02-02 17:22:47,066 [INFO] RtosManager:558 - Registered RTOS mode: class=RTOS, group=Core, mode=CMSIS_V1, owner=FREERTOS
2026-02-02 17:22:47,066 [INFO] RtosManager:558 - Registered RTOS mode: class=RTOS, group=Core, mode=CMSIS_V2, owner=FREERTOS
2026-02-02 17:22:47,066 [WARN] ModelIntegratedComponent:184 - Missing modes for component STMicroelectronics:FreeRTOS:0.0.1:STMicroelectronics:RTOS:FreeRTOS:Core:::10.2.0:
2026-02-02 17:22:47,069 [WARN] ModelIntegratedComponent:63 - No mode defined for component null
2026-02-02 17:22:47,069 [WARN] ModelIntegratedComponent:63 - No mode defined for component null
2026-02-02 17:22:47,069 [WARN] ModelIntegratedComponent:63 - No mode defined for component null
2026-02-02 17:22:47,069 [WARN] ModelIntegratedComponent:63 - No mode defined for component null
2026-02-02 17:22:47,069 [WARN] ModelIntegratedComponent:63 - No mode defined for component null
2026-02-02 17:22:47,069 [WARN] ModelIntegratedComponent:63 - No mode defined for component null
2026-02-02 17:22:47,070 [WARN] ModelIntegratedComponent:63 - No mode defined for component null
2026-02-02 17:22:47,070 [WARN] ModelIntegratedComponent:63 - No mode defined for component null
2026-02-02 17:22:47,070 [WARN] ModelIntegratedComponent:63 - No mode defined for component null
2026-02-02 17:22:47,070 [WARN] ModelIntegratedComponent:63 - No mode defined for component null
2026-02-02 17:22:47,070 [WARN] ModelIntegratedComponent:63 - No mode defined for component null
2026-02-02 17:22:47,070 [WARN] ModelIntegratedComponent:63 - No mode defined for component null
2026-02-02 17:22:47,070 [WARN] ModelIntegratedComponent:63 - No mode defined for component null
2026-02-02 17:22:47,070 [WARN] ModelIntegratedComponent:63 - No mode defined for component null
2026-02-02 17:22:47,070 [WARN] ModelIntegratedComponent:63 - No mode defined for component null
2026-02-02 17:22:47,070 [WARN] ModelIntegratedComponent:63 - No mode defined for component null
2026-02-02 17:22:47,070 [WARN] ModelIntegratedComponent:63 - No mode defined for component null
2026-02-02 17:22:47,070 [WARN] ModelIntegratedComponent:63 - No mode defined for component null
2026-02-02 17:22:47,070 [WARN] ModelIntegratedComponent:63 - No mode defined for component null
2026-02-02 17:22:47,070 [WARN] ModelIntegratedComponent:63 - No mode defined for component null
2026-02-02 17:22:47,070 [WARN] ModelIntegratedComponent:63 - No mode defined for component null
2026-02-02 17:22:47,070 [WARN] ModelIntegratedComponent:63 - No mode defined for component null
2026-02-02 17:22:47,071 [WARN] ModelIntegratedComponent:63 - No mode defined for component null
2026-02-02 17:22:47,071 [WARN] ModelIntegratedComponent:63 - No mode defined for component null
2026-02-02 17:22:47,071 [WARN] ModelIntegratedComponent:63 - No mode defined for component null
2026-02-02 17:22:47,071 [WARN] ModelIntegratedComponent:63 - No mode defined for component null
2026-02-02 17:22:47,071 [WARN] ModelIntegratedComponent:63 - No mode defined for component null
2026-02-02 17:22:47,071 [WARN] ModelIntegratedComponent:63 - No mode defined for component null
2026-02-02 17:22:47,071 [WARN] ModelIntegratedComponent:63 - No mode defined for component null
2026-02-02 17:22:47,071 [WARN] ModelIntegratedComponent:63 - No mode defined for component null
2026-02-02 17:22:47,071 [WARN] ModelIntegratedComponent:63 - No mode defined for component null
2026-02-02 17:22:47,071 [WARN] ModelIntegratedComponent:63 - No mode defined for component null
2026-02-02 17:22:47,071 [WARN] ModelIntegratedComponent:63 - No mode defined for component null
2026-02-02 17:22:47,071 [WARN] ModelIntegratedComponent:63 - No mode defined for component null
2026-02-02 17:22:47,071 [WARN] ModelIntegratedComponent:63 - No mode defined for component null
2026-02-02 17:22:47,071 [WARN] ModelPack:524 - Component already loaded: STMicroelectronics:HAL Drivers:0.0.0:STMicroelectronics:Device:STMicro_Driver:XSPI:HAL::0.0.1:HAL_XSPI
2026-02-02 17:22:47,082 [INFO] ThirdPartyModel:298 - Start build external matchings
2026-02-02 17:22:47,084 [INFO] ThirdPartyModel:316 - End build external matchings
2026-02-02 17:22:47,089 [INFO] ImportTextPane:234 - (OptionalMessage_ERROR) IP (RCC) : Parameter (ADCFreqValue) has invalid value (32000000)
2026-02-02 17:22:47,090 [INFO] ImportTextPane:234 - (OptionalMessage_ERROR) IP (RCC) : Invalid parameter (FamilyName)
2026-02-02 17:22:47,090 [INFO] ImportTextPane:234 - (OptionalMessage_ERROR) IP (RCC) : Parameter (MCOFreq_Value) has invalid value (64000000)
2026-02-02 17:22:47,091 [INFO] ImportTextPane:234 - (OptionalMessage_ERROR) IP (RCC) : Parameter (USBFreq_Value) has invalid value (64000000)
2026-02-02 17:22:47,432 [INFO] ApiDb:581 - Connected to CubeFinder SQLite database (C:\Users\LENOVO\.stmcufinder\plugins\mcufinder\mcu\cube-finder-db.db)
2026-02-02 17:22:47,514 [INFO] ApiDb:668 - CubeFinder database Data Model version=2.1
2026-02-02 17:22:47,514 [INFO] ApiDb:669 - CubeFinder database Configuration version=3.0.39
2026-02-02 17:22:47,515 [INFO] ApiDb:670 - CubeFinder database generation date=2025-12-22 (1766407740)
2026-02-02 17:22:47,515 [INFO] ApiDb:671 - CubeFinder database FW Pack versions=[FP-ATR-ASTRA1_V2.0.0, FP-SNS-FLIGHT1_V5.1.0, FP-SNS-MOTENV1_V5.1.0, FP-SNS-MOTENVWB1_V1.4.0, FP-SNS-SMARTAG2_V1.2.0, FP-SNS-STBOX1_V2.1.0, STM32Cube_FW_C0_V1.4.0, STM32Cube_FW_F4_V1.28.3, STM32Cube_FW_F7_V1.17.4, STM32Cube_FW_G0_V1.6.2, STM32Cube_FW_G4_V1.6.1, STM32Cube_FW_H5_V1.5.1, STM32Cube_FW_H7RS_V1.3.0, STM32Cube_FW_H7_V1.12.1, STM32Cube_FW_L0_V1.12.2, STM32Cube_FW_L4_V1.18.1, STM32Cube_FW_L5_V1.6.0, STM32Cube_FW_N6_V1.3.0, STM32Cube_FW_U0_V1.3.0, STM32Cube_FW_U3_V1.2.1, STM32Cube_FW_U5_V1.8.0, STM32Cube_FW_WB0_V1.4.0, STM32Cube_FW_WBA_V1.8.0, STM32Cube_FW_WB_V1.24.0, STM32Cube_FW_WL3_V1.3.0, STM32Cube_FW_WL_V1.4.0, X-CUBE-ALGOBUILD_V1.4.0, X-CUBE-ALS_V1.0.2, X-CUBE-AZRTOS-F4_V1.1.0, X-CUBE-AZRTOS-F7_V1.1.0, X-CUBE-AZRTOS-G0_V1.1.0, X-CUBE-AZRTOS-G4_V2.0.0, X-CUBE-AZRTOS-H7RS_V1.1.0, X-CUBE-AZRTOS-H7_V3.4.0, X-CUBE-AZRTOS-L4_V2.0.0, X-CUBE-AZRTOS-L5_V2.0.0, X-CUBE-AZRTOS-WB_V2.0.0, X-CUBE-AZRTOS-WL_V2.0.0, X-CUBE-BLE1_V7.1.0, X-CUBE-BLE2_V3.3.0, X-CUBE-BLEMGR_V4.1.0, X-CUBE-EEPRMA1_V5.2.0, X-CUBE-FREERTOS_V1.3.1, X-CUBE-GNSS1_V6.0.0, X-CUBE-MEMS1_V12.0.0, X-CUBE-NFC4_V3.0.0, X-CUBE-NFC7_V2.0.0, X-CUBE-SFXS2LP1_V4.0.0, X-CUBE-ST67W61_V1.1.0, X-CUBE-SUBG2_V5.0.0, X-CUBE-TOF1_V3.4.3]
2026-02-02 17:22:47,655 [INFO] DbBoardsSqlite:226 - include board P-NUCLEO-WB55-NUCLEO as a kit item of type 'Nucleo-64'
2026-02-02 17:22:47,656 [INFO] DbBoardsSqlite:226 - include board P-NUCLEO-WB55-USBDONGLE as a kit item of type 'Nucleo USB Dongle'
2026-02-02 17:22:47,660 [INFO] DbBoardsSqlite:226 - include board STEVAL-IDP005V1 as a kit item of type 'Evaluation Board'
2026-02-02 17:22:47,661 [INFO] DbBoardsSqlite:226 - include board STEVAL-IDP005V2 as a kit item of type 'Evaluation Board'
2026-02-02 17:22:47,750 [INFO] WebApp:463 - Apply proxy settings
2026-02-02 17:22:47,750 [INFO] WebApp:548 - Chromium requires no authentication
2026-02-02 17:22:47,762 [INFO] WebApp:491 - Direct internet connection detected
2026-02-02 17:22:47,785 [INFO] WebApp:900 - Register for checkConnection events
2026-02-02 17:22:47,785 [INFO] WebApp:463 - Apply proxy settings
2026-02-02 17:22:47,785 [INFO] WebApp:548 - Chromium requires no authentication
2026-02-02 17:22:47,785 [INFO] WebApp:491 - Direct internet connection detected
2026-02-02 17:22:47,935 [INFO] WebApp:225 - Starting web application
2026-02-02 17:22:47,935 [INFO] WebApp:593 - Web application path used C:\ST\STM32CubeIDE_1.19.0\STM32CubeIDE\plugins\com.st.stm32cube.common.mx_6.15.0.202507011659\db\plugins\mcufinder\reactClient1\index.html
2026-02-02 17:22:48,008 [INFO] UserAuth:487 - Internet connection configuration mode: 1
2026-02-02 17:22:48,115 [ERROR] LogOutputStream:75 - [STDERR_REDIRECT] [Fatal Error] :1:1: Premature end of file.
2026-02-02 17:22:48,116 [ERROR] LogOutputStream:75 - [STDERR_REDIRECT] 
2026-02-02 17:22:48,159 [INFO] WebApp:191 - Connection restablished
2026-02-02 17:22:48,281 [INFO] ApiDb:240 - Found 880 in-development CPN: [B-G473E-ZEST1S, B-WB1M-WPAN1, B-WBA5M-WPAN, B-WL5M-SUBG1, NUCLEO-C031C6, NUCLEO-C051C8, NUCLEO-C071RB, NUCLEO-C092RC, NUCLEO-H503RB, NUCLEO-H533RE, NUCLEO-H563ZI, NUCLEO-H7S3L8, NUCLEO-N657X0-Q, NUCLEO-U031R8, NUCLEO-U083RC, NUCLEO-U385RG-Q, NUCLEO-U545RE-Q, NUCLEO-U5A5ZJ-Q, NUCLEO-WB05KZ, NUCLEO-WB07CC, NUCLEO-WB09KE, NUCLEO-WBA52CG, NUCLEO-WBA55CG, NUCLEO-WL33CC1, NUCLEO-WL33CC2, STEVAL-PROTEUS1, STEVAL-SMARTAG2, STEVAL-STWINBX1, STM320518-EVAL, STM32C0116-DK, STM32C011D6Y3TR, STM32C011D6Y6TR, STM32C011F4P3, STM32C011F4P6, STM32C011F4U3, STM32C011F4U6TR, STM32C011F6P3, STM32C011F6P6, STM32C011F6U3, STM32C011F6U6TR, STM32C011J4M3, STM32C011J4M6, STM32C011J6M3, STM32C011J6M6, STM32C0316-DK, STM32C031C4T3, STM32C031C4T6, STM32C031C4U3, STM32C031C4U6, STM32C031C6T3, STM32C031C6T6, STM32C031C6U3, STM32C031C6U6, STM32C031F4P3, STM32C031F4P6, STM32C031F6P3, STM32C031F6P6, STM32C031G4U3, STM32C031G4U6, STM32C031G6U3, STM32C031G6U6, STM32C031K4T3, STM32C031K4T6, STM32C031K4U3, STM32C031K4U6, STM32C031K6T3, STM32C031K6T6, STM32C031K6U3, STM32C031K6U6, STM32C051C6T6, STM32C051C6U6, STM32C051C8T6, STM32C051C8U6, STM32C051D8Y6TR, STM32C051F6P6, STM32C051F8P6, STM32C051G6U6, STM32C051G8U6, STM32C051K6T6, STM32C051K6U6, STM32C051K8T6, STM32C071C8T6, STM32C071C8T6N, STM32C071C8U6, STM32C071C8U6N, STM32C071CBT6, STM32C071CBT6N, STM32C071CBU6, STM32C071CBU6N, STM32C071F8P6, STM32C071F8P6N, STM32C071FBP6, STM32C071FBP6N, STM32C071FBY6TR, STM32C071G8U6, STM32C071G8U6N, STM32C071GBU6, STM32C071GBU6N, STM32C071K8T6, STM32C071K8T6N, STM32C071K8U6, STM32C071K8U6N, STM32C071KBT6, STM32C071KBT6N, STM32C071KBU6, STM32C071KBU6N, STM32C071R8T6, STM32C071R8T6N, STM32C071RBI6N, STM32C071RBT6, STM32C071RBT6N, STM32C091CBT6, STM32C091CBU6, STM32C091CCT6, STM32C091CCU6, STM32C091ECY6TR, STM32C091FBP6, STM32C091FCP6, STM32C091GBU6, STM32C091GCU6, STM32C091KBT6, STM32C091KBU6, STM32C091KCT6, STM32C091KCU6, STM32C091RBT6, STM32C091RCI6, STM32C091RCT6, STM32C092CBT6, STM32C092CBU6, STM32C092CCT6, STM32C092CCU6, STM32C092ECY6TR, STM32C092FBP6, STM32C092FCP6, STM32C092GBU6, STM32C092GCU6, STM32C092KBT6, STM32C092KBU6, STM32C092KCT6, STM32C092KCU6, STM32C092RBT6, STM32C092RCI6, STM32C092RCT6, STM32G071K8TXN, STM32G071K8UXN, STM32G081GBU6N, STM32G081KBT6N, STM32G081KBUXN, STM32G0B1CCT6N, STM32G0B1KCT6, STM32G0B1NEY6TR, STM32G0B1RCT6N, STM32G0C1CCT6, STM32G0C1CCT6N, STM32G0C1CCU6N, STM32G0C1CET6N, STM32G0C1CEU6N, STM32G0C1KCT6, STM32G0C1NEY6TR, STM32G0C1RCI6N, STM32G0C1RCT6N, STM32G0C1REI6N, STM32G0C1RET6N, STM32G0C1VCI6, STM32G0C1VEI6, STM32G411C6T3, STM32G411C6T6, STM32G411C6U3, STM32G411C6U6, STM32G411C8T3, STM32G411C8T6, STM32G411C8U3, STM32G411C8U6, STM32G411CBT3, STM32G411CBT6, STM32G411CBU3, STM32G411CBU6, STM32G411K6T3, STM32G411K6T6, STM32G411K6U3, STM32G411K6U6, STM32G411K8T3, STM32G411K8T6, STM32G411K8U3, STM32G411K8U6, STM32G411KBT3, STM32G411KBT6, STM32G411KBU3, STM32G411KBU6, STM32G411M6T3, STM32G411M6T6, STM32G411M8T3, STM32G411M8T6, STM32G411MBT3, STM32G411MBT6, STM32G411R6T3, STM32G411R6T6, STM32G411R8T3, STM32G411R8T6, STM32G411RBT3, STM32G411RBT6, STM32G414CBT3, STM32G414CBT6, STM32G414CBU3, STM32G414CBU6, STM32G414CCT3, STM32G414CCT6, STM32G414CCU3, STM32G414CCU6, STM32G414MBT3, STM32G414MBT6, STM32G414MCT3, STM32G414MCT6, STM32G414RBT3, STM32G414RBT6, STM32G414RCT3, STM32G414RCT6, STM32G414VBT3, STM32G414VBT6, STM32G414VCT3, STM32G414VCT6, STM32G431CBT3Z, STM32G431RBT3Z, STM32G471CCT6, STM32G471CCU6, STM32G471CET3, STM32G471CET6, STM32G471CEU3, STM32G471CEU6, STM32G471MCT6, STM32G471MET3, STM32G471MET6, STM32G471MEY6TR, STM32G471QCT6, STM32G471QET3, STM32G471RCT6, STM32G471RET3, STM32G471RET6, STM32G471VCH6, STM32G471VCI6, STM32G471VCT6, STM32G471VEH3, STM32G471VEH6, STM32G471VEI3, STM32G471VEI6, STM32G471VET3, STM32G471VET6, STM32G473QET3Z, STM32G473RET3Z, STM32G474CCT6, STM32G491RET3Z, STM32H503CBT6, STM32H503CBU6, STM32H503EBY6TR, STM32H503KBU6, STM32H503RBT6, STM32H523CCT6, STM32H523CCU6, STM32H523CET6, STM32H523CEU6, STM32H523HEY6TR, STM32H523RCT6, STM32H523RET6, STM32H523VCI6, STM32H523VCT6, STM32H523VEI6, STM32H523VET6, STM32H523ZCJ6, STM32H523ZCT6, STM32H523ZEJ6, STM32H523ZET6, STM32H533CET6, STM32H533CEU6, STM32H533HEY6TR, STM32H533RET6, STM32H533VEI6, STM32H533VET6, STM32H533ZEJ6, STM32H533ZET6, STM32H562AGI6, STM32H562AII6, STM32H562IGK6, STM32H562IGT6, STM32H562IIK6, STM32H562IIT6, STM32H562RGT6, STM32H562RGV6, STM32H562RIT6, STM32H562RIV6, STM32H562VGT6, STM32H562VIT6, STM32H562ZGT6, STM32H562ZIT6, STM32H563AGI6, STM32H563AII3Q, STM32H563AII6, STM32H563IGK6, STM32H563IGT6, STM32H563IIK3Q, STM32H563IIK6, STM32H563IIT3Q, STM32H563IIT6, STM32H563MIY3QTR, STM32H563RGT6, STM32H563RGV6, STM32H563RIT6, STM32H563RIV6, STM32H563VGT6, STM32H563VIT3Q, STM32H563VIT6, STM32H563ZGT6, STM32H563ZIT3Q, STM32H563ZIT6, STM32H573AII3Q, STM32H573AII6, STM32H573I-DK, STM32H573IIK3Q, STM32H573IIK6, STM32H573IIT3Q, STM32H573IIT6, STM32H573MIY3QTR, STM32H573RIT6, STM32H573RIV6, STM32H573VIT3Q, STM32H573VIT6, STM32H573ZIT3Q, STM32H573ZIT6, STM32H7R3A8I6, STM32H7R3I8K6, STM32H7R3I8T6, STM32H7R3L8H6, STM32H7R3L8H6H, STM32H7R3R8V6, STM32H7R3V8H6, STM32H7R3V8T6, STM32H7R3V8Y6TR, STM32H7R3Z8J6, STM32H7R3Z8T6, STM32H7R7A8I6, STM32H7R7I8K6, STM32H7R7I8T6, STM32H7R7L8H6, STM32H7R7L8H6H, STM32H7R7Z8J6, STM32H7S3A8I6, STM32H7S3I8K6, STM32H7S3I8T6, STM32H7S3L8H6, STM32H7S3L8H6H, STM32H7S3R8V6, STM32H7S3V8H6, STM32H7S3V8T6, STM32H7S3V8Y6TR, STM32H7S3Z8J6, STM32H7S3Z8T6, STM32H7S78-DK, STM32H7S7A8I6, STM32H7S7I8K6, STM32H7S7I8T6, STM32H7S7L8H6, STM32H7S7L8H6H, STM32H7S7Z8J6, STM32L4R5QGI6STR, STM32MP131AAE3, STM32MP131AAF3, STM32MP131AAG3, STM32MP131CAE3, STM32MP131CAF3, STM32MP131CAG3, STM32MP131DAE7, STM32MP131DAF7, STM32MP131DAG7, STM32MP131FAE7, STM32MP131FAF7, STM32MP131FAG7, STM32MP133AAE3, STM32MP133AAF3, STM32MP133AAG3, STM32MP133CAE3, STM32MP133CAF3, STM32MP133CAG3, STM32MP133DAE7, STM32MP133DAF7, STM32MP133DAG7, STM32MP133FAE7, STM32MP133FAF7, STM32MP133FAG7, STM32MP135AAE3, STM32MP135AAF3, STM32MP135AAG3, STM32MP135CAE3, STM32MP135CAF3, STM32MP135CAG3, STM32MP135DAE7, STM32MP135DAF7, STM32MP135DAG7, STM32MP135F-DK, STM32MP135FAE7, STM32MP135FAF7, STM32MP135FAF7T, STM32MP135FAF7U, STM32MP135FAG7, STM32MP211AAL3, STM32MP211AAM3, STM32MP211AAN3, STM32MP211AAO3, STM32MP211CAL3, STM32MP211CAM3, STM32MP211CAN3, STM32MP211CAO3, STM32MP211DAL3, STM32MP211DAM3, STM32MP211DAN3, STM32MP211DAO3, STM32MP211FAL3, STM32MP211FAM3, STM32MP211FAN3, STM32MP211FAO3, STM32MP213AAL3, STM32MP213AAM3, STM32MP213AAN3, STM32MP213AAO3, STM32MP213CAL3, STM32MP213CAM3, STM32MP213CAN3, STM32MP213CAO3, STM32MP213DAL3, STM32MP213DAM3, STM32MP213DAN3, STM32MP213DAO3, STM32MP213FAL3, STM32MP213FAM3, STM32MP213FAN3, STM32MP213FAO3, STM32MP215AAL3, STM32MP215AAM3, STM32MP215AAN3, STM32MP215AAO3, STM32MP215CAL3, STM32MP215CAM3, STM32MP215CAN3, STM32MP215CAO3, STM32MP215DAL3, STM32MP215DAM3, STM32MP215DAN3, STM32MP215DAO3, STM32MP215F-DK, STM32MP215FAL3, STM32MP215FAM3, STM32MP215FAN3, STM32MP215FAO3, STM32MP231AAJ3, STM32MP231AAK3, STM32MP231AAL3, STM32MP231CAJ3, STM32MP231CAK3, STM32MP231CAL3, STM32MP231DAJ3, STM32MP231DAK3, STM32MP231DAL3, STM32MP231FAJ3, STM32MP231FAK3, STM32MP231FAL3, STM32MP233AAJ3, STM32MP233AAK3, STM32MP233AAL3, STM32MP233CAJ3, STM32MP233CAK3, STM32MP233CAL3, STM32MP233DAJ3, STM32MP233DAK3, STM32MP233DAL3, STM32MP233FAJ3, STM32MP233FAK3, STM32MP233FAL3, STM32MP235AAJ3, STM32MP235AAK3, STM32MP235AAL3, STM32MP235CAJ3, STM32MP235CAK3, STM32MP235CAL3, STM32MP235DAJ3, STM32MP235DAK3, STM32MP235DAL3, STM32MP235FAJ3, STM32MP235FAK3, STM32MP235FAL3, STM32MP251AAI3, STM32MP251AAK3, STM32MP251AAL3, STM32MP251CAI3, STM32MP251CAK3, STM32MP251CAL3, STM32MP251DAI3, STM32MP251DAK3, STM32MP251DAL3, STM32MP251FAI3, STM32MP251FAK3, STM32MP251FAL3, STM32MP253AAI3, STM32MP253AAK3, STM32MP253AAL3, STM32MP253CAI3, STM32MP253CAK3, STM32MP253CAL3, STM32MP253DAI3, STM32MP253DAK3, STM32MP253DAL3, STM32MP253FAI3, STM32MP253FAK3, STM32MP253FAL3, STM32MP255AAI3, STM32MP255AAK3, STM32MP255AAL3, STM32MP255CAI3, STM32MP255CAK3, STM32MP255CAL3, STM32MP255DAI3, STM32MP255DAK3, STM32MP255DAL3, STM32MP255FAI3, STM32MP255FAK3, STM32MP255FAL3, STM32MP257AAI3, STM32MP257AAK3, STM32MP257AAL3, STM32MP257CAI3, STM32MP257CAK3, STM32MP257CAL3, STM32MP257DAI3, STM32MP257DAK3, STM32MP257DAL3, STM32MP257F-DK, STM32MP257F-EV1, STM32MP257FAI3, STM32MP257FAK3, STM32MP257FAL3, STM32N645A0H3Q, STM32N645B0H3Q, STM32N645I0H3Q, STM32N645L0H3Q, STM32N645X0H3Q, STM32N645Z0H3Q, STM32N647A0H3Q, STM32N647B0H3Q, STM32N647I0H3Q, STM32N647L0H3Q, STM32N647X0H3Q, STM32N647Z0H3Q, STM32N655A0H3Q, STM32N655B0H3Q, STM32N655I0H3Q, STM32N655L0H3Q, STM32N655X0H3Q, STM32N655Z0H3Q, STM32N6570-DK, STM32N657A0H3Q, STM32N657B0H3Q, STM32N657I0H3Q, STM32N657L0H3Q, STM32N657X0H3Q, STM32N657Z0H3Q, STM32U031C6T6, STM32U031C6U6, STM32U031C8T6, STM32U031C8U6, STM32U031F4P6, STM32U031F6P6, STM32U031F8P6, STM32U031G6Y6TR, STM32U031G8Y6TR, STM32U031K4U6, STM32U031K6U6, STM32U031K8U6, STM32U031R6I6, STM32U031R6T6, STM32U031R8I6, STM32U031R8T6, STM32U073C8T6, STM32U073C8U6, STM32U073CBT6, STM32U073CBU6, STM32U073CCT6, STM32U073CCU6, STM32U073H8Y6TR, STM32U073HBY6TR, STM32U073HCY6TR, STM32U073K8U6, STM32U073KBU6, STM32U073KCU6, STM32U073M8I6, STM32U073M8T6, STM32U073MBI6, STM32U073MBT6, STM32U073MCI6, STM32U073MCT6, STM32U073R8I6, STM32U073R8T6, STM32U073RBI6, STM32U073RBT6, STM32U073RCI6, STM32U073RCT6, STM32U083C-DK, STM32U083CCT6, STM32U083CCU6, STM32U083HCY6TR, STM32U083KCU6, STM32U083MCI6, STM32U083MCT6, STM32U083RCI6, STM32U083RCT6, STM32U375CET6, STM32U375CET6Q, STM32U375CEU6, STM32U375CEU6Q, STM32U375CEY6QTR, STM32U375CGT6, STM32U375CGT6Q, STM32U375CGU6, STM32U375CGU6Q, STM32U375CGY6QTR, STM32U375KEU6, STM32U375KGU6, STM32U375REI6, STM32U375REI6Q, STM32U375RET6, STM32U375RET6Q, STM32U375REY6GTR, STM32U375REY6QTR, STM32U375RGI6, STM32U375RGI6Q, STM32U375RGT6, STM32U375RGT6Q, STM32U375RGY6GTR, STM32U375RGY6QTR, STM32U375VEI6, STM32U375VEI6Q, STM32U375VET6, STM32U375VET6Q, STM32U375VGI6, STM32U375VGI6Q, STM32U375VGT6, STM32U375VGT6Q, STM32U385CGT6, STM32U385CGT6Q, STM32U385CGU6, STM32U385CGU6Q, STM32U385CGY6QTR, STM32U385KGU6, STM32U385RGI6, STM32U385RGI6Q, STM32U385RGT6, STM32U385RGT6Q, STM32U385RGY6GTR, STM32U385RGY6QTR, STM32U385VGI6, STM32U385VGI6Q, STM32U385VGT6, STM32U385VGT6Q, STM32U535CBT6, STM32U535CBT6Q, STM32U535CBU6, STM32U535CBU6Q, STM32U535CCT6, STM32U535CCT6Q, STM32U535CCU6, STM32U535CCU6Q, STM32U535CET6, STM32U535CET6Q, STM32U535CEU6, STM32U535CEU6Q, STM32U535JEY6QTR, STM32U535NCY6QTR, STM32U535NEY6QTR, STM32U535RBI6, STM32U535RBI6Q, STM32U535RBT6, STM32U535RBT6Q, STM32U535RCI6, STM32U535RCI6Q, STM32U535RCT6, STM32U535RCT6Q, STM32U535REI6, STM32U535REI6Q, STM32U535RET6, STM32U535RET6Q, STM32U535VCI6, STM32U535VCI6Q, STM32U535VCT6, STM32U535VCT6Q, STM32U535VEI6, STM32U535VEI6Q, STM32U535VET6, STM32U535VET6Q, STM32U545CET6, STM32U545CET6Q, STM32U545CEU6, STM32U545CEU6Q, STM32U545JEY6QTR, STM32U545NEY6QTR, STM32U545REI6, STM32U545REI6Q, STM32U545RET6, STM32U545RET6Q, STM32U545VEI6, STM32U545VEI6Q, STM32U545VET6, STM32U545VET6Q, STM32U595AIH6, STM32U595AIH6Q, STM32U595AJH6, STM32U595AJH6Q, STM32U595QII6, STM32U595QII6Q, STM32U595QJI6, STM32U595QJI6Q, STM32U595RIT6, STM32U595RIT6Q, STM32U595RJT6, STM32U595RJT6Q, STM32U595VIT6, STM32U595VIT6Q, STM32U595VJT6, STM32U595VJT6Q, STM32U595ZIT6, STM32U595ZIT6Q, STM32U595ZIY6QTR, STM32U595ZJT6, STM32U595ZJT6Q, STM32U595ZJY6QTR, STM32U599BJY6QTR, STM32U599NIH6Q, STM32U599NJH6Q, STM32U599VIT6Q, STM32U599VJT6, STM32U599VJT6Q, STM32U599ZIT6Q, STM32U599ZIY6QTR, STM32U599ZJT6Q, STM32U599ZJY6QTR, STM32U5A5AJH6, STM32U5A5AJH6Q, STM32U5A5QII3Q , STM32U5A5QJI6, STM32U5A5QJI6Q, STM32U5A5RJT6, STM32U5A5RJT6Q, STM32U5A5VJT6, STM32U5A5VJT6Q, STM32U5A5ZJT6, STM32U5A5ZJT6Q, STM32U5A5ZJY6QTR, STM32U5A9BJY6QTR, STM32U5A9J-DK, STM32U5A9NJH6Q, STM32U5A9VJT6Q, STM32U5A9ZJT6Q, STM32U5A9ZJY6QTR, STM32U5F7VIT6, STM32U5F7VIT6Q, STM32U5F7VJT6, STM32U5F7VJT6Q, STM32U5F9BJY6QTR, STM32U5F9NJH6Q, STM32U5F9VIT6Q, STM32U5F9VJT6Q, STM32U5F9ZIJ6QTR, STM32U5F9ZIT6Q, STM32U5F9ZJJ6QTR, STM32U5F9ZJT6Q, STM32U5G7VJT6, STM32U5G7VJT6Q, STM32U5G9BJY6QTR, STM32U5G9J-DK1, STM32U5G9J-DK2, STM32U5G9NJH6Q, STM32U5G9VJT6Q, STM32U5G9ZJJ6QTR, STM32U5G9ZJT6Q, STM32WB05KZV6TR, STM32WB05KZV7TR, STM32WB05TZF6TR, STM32WB05TZF7TR, STM32WB06CCF6TR, STM32WB06CCF7TR, STM32WB06CCV6TR, STM32WB06CCV7TR, STM32WB06KCV6TR, STM32WB06KCV7TR, STM32WB07CCF6TR, STM32WB07CCF7TR, STM32WB07CCV6TR, STM32WB07CCV7TR, STM32WB07KCV6TR, STM32WB07KCV7TR, STM32WB09KEV6TR, STM32WB09KEV7TR, STM32WB09TEF6TR, STM32WB09TEF7TR, STM32WB1MMCH6, STM32WBA50KGU6, STM32WBA50KGU6TR, STM32WBA52CEU6, STM32WBA52CEU6TR, STM32WBA52CEU7, STM32WBA52CEU7TR, STM32WBA52CGU6, STM32WBA52CGU6TR, STM32WBA52CGU6U, STM32WBA52CGU7, STM32WBA52CGU7TR, STM32WBA52KEU6, STM32WBA52KEU6TR, STM32WBA52KGU6, STM32WBA52KGU6TR, STM32WBA54CEU6, STM32WBA54CEU6TR, STM32WBA54CEU7, STM32WBA54CEU7TR, STM32WBA54CGU6, STM32WBA54CGU6TR, STM32WBA54CGU7, STM32WBA54CGU7TR, STM32WBA54KEU6, STM32WBA54KEU6TR, STM32WBA54KEU7, STM32WBA54KEU7TR, STM32WBA54KGU6, STM32WBA54KGU6TR, STM32WBA54KGU7, STM32WBA54KGU7TR, STM32WBA55CEU6, STM32WBA55CEU6TR, STM32WBA55CEU7, STM32WBA55CEU7TR, STM32WBA55CGU6, STM32WBA55CGU6TR, STM32WBA55CGU6U, STM32WBA55CGU7, STM32WBA55CGU7TR, STM32WBA55G-DK1, STM32WBA55HEF6, STM32WBA55HEF7, STM32WBA55HGF6, STM32WBA55HGF7, STM32WBA55UEI6, STM32WBA55UEI6TR, STM32WBA55UEI7, STM32WBA55UEI7TR, STM32WBA55UGI6, STM32WBA55UGI6TR, STM32WBA55UGI7, STM32WBA55UGI7TR, STM32WBA5MMGH6TR, STM32WBA62MGF6, STM32WBA62MIF6, STM32WBA65MGF7, STM32WBA65MIF6, STM32WBA65MIF7, STM32WL30K8V6, STM32WL30KBV6, STM32WL31C8V6, STM32WL31CBV6, STM32WL31K8V6, STM32WL31KBV6, STM32WL33C8V6, STM32WL33C8V6X, STM32WL33CBV6, STM32WL33CBV6X, STM32WL33CCV6, STM32WL33CCV6A, STM32WL33CCV6X, STM32WL33K8V7, STM32WL33K8V7X, STM32WL33KBV7 , STM32WL33KBV7X, STM32WL33KCV7, STM32WL33KCV7X, STM32WL5MOCH6, STM32WL5MOCH6TR]
2026-02-02 17:22:48,285 [INFO] ApiDb:668 - CubeFinder database Data Model version=2.1
2026-02-02 17:22:48,286 [INFO] ApiDb:669 - CubeFinder database Configuration version=3.0.39
2026-02-02 17:22:48,286 [INFO] ApiDb:670 - CubeFinder database generation date=2025-12-22 (1766407740)
2026-02-02 17:22:48,286 [INFO] ApiDb:671 - CubeFinder database FW Pack versions=[FP-ATR-ASTRA1_V2.0.0, FP-SNS-FLIGHT1_V5.1.0, FP-SNS-MOTENV1_V5.1.0, FP-SNS-MOTENVWB1_V1.4.0, FP-SNS-SMARTAG2_V1.2.0, FP-SNS-STBOX1_V2.1.0, STM32Cube_FW_C0_V1.4.0, STM32Cube_FW_F4_V1.28.3, STM32Cube_FW_F7_V1.17.4, STM32Cube_FW_G0_V1.6.2, STM32Cube_FW_G4_V1.6.1, STM32Cube_FW_H5_V1.5.1, STM32Cube_FW_H7RS_V1.3.0, STM32Cube_FW_H7_V1.12.1, STM32Cube_FW_L0_V1.12.2, STM32Cube_FW_L4_V1.18.1, STM32Cube_FW_L5_V1.6.0, STM32Cube_FW_N6_V1.3.0, STM32Cube_FW_U0_V1.3.0, STM32Cube_FW_U3_V1.2.1, STM32Cube_FW_U5_V1.8.0, STM32Cube_FW_WB0_V1.4.0, STM32Cube_FW_WBA_V1.8.0, STM32Cube_FW_WB_V1.24.0, STM32Cube_FW_WL3_V1.3.0, STM32Cube_FW_WL_V1.4.0, X-CUBE-ALGOBUILD_V1.4.0, X-CUBE-ALS_V1.0.2, X-CUBE-AZRTOS-F4_V1.1.0, X-CUBE-AZRTOS-F7_V1.1.0, X-CUBE-AZRTOS-G0_V1.1.0, X-CUBE-AZRTOS-G4_V2.0.0, X-CUBE-AZRTOS-H7RS_V1.1.0, X-CUBE-AZRTOS-H7_V3.4.0, X-CUBE-AZRTOS-L4_V2.0.0, X-CUBE-AZRTOS-L5_V2.0.0, X-CUBE-AZRTOS-WB_V2.0.0, X-CUBE-AZRTOS-WL_V2.0.0, X-CUBE-BLE1_V7.1.0, X-CUBE-BLE2_V3.3.0, X-CUBE-BLEMGR_V4.1.0, X-CUBE-EEPRMA1_V5.2.0, X-CUBE-FREERTOS_V1.3.1, X-CUBE-GNSS1_V6.0.0, X-CUBE-MEMS1_V12.0.0, X-CUBE-NFC4_V3.0.0, X-CUBE-NFC7_V2.0.0, X-CUBE-SFXS2LP1_V4.0.0, X-CUBE-ST67W61_V1.1.0, X-CUBE-SUBG2_V5.0.0, X-CUBE-TOF1_V3.4.3]
2026-02-02 17:22:49,117 [ERROR] LogOutputStream:75 - [STDERR_REDIRECT] [Fatal Error] :1:1: Premature end of file.
2026-02-02 17:22:49,117 [ERROR] LogOutputStream:75 - [STDERR_REDIRECT] 
2026-02-02 17:22:50,068 [ERROR] LogOutputStream:75 - [STDERR_REDIRECT] [Fatal Error] :1:1: Premature end of file.
2026-02-02 17:22:50,068 [ERROR] LogOutputStream:75 - [STDERR_REDIRECT] 
2026-02-02 17:22:50,131 [INFO] ApiDb:240 - Found 880 in-development CPN: [B-G473E-ZEST1S, B-WB1M-WPAN1, B-WBA5M-WPAN, B-WL5M-SUBG1, NUCLEO-C031C6, NUCLEO-C051C8, NUCLEO-C071RB, NUCLEO-C092RC, NUCLEO-H503RB, NUCLEO-H533RE, NUCLEO-H563ZI, NUCLEO-H7S3L8, NUCLEO-N657X0-Q, NUCLEO-U031R8, NUCLEO-U083RC, NUCLEO-U385RG-Q, NUCLEO-U545RE-Q, NUCLEO-U5A5ZJ-Q, NUCLEO-WB05KZ, NUCLEO-WB07CC, NUCLEO-WB09KE, NUCLEO-WBA52CG, NUCLEO-WBA55CG, NUCLEO-WL33CC1, NUCLEO-WL33CC2, STEVAL-PROTEUS1, STEVAL-SMARTAG2, STEVAL-STWINBX1, STM320518-EVAL, STM32C0116-DK, STM32C011D6Y3TR, STM32C011D6Y6TR, STM32C011F4P3, STM32C011F4P6, STM32C011F4U3, STM32C011F4U6TR, STM32C011F6P3, STM32C011F6P6, STM32C011F6U3, STM32C011F6U6TR, STM32C011J4M3, STM32C011J4M6, STM32C011J6M3, STM32C011J6M6, STM32C0316-DK, STM32C031C4T3, STM32C031C4T6, STM32C031C4U3, STM32C031C4U6, STM32C031C6T3, STM32C031C6T6, STM32C031C6U3, STM32C031C6U6, STM32C031F4P3, STM32C031F4P6, STM32C031F6P3, STM32C031F6P6, STM32C031G4U3, STM32C031G4U6, STM32C031G6U3, STM32C031G6U6, STM32C031K4T3, STM32C031K4T6, STM32C031K4U3, STM32C031K4U6, STM32C031K6T3, STM32C031K6T6, STM32C031K6U3, STM32C031K6U6, STM32C051C6T6, STM32C051C6U6, STM32C051C8T6, STM32C051C8U6, STM32C051D8Y6TR, STM32C051F6P6, STM32C051F8P6, STM32C051G6U6, STM32C051G8U6, STM32C051K6T6, STM32C051K6U6, STM32C051K8T6, STM32C071C8T6, STM32C071C8T6N, STM32C071C8U6, STM32C071C8U6N, STM32C071CBT6, STM32C071CBT6N, STM32C071CBU6, STM32C071CBU6N, STM32C071F8P6, STM32C071F8P6N, STM32C071FBP6, STM32C071FBP6N, STM32C071FBY6TR, STM32C071G8U6, STM32C071G8U6N, STM32C071GBU6, STM32C071GBU6N, STM32C071K8T6, STM32C071K8T6N, STM32C071K8U6, STM32C071K8U6N, STM32C071KBT6, STM32C071KBT6N, STM32C071KBU6, STM32C071KBU6N, STM32C071R8T6, STM32C071R8T6N, STM32C071RBI6N, STM32C071RBT6, STM32C071RBT6N, STM32C091CBT6, STM32C091CBU6, STM32C091CCT6, STM32C091CCU6, STM32C091ECY6TR, STM32C091FBP6, STM32C091FCP6, STM32C091GBU6, STM32C091GCU6, STM32C091KBT6, STM32C091KBU6, STM32C091KCT6, STM32C091KCU6, STM32C091RBT6, STM32C091RCI6, STM32C091RCT6, STM32C092CBT6, STM32C092CBU6, STM32C092CCT6, STM32C092CCU6, STM32C092ECY6TR, STM32C092FBP6, STM32C092FCP6, STM32C092GBU6, STM32C092GCU6, STM32C092KBT6, STM32C092KBU6, STM32C092KCT6, STM32C092KCU6, STM32C092RBT6, STM32C092RCI6, STM32C092RCT6, STM32G071K8TXN, STM32G071K8UXN, STM32G081GBU6N, STM32G081KBT6N, STM32G081KBUXN, STM32G0B1CCT6N, STM32G0B1KCT6, STM32G0B1NEY6TR, STM32G0B1RCT6N, STM32G0C1CCT6, STM32G0C1CCT6N, STM32G0C1CCU6N, STM32G0C1CET6N, STM32G0C1CEU6N, STM32G0C1KCT6, STM32G0C1NEY6TR, STM32G0C1RCI6N, STM32G0C1RCT6N, STM32G0C1REI6N, STM32G0C1RET6N, STM32G0C1VCI6, STM32G0C1VEI6, STM32G411C6T3, STM32G411C6T6, STM32G411C6U3, STM32G411C6U6, STM32G411C8T3, STM32G411C8T6, STM32G411C8U3, STM32G411C8U6, STM32G411CBT3, STM32G411CBT6, STM32G411CBU3, STM32G411CBU6, STM32G411K6T3, STM32G411K6T6, STM32G411K6U3, STM32G411K6U6, STM32G411K8T3, STM32G411K8T6, STM32G411K8U3, STM32G411K8U6, STM32G411KBT3, STM32G411KBT6, STM32G411KBU3, STM32G411KBU6, STM32G411M6T3, STM32G411M6T6, STM32G411M8T3, STM32G411M8T6, STM32G411MBT3, STM32G411MBT6, STM32G411R6T3, STM32G411R6T6, STM32G411R8T3, STM32G411R8T6, STM32G411RBT3, STM32G411RBT6, STM32G414CBT3, STM32G414CBT6, STM32G414CBU3, STM32G414CBU6, STM32G414CCT3, STM32G414CCT6, STM32G414CCU3, STM32G414CCU6, STM32G414MBT3, STM32G414MBT6, STM32G414MCT3, STM32G414MCT6, STM32G414RBT3, STM32G414RBT6, STM32G414RCT3, STM32G414RCT6, STM32G414VBT3, STM32G414VBT6, STM32G414VCT3, STM32G414VCT6, STM32G431CBT3Z, STM32G431RBT3Z, STM32G471CCT6, STM32G471CCU6, STM32G471CET3, STM32G471CET6, STM32G471CEU3, STM32G471CEU6, STM32G471MCT6, STM32G471MET3, STM32G471MET6, STM32G471MEY6TR, STM32G471QCT6, STM32G471QET3, STM32G471RCT6, STM32G471RET3, STM32G471RET6, STM32G471VCH6, STM32G471VCI6, STM32G471VCT6, STM32G471VEH3, STM32G471VEH6, STM32G471VEI3, STM32G471VEI6, STM32G471VET3, STM32G471VET6, STM32G473QET3Z, STM32G473RET3Z, STM32G474CCT6, STM32G491RET3Z, STM32H503CBT6, STM32H503CBU6, STM32H503EBY6TR, STM32H503KBU6, STM32H503RBT6, STM32H523CCT6, STM32H523CCU6, STM32H523CET6, STM32H523CEU6, STM32H523HEY6TR, STM32H523RCT6, STM32H523RET6, STM32H523VCI6, STM32H523VCT6, STM32H523VEI6, STM32H523VET6, STM32H523ZCJ6, STM32H523ZCT6, STM32H523ZEJ6, STM32H523ZET6, STM32H533CET6, STM32H533CEU6, STM32H533HEY6TR, STM32H533RET6, STM32H533VEI6, STM32H533VET6, STM32H533ZEJ6, STM32H533ZET6, STM32H562AGI6, STM32H562AII6, STM32H562IGK6, STM32H562IGT6, STM32H562IIK6, STM32H562IIT6, STM32H562RGT6, STM32H562RGV6, STM32H562RIT6, STM32H562RIV6, STM32H562VGT6, STM32H562VIT6, STM32H562ZGT6, STM32H562ZIT6, STM32H563AGI6, STM32H563AII3Q, STM32H563AII6, STM32H563IGK6, STM32H563IGT6, STM32H563IIK3Q, STM32H563IIK6, STM32H563IIT3Q, STM32H563IIT6, STM32H563MIY3QTR, STM32H563RGT6, STM32H563RGV6, STM32H563RIT6, STM32H563RIV6, STM32H563VGT6, STM32H563VIT3Q, STM32H563VIT6, STM32H563ZGT6, STM32H563ZIT3Q, STM32H563ZIT6, STM32H573AII3Q, STM32H573AII6, STM32H573I-DK, STM32H573IIK3Q, STM32H573IIK6, STM32H573IIT3Q, STM32H573IIT6, STM32H573MIY3QTR, STM32H573RIT6, STM32H573RIV6, STM32H573VIT3Q, STM32H573VIT6, STM32H573ZIT3Q, STM32H573ZIT6, STM32H7R3A8I6, STM32H7R3I8K6, STM32H7R3I8T6, STM32H7R3L8H6, STM32H7R3L8H6H, STM32H7R3R8V6, STM32H7R3V8H6, STM32H7R3V8T6, STM32H7R3V8Y6TR, STM32H7R3Z8J6, STM32H7R3Z8T6, STM32H7R7A8I6, STM32H7R7I8K6, STM32H7R7I8T6, STM32H7R7L8H6, STM32H7R7L8H6H, STM32H7R7Z8J6, STM32H7S3A8I6, STM32H7S3I8K6, STM32H7S3I8T6, STM32H7S3L8H6, STM32H7S3L8H6H, STM32H7S3R8V6, STM32H7S3V8H6, STM32H7S3V8T6, STM32H7S3V8Y6TR, STM32H7S3Z8J6, STM32H7S3Z8T6, STM32H7S78-DK, STM32H7S7A8I6, STM32H7S7I8K6, STM32H7S7I8T6, STM32H7S7L8H6, STM32H7S7L8H6H, STM32H7S7Z8J6, STM32L4R5QGI6STR, STM32MP131AAE3, STM32MP131AAF3, STM32MP131AAG3, STM32MP131CAE3, STM32MP131CAF3, STM32MP131CAG3, STM32MP131DAE7, STM32MP131DAF7, STM32MP131DAG7, STM32MP131FAE7, STM32MP131FAF7, STM32MP131FAG7, STM32MP133AAE3, STM32MP133AAF3, STM32MP133AAG3, STM32MP133CAE3, STM32MP133CAF3, STM32MP133CAG3, STM32MP133DAE7, STM32MP133DAF7, STM32MP133DAG7, STM32MP133FAE7, STM32MP133FAF7, STM32MP133FAG7, STM32MP135AAE3, STM32MP135AAF3, STM32MP135AAG3, STM32MP135CAE3, STM32MP135CAF3, STM32MP135CAG3, STM32MP135DAE7, STM32MP135DAF7, STM32MP135DAG7, STM32MP135F-DK, STM32MP135FAE7, STM32MP135FAF7, STM32MP135FAF7T, STM32MP135FAF7U, STM32MP135FAG7, STM32MP211AAL3, STM32MP211AAM3, STM32MP211AAN3, STM32MP211AAO3, STM32MP211CAL3, STM32MP211CAM3, STM32MP211CAN3, STM32MP211CAO3, STM32MP211DAL3, STM32MP211DAM3, STM32MP211DAN3, STM32MP211DAO3, STM32MP211FAL3, STM32MP211FAM3, STM32MP211FAN3, STM32MP211FAO3, STM32MP213AAL3, STM32MP213AAM3, STM32MP213AAN3, STM32MP213AAO3, STM32MP213CAL3, STM32MP213CAM3, STM32MP213CAN3, STM32MP213CAO3, STM32MP213DAL3, STM32MP213DAM3, STM32MP213DAN3, STM32MP213DAO3, STM32MP213FAL3, STM32MP213FAM3, STM32MP213FAN3, STM32MP213FAO3, STM32MP215AAL3, STM32MP215AAM3, STM32MP215AAN3, STM32MP215AAO3, STM32MP215CAL3, STM32MP215CAM3, STM32MP215CAN3, STM32MP215CAO3, STM32MP215DAL3, STM32MP215DAM3, STM32MP215DAN3, STM32MP215DAO3, STM32MP215F-DK, STM32MP215FAL3, STM32MP215FAM3, STM32MP215FAN3, STM32MP215FAO3, STM32MP231AAJ3, STM32MP231AAK3, STM32MP231AAL3, STM32MP231CAJ3, STM32MP231CAK3, STM32MP231CAL3, STM32MP231DAJ3, STM32MP231DAK3, STM32MP231DAL3, STM32MP231FAJ3, STM32MP231FAK3, STM32MP231FAL3, STM32MP233AAJ3, STM32MP233AAK3, STM32MP233AAL3, STM32MP233CAJ3, STM32MP233CAK3, STM32MP233CAL3, STM32MP233DAJ3, STM32MP233DAK3, STM32MP233DAL3, STM32MP233FAJ3, STM32MP233FAK3, STM32MP233FAL3, STM32MP235AAJ3, STM32MP235AAK3, STM32MP235AAL3, STM32MP235CAJ3, STM32MP235CAK3, STM32MP235CAL3, STM32MP235DAJ3, STM32MP235DAK3, STM32MP235DAL3, STM32MP235FAJ3, STM32MP235FAK3, STM32MP235FAL3, STM32MP251AAI3, STM32MP251AAK3, STM32MP251AAL3, STM32MP251CAI3, STM32MP251CAK3, STM32MP251CAL3, STM32MP251DAI3, STM32MP251DAK3, STM32MP251DAL3, STM32MP251FAI3, STM32MP251FAK3, STM32MP251FAL3, STM32MP253AAI3, STM32MP253AAK3, STM32MP253AAL3, STM32MP253CAI3, STM32MP253CAK3, STM32MP253CAL3, STM32MP253DAI3, STM32MP253DAK3, STM32MP253DAL3, STM32MP253FAI3, STM32MP253FAK3, STM32MP253FAL3, STM32MP255AAI3, STM32MP255AAK3, STM32MP255AAL3, STM32MP255CAI3, STM32MP255CAK3, STM32MP255CAL3, STM32MP255DAI3, STM32MP255DAK3, STM32MP255DAL3, STM32MP255FAI3, STM32MP255FAK3, STM32MP255FAL3, STM32MP257AAI3, STM32MP257AAK3, STM32MP257AAL3, STM32MP257CAI3, STM32MP257CAK3, STM32MP257CAL3, STM32MP257DAI3, STM32MP257DAK3, STM32MP257DAL3, STM32MP257F-DK, STM32MP257F-EV1, STM32MP257FAI3, STM32MP257FAK3, STM32MP257FAL3, STM32N645A0H3Q, STM32N645B0H3Q, STM32N645I0H3Q, STM32N645L0H3Q, STM32N645X0H3Q, STM32N645Z0H3Q, STM32N647A0H3Q, STM32N647B0H3Q, STM32N647I0H3Q, STM32N647L0H3Q, STM32N647X0H3Q, STM32N647Z0H3Q, STM32N655A0H3Q, STM32N655B0H3Q, STM32N655I0H3Q, STM32N655L0H3Q, STM32N655X0H3Q, STM32N655Z0H3Q, STM32N6570-DK, STM32N657A0H3Q, STM32N657B0H3Q, STM32N657I0H3Q, STM32N657L0H3Q, STM32N657X0H3Q, STM32N657Z0H3Q, STM32U031C6T6, STM32U031C6U6, STM32U031C8T6, STM32U031C8U6, STM32U031F4P6, STM32U031F6P6, STM32U031F8P6, STM32U031G6Y6TR, STM32U031G8Y6TR, STM32U031K4U6, STM32U031K6U6, STM32U031K8U6, STM32U031R6I6, STM32U031R6T6, STM32U031R8I6, STM32U031R8T6, STM32U073C8T6, STM32U073C8U6, STM32U073CBT6, STM32U073CBU6, STM32U073CCT6, STM32U073CCU6, STM32U073H8Y6TR, STM32U073HBY6TR, STM32U073HCY6TR, STM32U073K8U6, STM32U073KBU6, STM32U073KCU6, STM32U073M8I6, STM32U073M8T6, STM32U073MBI6, STM32U073MBT6, STM32U073MCI6, STM32U073MCT6, STM32U073R8I6, STM32U073R8T6, STM32U073RBI6, STM32U073RBT6, STM32U073RCI6, STM32U073RCT6, STM32U083C-DK, STM32U083CCT6, STM32U083CCU6, STM32U083HCY6TR, STM32U083KCU6, STM32U083MCI6, STM32U083MCT6, STM32U083RCI6, STM32U083RCT6, STM32U375CET6, STM32U375CET6Q, STM32U375CEU6, STM32U375CEU6Q, STM32U375CEY6QTR, STM32U375CGT6, STM32U375CGT6Q, STM32U375CGU6, STM32U375CGU6Q, STM32U375CGY6QTR, STM32U375KEU6, STM32U375KGU6, STM32U375REI6, STM32U375REI6Q, STM32U375RET6, STM32U375RET6Q, STM32U375REY6GTR, STM32U375REY6QTR, STM32U375RGI6, STM32U375RGI6Q, STM32U375RGT6, STM32U375RGT6Q, STM32U375RGY6GTR, STM32U375RGY6QTR, STM32U375VEI6, STM32U375VEI6Q, STM32U375VET6, STM32U375VET6Q, STM32U375VGI6, STM32U375VGI6Q, STM32U375VGT6, STM32U375VGT6Q, STM32U385CGT6, STM32U385CGT6Q, STM32U385CGU6, STM32U385CGU6Q, STM32U385CGY6QTR, STM32U385KGU6, STM32U385RGI6, STM32U385RGI6Q, STM32U385RGT6, STM32U385RGT6Q, STM32U385RGY6GTR, STM32U385RGY6QTR, STM32U385VGI6, STM32U385VGI6Q, STM32U385VGT6, STM32U385VGT6Q, STM32U535CBT6, STM32U535CBT6Q, STM32U535CBU6, STM32U535CBU6Q, STM32U535CCT6, STM32U535CCT6Q, STM32U535CCU6, STM32U535CCU6Q, STM32U535CET6, STM32U535CET6Q, STM32U535CEU6, STM32U535CEU6Q, STM32U535JEY6QTR, STM32U535NCY6QTR, STM32U535NEY6QTR, STM32U535RBI6, STM32U535RBI6Q, STM32U535RBT6, STM32U535RBT6Q, STM32U535RCI6, STM32U535RCI6Q, STM32U535RCT6, STM32U535RCT6Q, STM32U535REI6, STM32U535REI6Q, STM32U535RET6, STM32U535RET6Q, STM32U535VCI6, STM32U535VCI6Q, STM32U535VCT6, STM32U535VCT6Q, STM32U535VEI6, STM32U535VEI6Q, STM32U535VET6, STM32U535VET6Q, STM32U545CET6, STM32U545CET6Q, STM32U545CEU6, STM32U545CEU6Q, STM32U545JEY6QTR, STM32U545NEY6QTR, STM32U545REI6, STM32U545REI6Q, STM32U545RET6, STM32U545RET6Q, STM32U545VEI6, STM32U545VEI6Q, STM32U545VET6, STM32U545VET6Q, STM32U595AIH6, STM32U595AIH6Q, STM32U595AJH6, STM32U595AJH6Q, STM32U595QII6, STM32U595QII6Q, STM32U595QJI6, STM32U595QJI6Q, STM32U595RIT6, STM32U595RIT6Q, STM32U595RJT6, STM32U595RJT6Q, STM32U595VIT6, STM32U595VIT6Q, STM32U595VJT6, STM32U595VJT6Q, STM32U595ZIT6, STM32U595ZIT6Q, STM32U595ZIY6QTR, STM32U595ZJT6, STM32U595ZJT6Q, STM32U595ZJY6QTR, STM32U599BJY6QTR, STM32U599NIH6Q, STM32U599NJH6Q, STM32U599VIT6Q, STM32U599VJT6, STM32U599VJT6Q, STM32U599ZIT6Q, STM32U599ZIY6QTR, STM32U599ZJT6Q, STM32U599ZJY6QTR, STM32U5A5AJH6, STM32U5A5AJH6Q, STM32U5A5QII3Q , STM32U5A5QJI6, STM32U5A5QJI6Q, STM32U5A5RJT6, STM32U5A5RJT6Q, STM32U5A5VJT6, STM32U5A5VJT6Q, STM32U5A5ZJT6, STM32U5A5ZJT6Q, STM32U5A5ZJY6QTR, STM32U5A9BJY6QTR, STM32U5A9J-DK, STM32U5A9NJH6Q, STM32U5A9VJT6Q, STM32U5A9ZJT6Q, STM32U5A9ZJY6QTR, STM32U5F7VIT6, STM32U5F7VIT6Q, STM32U5F7VJT6, STM32U5F7VJT6Q, STM32U5F9BJY6QTR, STM32U5F9NJH6Q, STM32U5F9VIT6Q, STM32U5F9VJT6Q, STM32U5F9ZIJ6QTR, STM32U5F9ZIT6Q, STM32U5F9ZJJ6QTR, STM32U5F9ZJT6Q, STM32U5G7VJT6, STM32U5G7VJT6Q, STM32U5G9BJY6QTR, STM32U5G9J-DK1, STM32U5G9J-DK2, STM32U5G9NJH6Q, STM32U5G9VJT6Q, STM32U5G9ZJJ6QTR, STM32U5G9ZJT6Q, STM32WB05KZV6TR, STM32WB05KZV7TR, STM32WB05TZF6TR, STM32WB05TZF7TR, STM32WB06CCF6TR, STM32WB06CCF7TR, STM32WB06CCV6TR, STM32WB06CCV7TR, STM32WB06KCV6TR, STM32WB06KCV7TR, STM32WB07CCF6TR, STM32WB07CCF7TR, STM32WB07CCV6TR, STM32WB07CCV7TR, STM32WB07KCV6TR, STM32WB07KCV7TR, STM32WB09KEV6TR, STM32WB09KEV7TR, STM32WB09TEF6TR, STM32WB09TEF7TR, STM32WB1MMCH6, STM32WBA50KGU6, STM32WBA50KGU6TR, STM32WBA52CEU6, STM32WBA52CEU6TR, STM32WBA52CEU7, STM32WBA52CEU7TR, STM32WBA52CGU6, STM32WBA52CGU6TR, STM32WBA52CGU6U, STM32WBA52CGU7, STM32WBA52CGU7TR, STM32WBA52KEU6, STM32WBA52KEU6TR, STM32WBA52KGU6, STM32WBA52KGU6TR, STM32WBA54CEU6, STM32WBA54CEU6TR, STM32WBA54CEU7, STM32WBA54CEU7TR, STM32WBA54CGU6, STM32WBA54CGU6TR, STM32WBA54CGU7, STM32WBA54CGU7TR, STM32WBA54KEU6, STM32WBA54KEU6TR, STM32WBA54KEU7, STM32WBA54KEU7TR, STM32WBA54KGU6, STM32WBA54KGU6TR, STM32WBA54KGU7, STM32WBA54KGU7TR, STM32WBA55CEU6, STM32WBA55CEU6TR, STM32WBA55CEU7, STM32WBA55CEU7TR, STM32WBA55CGU6, STM32WBA55CGU6TR, STM32WBA55CGU6U, STM32WBA55CGU7, STM32WBA55CGU7TR, STM32WBA55G-DK1, STM32WBA55HEF6, STM32WBA55HEF7, STM32WBA55HGF6, STM32WBA55HGF7, STM32WBA55UEI6, STM32WBA55UEI6TR, STM32WBA55UEI7, STM32WBA55UEI7TR, STM32WBA55UGI6, STM32WBA55UGI6TR, STM32WBA55UGI7, STM32WBA55UGI7TR, STM32WBA5MMGH6TR, STM32WBA62MGF6, STM32WBA62MIF6, STM32WBA65MGF7, STM32WBA65MIF6, STM32WBA65MIF7, STM32WL30K8V6, STM32WL30KBV6, STM32WL31C8V6, STM32WL31CBV6, STM32WL31K8V6, STM32WL31KBV6, STM32WL33C8V6, STM32WL33C8V6X, STM32WL33CBV6, STM32WL33CBV6X, STM32WL33CCV6, STM32WL33CCV6A, STM32WL33CCV6X, STM32WL33K8V7, STM32WL33K8V7X, STM32WL33KBV7 , STM32WL33KBV7X, STM32WL33KCV7, STM32WL33KCV7X, STM32WL5MOCH6, STM32WL5MOCH6TR]
2026-02-02 17:22:50,138 [INFO] DbMcus:218 - Found 4876 MCUs, 4876 are supported
2026-02-02 17:22:50,139 [INFO] ApiDb:423 - Load user favorites file C:\Users\LENOVO/.stm32cubeide/favorites.mcus.txt: 0 item(s)
2026-02-02 17:22:50,139 [INFO] ApiDb:427 - User favorites MCUs=[]
2026-02-02 17:22:50,139 [INFO] DbMcus:224 - Set 0 / 0 favorites MCUs
2026-02-02 17:22:50,756 [INFO] BoardInfo:889 - No configuration file found for board P-NUCLEO-WB55
2026-02-02 17:22:50,759 [INFO] DbBoards:161 - Kit is not supported: P-NUCLEO-WB55
2026-02-02 17:22:50,774 [INFO] BoardInfo:889 - No configuration file found for board STEVAL-BFA001V1B
2026-02-02 17:22:50,776 [INFO] DbBoards:161 - Kit is not supported: STEVAL-BFA001V1B
2026-02-02 17:22:50,777 [INFO] BoardInfo:889 - No configuration file found for board STEVAL-BFA001V2B
2026-02-02 17:22:50,778 [INFO] DbBoards:161 - Kit is not supported: STEVAL-BFA001V2B
2026-02-02 17:22:51,006 [INFO] DbBoards:168 - Found 212 boards, 209 are supported
2026-02-02 17:22:51,006 [INFO] DbBoards:169 - Found 212 boards, 43 of them is supported for  Bsp
2026-02-02 17:22:51,013 [INFO] ApiDb:423 - Load user favorites file C:\Users\LENOVO/.stm32cubeide/favorites.boards.txt: 0 item(s)
2026-02-02 17:22:51,013 [INFO] ApiDb:427 - User favorites Boards=[]
2026-02-02 17:22:51,013 [INFO] DbBoards:198 - Set 0 / 0 favorites Boards
2026-02-02 17:22:51,067 [ERROR] LogOutputStream:75 - [STDERR_REDIRECT] [Fatal Error] :1:1: Premature end of file.
2026-02-02 17:22:51,068 [ERROR] LogOutputStream:75 - [STDERR_REDIRECT] 
2026-02-02 17:22:51,073 [INFO] UtilMem:75 - End LoadConfig() Used Memory: 180428648 Bytes (297795584)
2026-02-02 17:22:51,185 [WARN] ThirdParty:833 - waiting for thirdparty lock release [change project]
2026-02-02 17:22:51,186 [INFO] ThirdParty:835 - entering critical section [change project]
2026-02-02 17:22:51,186 [INFO] ThirdParty:1030 - CMSIS Pack Vendor :STMicroelectronics USBPD 4.1
2026-02-02 17:22:51,186 [INFO] ThirdParty:1030 - CMSIS Pack Vendor :STMicroelectronics ThreadX 1.0.0
2026-02-02 17:22:51,186 [INFO] ThirdParty:1030 - CMSIS Pack Vendor :STMicroelectronics FP-SNS-FLIGHT1 5.1.0
2026-02-02 17:22:51,186 [INFO] ThirdParty:1030 - CMSIS Pack Vendor :STMicroelectronics USB_HOST 2.0.0
2026-02-02 17:22:51,186 [INFO] ThirdParty:1030 - CMSIS Pack Vendor :STMicroelectronics LIBJPEG 8.0.0
2026-02-02 17:22:51,186 [INFO] ThirdParty:1030 - CMSIS Pack Vendor :STMicroelectronics FP-ATR-ASTRA1 2.0.2
2026-02-02 17:22:51,186 [INFO] ThirdParty:1030 - CMSIS Pack Vendor :STMicroelectronics FP-ATR-SIGFOX1 3.2.0
2026-02-02 17:22:51,186 [INFO] ThirdParty:1030 - CMSIS Pack Vendor :STMicroelectronics FreeRTOS 0.0.1
2026-02-02 17:22:51,186 [INFO] ThirdParty:1030 - CMSIS Pack Vendor :STMicroelectronics USB_DEVICE 1.0.0
2026-02-02 17:22:51,186 [INFO] ThirdParty:1030 - CMSIS Pack Vendor :STMicroelectronics STM32_WPAN 1.0.0
2026-02-02 17:22:51,186 [INFO] ThirdParty:1030 - CMSIS Pack Vendor :STMicroelectronics USB_DEVICE 3.0.0
2026-02-02 17:22:51,186 [INFO] ThirdParty:1030 - CMSIS Pack Vendor :STMicroelectronics HAL Drivers 0.0.0
2026-02-02 17:22:51,186 [INFO] ThirdParty:1030 - CMSIS Pack Vendor :STMicroelectronics MBEDTLS 2.16.2
2026-02-02 17:22:51,186 [INFO] ThirdParty:1030 - CMSIS Pack Vendor :STMicroelectronics ThreadX 0.0.2
2026-02-02 17:22:51,186 [INFO] ThirdParty:1030 - CMSIS Pack Vendor :STMicroelectronics lwIP 2.0.3
2026-02-02 17:22:51,186 [INFO] ThirdParty:1030 - CMSIS Pack Vendor :STMicroelectronics lwIP 2.1.2
2026-02-02 17:22:51,186 [INFO] ThirdParty:1030 - CMSIS Pack Vendor :STMicroelectronics MBEDTLS 2.14.1
2026-02-02 17:22:51,186 [INFO] ThirdParty:1030 - CMSIS Pack Vendor :STMicroelectronics USB_HOST 1.0.0
2026-02-02 17:22:51,186 [INFO] ThirdParty:1030 - CMSIS Pack Vendor :STMicroelectronics PDM2PCM 3.1.0
2026-02-02 17:22:51,186 [INFO] ThirdParty:1030 - CMSIS Pack Vendor :STMicroelectronics PDM2PCM 3.2.0
2026-02-02 17:22:51,186 [INFO] ThirdParty:1030 - CMSIS Pack Vendor :STMicroelectronics USB_DEVICE 2.0.0
2026-02-02 17:22:51,186 [INFO] ThirdParty:1030 - CMSIS Pack Vendor :STMicroelectronics PDM2PCM 3.3.0
2026-02-02 17:22:51,186 [INFO] ThirdParty:841 - exiting critical section [change project]
2026-02-02 17:22:51,427 [INFO] PinOutPanel:1589 - setPackage(No Configuration,No Configuration)
2026-02-02 17:22:51,428 [INFO] PinOutPanel:1589 - setPackage(STM32F103RBTx,LQFP64)
2026-02-02 17:22:51,759 [INFO] UtilMem:75 - Before build in PCC Used Memory: 179090960 Bytes (297795584)
2026-02-02 17:22:52,077 [ERROR] LogOutputStream:75 - [STDERR_REDIRECT] [Fatal Error] :1:1: Premature end of file.
2026-02-02 17:22:52,078 [ERROR] LogOutputStream:75 - [STDERR_REDIRECT] 
2026-02-02 17:22:52,654 [INFO] UtilMem:75 - After build in PCC Used Memory: 238865952 Bytes (297795584)
2026-02-02 17:22:52,716 [INFO] IPUIPlugin:80 - create IPUIPlugin
2026-02-02 17:22:52,717 [INFO] IPUIPlugin:80 - create IPUIPlugin
2026-02-02 17:22:52,717 [INFO] IPUIPlugin:80 - create IPUIPlugin
2026-02-02 17:22:52,717 [INFO] IPUIPlugin:80 - create IPUIPlugin
2026-02-02 17:22:52,718 [INFO] IPUIPlugin:80 - create IPUIPlugin
2026-02-02 17:22:52,718 [INFO] IPUIPlugin:80 - create IPUIPlugin
2026-02-02 17:22:52,718 [INFO] IPUIPlugin:80 - create IPUIPlugin
2026-02-02 17:22:52,718 [INFO] IPUIPlugin:80 - create IPUIPlugin
2026-02-02 17:22:52,718 [INFO] IPUIPlugin:80 - create IPUIPlugin
2026-02-02 17:22:52,719 [INFO] IPUIPlugin:80 - create IPUIPlugin
2026-02-02 17:22:52,719 [INFO] IPUIPlugin:80 - create IPUIPlugin
2026-02-02 17:22:52,719 [INFO] IPUIPlugin:80 - create IPUIPlugin
2026-02-02 17:22:52,720 [INFO] IPUIPlugin:80 - create IPUIPlugin
2026-02-02 17:22:52,720 [INFO] IPUIPlugin:80 - create IPUIPlugin
2026-02-02 17:22:52,720 [INFO] IPUIPlugin:80 - create IPUIPlugin
2026-02-02 17:22:52,721 [INFO] IPUIPlugin:80 - create IPUIPlugin
2026-02-02 17:22:52,721 [INFO] IPUIPlugin:80 - create IPUIPlugin
2026-02-02 17:22:52,721 [INFO] IPUIPlugin:80 - create IPUIPlugin
2026-02-02 17:22:52,722 [INFO] IPUIPlugin:80 - create IPUIPlugin
2026-02-02 17:22:52,722 [INFO] IPUIPlugin:80 - create IPUIPlugin
2026-02-02 17:22:52,722 [INFO] IPUIPlugin:80 - create IPUIPlugin
2026-02-02 17:22:52,723 [INFO] IPUIPlugin:80 - create IPUIPlugin
2026-02-02 17:22:52,723 [INFO] IPUIPlugin:80 - create IPUIPlugin
2026-02-02 17:22:52,724 [INFO] IPUIPlugin:80 - create IPUIPlugin
2026-02-02 17:22:52,724 [INFO] IPUIPlugin:80 - create IPUIPlugin
2026-02-02 17:22:52,724 [INFO] IPUIPlugin:80 - create IPUIPlugin
2026-02-02 17:22:52,725 [INFO] IPUIPlugin:80 - create IPUIPlugin
2026-02-02 17:22:53,083 [ERROR] LogOutputStream:75 - [STDERR_REDIRECT] [Fatal Error] :1:1: Premature end of file.
2026-02-02 17:22:53,083 [ERROR] LogOutputStream:75 - [STDERR_REDIRECT] 
2026-02-02 17:22:53,123 [INFO] CADModel:165 - CPN selected for project levelSTM32F103RBT6
2026-02-02 17:22:53,124 [INFO] CADModel:114 - Register for checkConnection events
2026-02-02 17:22:53,175 [INFO] OpenFileManager:386 - Restore cursor
2026-02-02 17:22:54,178 [ERROR] LogOutputStream:75 - [STDERR_REDIRECT] [Fatal Error] :1:1: Premature end of file.
2026-02-02 17:22:54,179 [ERROR] LogOutputStream:75 - [STDERR_REDIRECT] 
2026-02-02 17:22:55,098 [ERROR] LogOutputStream:75 - [STDERR_REDIRECT] [Fatal Error] :1:1: Premature end of file.
2026-02-02 17:22:55,099 [ERROR] LogOutputStream:75 - [STDERR_REDIRECT] 
2026-02-02 17:22:56,107 [ERROR] LogOutputStream:75 - [STDERR_REDIRECT] [Fatal Error] :1:1: Premature end of file.
2026-02-02 17:22:56,107 [ERROR] LogOutputStream:75 - [STDERR_REDIRECT] 
2026-02-02 17:22:57,098 [ERROR] LogOutputStream:75 - [STDERR_REDIRECT] [Fatal Error] :1:1: Premature end of file.
2026-02-02 17:22:57,098 [ERROR] LogOutputStream:75 - [STDERR_REDIRECT] 
2026-02-02 17:22:58,095 [ERROR] LogOutputStream:75 - [STDERR_REDIRECT] [Fatal Error] :1:1: Premature end of file.
2026-02-02 17:22:58,095 [ERROR] LogOutputStream:75 - [STDERR_REDIRECT] 
2026-02-02 17:22:59,111 [ERROR] LogOutputStream:75 - [STDERR_REDIRECT] [Fatal Error] :1:1: Premature end of file.
2026-02-02 17:22:59,111 [ERROR] LogOutputStream:75 - [STDERR_REDIRECT] 
2026-02-02 17:23:00,106 [ERROR] LogOutputStream:75 - [STDERR_REDIRECT] [Fatal Error] :1:1: Premature end of file.
2026-02-02 17:23:00,106 [ERROR] LogOutputStream:75 - [STDERR_REDIRECT] 
2026-02-02 17:23:01,105 [ERROR] LogOutputStream:75 - [STDERR_REDIRECT] [Fatal Error] :1:1: Premature end of file.
2026-02-02 17:23:01,105 [ERROR] LogOutputStream:75 - [STDERR_REDIRECT] 
2026-02-02 17:23:02,094 [ERROR] LogOutputStream:75 - [STDERR_REDIRECT] [Fatal Error] :1:1: Premature end of file.
2026-02-02 17:23:02,094 [ERROR] LogOutputStream:75 - [STDERR_REDIRECT] 
2026-02-02 17:23:03,088 [ERROR] LogOutputStream:75 - [STDERR_REDIRECT] [Fatal Error] :1:1: Premature end of file.
2026-02-02 17:23:03,088 [ERROR] LogOutputStream:75 - [STDERR_REDIRECT] 
2026-02-02 17:23:04,105 [ERROR] LogOutputStream:75 - [STDERR_REDIRECT] [Fatal Error] :1:1: Premature end of file.
2026-02-02 17:23:04,105 [ERROR] LogOutputStream:75 - [STDERR_REDIRECT] 
2026-02-02 17:23:05,106 [ERROR] LogOutputStream:75 - [STDERR_REDIRECT] [Fatal Error] :1:1: Premature end of file.
2026-02-02 17:23:05,106 [ERROR] LogOutputStream:75 - [STDERR_REDIRECT] 
2026-02-02 17:23:06,072 [ERROR] LogOutputStream:75 - [STDERR_REDIRECT] [Fatal Error] :1:1: Premature end of file.
2026-02-02 17:23:06,072 [ERROR] LogOutputStream:75 - [STDERR_REDIRECT] 
2026-02-02 17:23:07,095 [ERROR] LogOutputStream:75 - [STDERR_REDIRECT] [Fatal Error] :1:1: Premature end of file.
2026-02-02 17:23:07,095 [ERROR] LogOutputStream:75 - [STDERR_REDIRECT] 
2026-02-02 17:23:08,104 [ERROR] LogOutputStream:75 - [STDERR_REDIRECT] [Fatal Error] :1:1: Premature end of file.
2026-02-02 17:23:08,104 [ERROR] LogOutputStream:75 - [STDERR_REDIRECT] 
2026-02-02 17:23:09,108 [ERROR] LogOutputStream:75 - [STDERR_REDIRECT] [Fatal Error] :1:1: Premature end of file.
2026-02-02 17:23:09,108 [ERROR] LogOutputStream:75 - [STDERR_REDIRECT] 
2026-02-02 17:23:10,067 [ERROR] LogOutputStream:75 - [STDERR_REDIRECT] [Fatal Error] :1:1: Premature end of file.
2026-02-02 17:23:10,067 [ERROR] LogOutputStream:75 - [STDERR_REDIRECT] 
2026-02-02 17:23:11,107 [ERROR] LogOutputStream:75 - [STDERR_REDIRECT] [Fatal Error] :1:1: Premature end of file.
2026-02-02 17:23:11,108 [ERROR] LogOutputStream:75 - [STDERR_REDIRECT] 
2026-02-02 17:23:12,179 [ERROR] LogOutputStream:75 - [STDERR_REDIRECT] [Fatal Error] :1:1: Premature end of file.
2026-02-02 17:23:12,179 [ERROR] LogOutputStream:75 - [STDERR_REDIRECT] 
2026-02-02 17:23:13,149 [ERROR] LogOutputStream:75 - [STDERR_REDIRECT] [Fatal Error] :1:1: Premature end of file.
2026-02-02 17:23:13,149 [ERROR] LogOutputStream:75 - [STDERR_REDIRECT] 
2026-02-02 17:23:14,102 [ERROR] LogOutputStream:75 - [STDERR_REDIRECT] [Fatal Error] :1:1: Premature end of file.
2026-02-02 17:23:14,102 [ERROR] LogOutputStream:75 - [STDERR_REDIRECT] 
2026-02-02 17:23:15,113 [ERROR] LogOutputStream:75 - [STDERR_REDIRECT] [Fatal Error] :1:1: Premature end of file.
2026-02-02 17:23:15,113 [ERROR] LogOutputStream:75 - [STDERR_REDIRECT] 
2026-02-02 17:23:16,082 [ERROR] LogOutputStream:75 - [STDERR_REDIRECT] [Fatal Error] :1:1: Premature end of file.
2026-02-02 17:23:16,082 [ERROR] LogOutputStream:75 - [STDERR_REDIRECT] 
2026-02-02 17:23:17,073 [ERROR] LogOutputStream:75 - [STDERR_REDIRECT] [Fatal Error] :1:1: Premature end of file.
2026-02-02 17:23:17,073 [ERROR] LogOutputStream:75 - [STDERR_REDIRECT] 
2026-02-02 17:23:18,066 [ERROR] LogOutputStream:75 - [STDERR_REDIRECT] [Fatal Error] :1:1: Premature end of file.
2026-02-02 17:23:18,066 [ERROR] LogOutputStream:75 - [STDERR_REDIRECT] 
2026-02-02 17:23:19,074 [ERROR] LogOutputStream:75 - [STDERR_REDIRECT] [Fatal Error] :1:1: Premature end of file.
2026-02-02 17:23:19,074 [ERROR] LogOutputStream:75 - [STDERR_REDIRECT] 
2026-02-02 17:23:20,095 [ERROR] LogOutputStream:75 - [STDERR_REDIRECT] [Fatal Error] :1:1: Premature end of file.
2026-02-02 17:23:20,096 [ERROR] LogOutputStream:75 - [STDERR_REDIRECT] 
2026-02-02 17:23:21,099 [ERROR] LogOutputStream:75 - [STDERR_REDIRECT] [Fatal Error] :1:1: Premature end of file.
2026-02-02 17:23:21,099 [ERROR] LogOutputStream:75 - [STDERR_REDIRECT] 
2026-02-02 17:23:22,136 [ERROR] LogOutputStream:75 - [STDERR_REDIRECT] [Fatal Error] :1:1: Premature end of file.
2026-02-02 17:23:22,138 [ERROR] LogOutputStream:75 - [STDERR_REDIRECT] 
2026-02-02 17:23:23,238 [ERROR] LogOutputStream:75 - [STDERR_REDIRECT] [Fatal Error] :1:1: Premature end of file.
2026-02-02 17:23:23,239 [ERROR] LogOutputStream:75 - [STDERR_REDIRECT] 
2026-02-02 17:23:24,090 [ERROR] LogOutputStream:75 - [STDERR_REDIRECT] [Fatal Error] :1:1: Premature end of file.
2026-02-02 17:23:24,091 [ERROR] LogOutputStream:75 - [STDERR_REDIRECT] 
2026-02-02 17:23:25,200 [ERROR] LogOutputStream:75 - [STDERR_REDIRECT] [Fatal Error] :1:1: Premature end of file.
2026-02-02 17:23:25,200 [ERROR] LogOutputStream:75 - [STDERR_REDIRECT] 
2026-02-02 17:23:26,090 [ERROR] LogOutputStream:75 - [STDERR_REDIRECT] [Fatal Error] :1:1: Premature end of file.
2026-02-02 17:23:26,090 [ERROR] LogOutputStream:75 - [STDERR_REDIRECT] 
2026-02-02 17:23:27,096 [ERROR] LogOutputStream:75 - [STDERR_REDIRECT] [Fatal Error] :1:1: Premature end of file.
2026-02-02 17:23:27,096 [ERROR] LogOutputStream:75 - [STDERR_REDIRECT] 
2026-02-02 17:23:28,103 [ERROR] LogOutputStream:75 - [STDERR_REDIRECT] [Fatal Error] :1:1: Premature end of file.
2026-02-02 17:23:28,103 [ERROR] LogOutputStream:75 - [STDERR_REDIRECT] 
2026-02-02 17:23:29,097 [ERROR] LogOutputStream:75 - [STDERR_REDIRECT] [Fatal Error] :1:1: Premature end of file.
2026-02-02 17:23:29,097 [ERROR] LogOutputStream:75 - [STDERR_REDIRECT] 
2026-02-02 17:23:30,090 [ERROR] LogOutputStream:75 - [STDERR_REDIRECT] [Fatal Error] :1:1: Premature end of file.
2026-02-02 17:23:30,090 [ERROR] LogOutputStream:75 - [STDERR_REDIRECT] 
2026-02-02 17:23:31,106 [ERROR] LogOutputStream:75 - [STDERR_REDIRECT] [Fatal Error] :1:1: Premature end of file.
2026-02-02 17:23:31,106 [ERROR] LogOutputStream:75 - [STDERR_REDIRECT] 
2026-02-02 17:23:32,073 [ERROR] LogOutputStream:75 - [STDERR_REDIRECT] [Fatal Error] :1:1: Premature end of file.
2026-02-02 17:23:32,073 [ERROR] LogOutputStream:75 - [STDERR_REDIRECT] 
2026-02-02 17:23:33,095 [ERROR] LogOutputStream:75 - [STDERR_REDIRECT] [Fatal Error] :1:1: Premature end of file.
2026-02-02 17:23:33,096 [ERROR] LogOutputStream:75 - [STDERR_REDIRECT] 
2026-02-02 17:23:34,073 [ERROR] LogOutputStream:75 - [STDERR_REDIRECT] [Fatal Error] :1:1: Premature end of file.
2026-02-02 17:23:34,073 [ERROR] LogOutputStream:75 - [STDERR_REDIRECT] 
2026-02-02 17:23:35,126 [ERROR] LogOutputStream:75 - [STDERR_REDIRECT] [Fatal Error] :1:1: Premature end of file.
2026-02-02 17:23:35,127 [ERROR] LogOutputStream:75 - [STDERR_REDIRECT] 
2026-02-02 17:23:36,100 [ERROR] LogOutputStream:75 - [STDERR_REDIRECT] [Fatal Error] :1:1: Premature end of file.
2026-02-02 17:23:36,100 [ERROR] LogOutputStream:75 - [STDERR_REDIRECT] 
2026-02-02 17:23:37,085 [ERROR] LogOutputStream:75 - [STDERR_REDIRECT] [Fatal Error] :1:1: Premature end of file.
2026-02-02 17:23:37,085 [ERROR] LogOutputStream:75 - [STDERR_REDIRECT] 
2026-02-02 17:23:38,099 [ERROR] LogOutputStream:75 - [STDERR_REDIRECT] [Fatal Error] :1:1: Premature end of file.
2026-02-02 17:23:38,100 [ERROR] LogOutputStream:75 - [STDERR_REDIRECT] 
2026-02-02 17:23:39,086 [ERROR] LogOutputStream:75 - [STDERR_REDIRECT] [Fatal Error] :1:1: Premature end of file.
2026-02-02 17:23:39,087 [ERROR] LogOutputStream:75 - [STDERR_REDIRECT] 
2026-02-02 17:23:40,089 [ERROR] LogOutputStream:75 - [STDERR_REDIRECT] [Fatal Error] :1:1: Premature end of file.
2026-02-02 17:23:40,089 [ERROR] LogOutputStream:75 - [STDERR_REDIRECT] 
2026-02-02 17:23:41,084 [ERROR] LogOutputStream:75 - [STDERR_REDIRECT] [Fatal Error] :1:1: Premature end of file.
2026-02-02 17:23:41,084 [ERROR] LogOutputStream:75 - [STDERR_REDIRECT] 
2026-02-02 17:23:42,101 [ERROR] LogOutputStream:75 - [STDERR_REDIRECT] [Fatal Error] :1:1: Premature end of file.
2026-02-02 17:23:42,102 [ERROR] LogOutputStream:75 - [STDERR_REDIRECT] 
2026-02-02 17:23:43,100 [ERROR] LogOutputStream:75 - [STDERR_REDIRECT] [Fatal Error] :1:1: Premature end of file.
2026-02-02 17:23:43,101 [ERROR] LogOutputStream:75 - [STDERR_REDIRECT] 
2026-02-02 17:23:44,091 [ERROR] LogOutputStream:75 - [STDERR_REDIRECT] [Fatal Error] :1:1: Premature end of file.
2026-02-02 17:23:44,091 [ERROR] LogOutputStream:75 - [STDERR_REDIRECT] 
2026-02-02 17:23:45,089 [ERROR] LogOutputStream:75 - [STDERR_REDIRECT] [Fatal Error] :1:1: Premature end of file.
2026-02-02 17:23:45,090 [ERROR] LogOutputStream:75 - [STDERR_REDIRECT] 
2026-02-02 17:23:46,089 [ERROR] LogOutputStream:75 - [STDERR_REDIRECT] [Fatal Error] :1:1: Premature end of file.
2026-02-02 17:23:46,089 [ERROR] LogOutputStream:75 - [STDERR_REDIRECT] 
2026-02-02 17:23:47,107 [ERROR] LogOutputStream:75 - [STDERR_REDIRECT] [Fatal Error] :1:1: Premature end of file.
2026-02-02 17:23:47,108 [ERROR] LogOutputStream:75 - [STDERR_REDIRECT] 
2026-02-02 17:23:48,097 [ERROR] LogOutputStream:75 - [STDERR_REDIRECT] [Fatal Error] :1:1: Premature end of file.
2026-02-02 17:23:48,097 [ERROR] LogOutputStream:75 - [STDERR_REDIRECT] 
2026-02-02 17:23:49,259 [ERROR] LogOutputStream:75 - [STDERR_REDIRECT] [Fatal Error] :1:1: Premature end of file.
2026-02-02 17:23:49,259 [ERROR] LogOutputStream:75 - [STDERR_REDIRECT] 
2026-02-02 17:23:50,082 [ERROR] LogOutputStream:75 - [STDERR_REDIRECT] [Fatal Error] :1:1: Premature end of file.
2026-02-02 17:23:50,082 [ERROR] LogOutputStream:75 - [STDERR_REDIRECT] 
2026-02-02 17:23:51,083 [ERROR] LogOutputStream:75 - [STDERR_REDIRECT] [Fatal Error] :1:1: Premature end of file.
2026-02-02 17:23:51,083 [ERROR] LogOutputStream:75 - [STDERR_REDIRECT] 
2026-02-02 17:23:52,111 [ERROR] LogOutputStream:75 - [STDERR_REDIRECT] [Fatal Error] :1:1: Premature end of file.
2026-02-02 17:23:52,111 [ERROR] LogOutputStream:75 - [STDERR_REDIRECT] 
2026-02-02 17:23:53,097 [ERROR] LogOutputStream:75 - [STDERR_REDIRECT] [Fatal Error] :1:1: Premature end of file.
2026-02-02 17:23:53,097 [ERROR] LogOutputStream:75 - [STDERR_REDIRECT] 
2026-02-02 17:23:54,117 [ERROR] LogOutputStream:75 - [STDERR_REDIRECT] [Fatal Error] :1:1: Premature end of file.
2026-02-02 17:23:54,118 [ERROR] LogOutputStream:75 - [STDERR_REDIRECT] 
2026-02-02 17:23:55,079 [ERROR] LogOutputStream:75 - [STDERR_REDIRECT] [Fatal Error] :1:1: Premature end of file.
2026-02-02 17:23:55,079 [ERROR] LogOutputStream:75 - [STDERR_REDIRECT] 
2026-02-02 17:23:56,093 [ERROR] LogOutputStream:75 - [STDERR_REDIRECT] [Fatal Error] :1:1: Premature end of file.
2026-02-02 17:23:56,093 [ERROR] LogOutputStream:75 - [STDERR_REDIRECT] 
2026-02-02 17:23:57,113 [ERROR] LogOutputStream:75 - [STDERR_REDIRECT] [Fatal Error] :1:1: Premature end of file.
2026-02-02 17:23:57,113 [ERROR] LogOutputStream:75 - [STDERR_REDIRECT] 
2026-02-02 17:23:58,086 [ERROR] LogOutputStream:75 - [STDERR_REDIRECT] [Fatal Error] :1:1: Premature end of file.
2026-02-02 17:23:58,086 [ERROR] LogOutputStream:75 - [STDERR_REDIRECT] 
2026-02-02 17:23:59,086 [ERROR] LogOutputStream:75 - [STDERR_REDIRECT] [Fatal Error] :1:1: Premature end of file.
2026-02-02 17:23:59,086 [ERROR] LogOutputStream:75 - [STDERR_REDIRECT] 
2026-02-02 17:24:00,131 [ERROR] LogOutputStream:75 - [STDERR_REDIRECT] [Fatal Error] :1:1: Premature end of file.
2026-02-02 17:24:00,131 [ERROR] LogOutputStream:75 - [STDERR_REDIRECT] 
2026-02-02 17:24:01,132 [ERROR] LogOutputStream:75 - [STDERR_REDIRECT] [Fatal Error] :1:1: Premature end of file.
2026-02-02 17:24:01,134 [ERROR] LogOutputStream:75 - [STDERR_REDIRECT] 
2026-02-02 17:24:02,061 [ERROR] LogOutputStream:75 - [STDERR_REDIRECT] [Fatal Error] :1:1: Premature end of file.
2026-02-02 17:24:02,061 [ERROR] LogOutputStream:75 - [STDERR_REDIRECT] 
2026-02-02 17:24:03,101 [ERROR] LogOutputStream:75 - [STDERR_REDIRECT] [Fatal Error] :1:1: Premature end of file.
2026-02-02 17:24:03,101 [ERROR] LogOutputStream:75 - [STDERR_REDIRECT] 
2026-02-02 17:24:04,077 [ERROR] LogOutputStream:75 - [STDERR_REDIRECT] [Fatal Error] :1:1: Premature end of file.
2026-02-02 17:24:04,077 [ERROR] LogOutputStream:75 - [STDERR_REDIRECT] 
2026-02-02 17:24:05,097 [ERROR] LogOutputStream:75 - [STDERR_REDIRECT] [Fatal Error] :1:1: Premature end of file.
2026-02-02 17:24:05,097 [ERROR] LogOutputStream:75 - [STDERR_REDIRECT] 
2026-02-02 17:24:06,089 [ERROR] LogOutputStream:75 - [STDERR_REDIRECT] [Fatal Error] :1:1: Premature end of file.
2026-02-02 17:24:06,089 [ERROR] LogOutputStream:75 - [STDERR_REDIRECT] 
2026-02-02 17:24:07,069 [ERROR] LogOutputStream:75 - [STDERR_REDIRECT] [Fatal Error] :1:1: Premature end of file.
2026-02-02 17:24:07,069 [ERROR] LogOutputStream:75 - [STDERR_REDIRECT] 
2026-02-02 17:24:08,189 [ERROR] LogOutputStream:75 - [STDERR_REDIRECT] [Fatal Error] :1:1: Premature end of file.
2026-02-02 17:24:08,189 [ERROR] LogOutputStream:75 - [STDERR_REDIRECT] 
2026-02-02 17:24:09,065 [ERROR] LogOutputStream:75 - [STDERR_REDIRECT] [Fatal Error] :1:1: Premature end of file.
2026-02-02 17:24:09,066 [ERROR] LogOutputStream:75 - [STDERR_REDIRECT] 
2026-02-02 17:24:10,092 [ERROR] LogOutputStream:75 - [STDERR_REDIRECT] [Fatal Error] :1:1: Premature end of file.
2026-02-02 17:24:10,092 [ERROR] LogOutputStream:75 - [STDERR_REDIRECT] 
2026-02-02 17:24:11,077 [ERROR] LogOutputStream:75 - [STDERR_REDIRECT] [Fatal Error] :1:1: Premature end of file.
2026-02-02 17:24:11,077 [ERROR] LogOutputStream:75 - [STDERR_REDIRECT] 
2026-02-02 17:24:12,059 [ERROR] LogOutputStream:75 - [STDERR_REDIRECT] [Fatal Error] :1:1: Premature end of file.
2026-02-02 17:24:12,060 [ERROR] LogOutputStream:75 - [STDERR_REDIRECT] 
2026-02-02 17:24:13,089 [ERROR] LogOutputStream:75 - [STDERR_REDIRECT] [Fatal Error] :1:1: Premature end of file.
2026-02-02 17:24:13,089 [ERROR] LogOutputStream:75 - [STDERR_REDIRECT] 
2026-02-02 17:24:14,071 [ERROR] LogOutputStream:75 - [STDERR_REDIRECT] [Fatal Error] :1:1: Premature end of file.
2026-02-02 17:24:14,071 [ERROR] LogOutputStream:75 - [STDERR_REDIRECT] 
2026-02-02 17:24:15,073 [ERROR] LogOutputStream:75 - [STDERR_REDIRECT] [Fatal Error] :1:1: Premature end of file.
2026-02-02 17:24:15,073 [ERROR] LogOutputStream:75 - [STDERR_REDIRECT] 
2026-02-02 17:24:16,062 [ERROR] LogOutputStream:75 - [STDERR_REDIRECT] [Fatal Error] :1:1: Premature end of file.
2026-02-02 17:24:16,062 [ERROR] LogOutputStream:75 - [STDERR_REDIRECT] 
2026-02-02 17:24:17,435 [ERROR] LogOutputStream:75 - [STDERR_REDIRECT] [Fatal Error] :1:1: Premature end of file.
2026-02-02 17:24:17,437 [ERROR] LogOutputStream:75 - [STDERR_REDIRECT] 
2026-02-02 17:24:18,088 [ERROR] LogOutputStream:75 - [STDERR_REDIRECT] [Fatal Error] :1:1: Premature end of file.
2026-02-02 17:24:18,088 [ERROR] LogOutputStream:75 - [STDERR_REDIRECT] 
2026-02-02 17:24:19,079 [ERROR] LogOutputStream:75 - [STDERR_REDIRECT] [Fatal Error] :1:1: Premature end of file.
2026-02-02 17:24:19,079 [ERROR] LogOutputStream:75 - [STDERR_REDIRECT] 
2026-02-02 17:24:20,100 [ERROR] LogOutputStream:75 - [STDERR_REDIRECT] [Fatal Error] :1:1: Premature end of file.
2026-02-02 17:24:20,101 [ERROR] LogOutputStream:75 - [STDERR_REDIRECT] 
2026-02-02 17:24:21,087 [ERROR] LogOutputStream:75 - [STDERR_REDIRECT] [Fatal Error] :1:1: Premature end of file.
2026-02-02 17:24:21,087 [ERROR] LogOutputStream:75 - [STDERR_REDIRECT] 
2026-02-02 17:24:22,089 [ERROR] LogOutputStream:75 - [STDERR_REDIRECT] [Fatal Error] :1:1: Premature end of file.
2026-02-02 17:24:22,089 [ERROR] LogOutputStream:75 - [STDERR_REDIRECT] 
2026-02-02 17:24:23,093 [ERROR] LogOutputStream:75 - [STDERR_REDIRECT] [Fatal Error] :1:1: Premature end of file.
2026-02-02 17:24:23,093 [ERROR] LogOutputStream:75 - [STDERR_REDIRECT] 
2026-02-02 17:24:24,090 [ERROR] LogOutputStream:75 - [STDERR_REDIRECT] [Fatal Error] :1:1: Premature end of file.
2026-02-02 17:24:24,090 [ERROR] LogOutputStream:75 - [STDERR_REDIRECT] 
2026-02-02 17:24:25,095 [ERROR] LogOutputStream:75 - [STDERR_REDIRECT] [Fatal Error] :1:1: Premature end of file.
2026-02-02 17:24:25,095 [ERROR] LogOutputStream:75 - [STDERR_REDIRECT] 
2026-02-02 17:24:26,113 [ERROR] LogOutputStream:75 - [STDERR_REDIRECT] [Fatal Error] :1:1: Premature end of file.
2026-02-02 17:24:26,114 [ERROR] LogOutputStream:75 - [STDERR_REDIRECT] 
2026-02-02 17:24:27,086 [ERROR] LogOutputStream:75 - [STDERR_REDIRECT] [Fatal Error] :1:1: Premature end of file.
2026-02-02 17:24:27,086 [ERROR] LogOutputStream:75 - [STDERR_REDIRECT] 
2026-02-02 17:24:27,316 [INFO] UtilMem:75 - End SaveConfig() Used Memory: 654464560 Bytes (1053818880)
2026-02-02 17:24:28,137 [ERROR] LogOutputStream:75 - [STDERR_REDIRECT] [Fatal Error] :1:1: Premature end of file.
2026-02-02 17:24:28,137 [ERROR] LogOutputStream:75 - [STDERR_REDIRECT] 
2026-02-02 17:24:29,117 [ERROR] LogOutputStream:75 - [STDERR_REDIRECT] [Fatal Error] :1:1: Premature end of file.
2026-02-02 17:24:29,117 [ERROR] LogOutputStream:75 - [STDERR_REDIRECT] 
2026-02-02 17:24:30,048 [INFO] UtilMem:75 - End SaveConfig() Used Memory: 700413296 Bytes (1053818880)
2026-02-02 17:24:30,154 [ERROR] LogOutputStream:75 - [STDERR_REDIRECT] [Fatal Error] :1:1: Premature end of file.
2026-02-02 17:24:30,154 [ERROR] LogOutputStream:75 - [STDERR_REDIRECT] 
2026-02-02 17:24:30,271 [INFO] UtilMem:75 - End SaveConfig() Used Memory: 720796896 Bytes (1053818880)
2026-02-02 17:24:30,662 [INFO] BlockDiagram:2775 - set Specific Code input for plugin: NVIC
2026-02-02 17:24:30,662 [INFO] BlockDiagram:2775 - set Specific Code input for plugin: USART
2026-02-02 17:24:30,662 [INFO] BlockDiagram:2775 - set Specific Code input for plugin: TIM1_8F1
2026-02-02 17:24:30,662 [INFO] BlockDiagram:2775 - set Specific Code input for plugin: SYS
2026-02-02 17:24:30,663 [INFO] BlockDiagram:2775 - set Specific Code input for plugin: GPIO
2026-02-02 17:24:30,665 [INFO] BlockDiagram:2775 - set Specific Code input for plugin: RCC
2026-02-02 17:24:30,666 [INFO] CodeGenerator:892 - code generatio: config db path: C:\ST\STM32CubeIDE_1.19.0\STM32CubeIDE\plugins\com.st.stm32cube.common.mx_6.15.0.202507011659\\db\
2026-02-02 17:24:30,763 [INFO] CodeEngine:265 - oldGeneratedFile, C:\Users\LENOVO\STM32CubeIDE\workspace_1.19.0\RPM\MXTmpFiles\license.tmp_save
2026-02-02 17:24:31,117 [INFO] CodeEngine:289 - Generated code: C:\Users\LENOVO\STM32CubeIDE\workspace_1.19.0\RPM\MXTmpFiles\license.tmp
2026-02-02 17:24:31,131 [ERROR] LogOutputStream:75 - [STDERR_REDIRECT] [Fatal Error] :1:1: Premature end of file.
2026-02-02 17:24:31,132 [ERROR] LogOutputStream:75 - [STDERR_REDIRECT] 
2026-02-02 17:24:31,228 [INFO] CodeEngine:265 - oldGeneratedFile, C:\Users\LENOVO\STM32CubeIDE\workspace_1.19.0\RPM\MXTmpFiles\gpio.tmp_save
2026-02-02 17:24:31,386 [INFO] CodeEngine:289 - Generated code: C:\Users\LENOVO\STM32CubeIDE\workspace_1.19.0\RPM\MXTmpFiles\gpio.tmp
2026-02-02 17:24:31,594 [INFO] CodeEngine:265 - oldGeneratedFile, C:\Users\LENOVO\STM32CubeIDE\workspace_1.19.0\RPM\Core\Src\stm32f1xx_it.c_save
2026-02-02 17:24:31,728 [INFO] CodeEngine:289 - Generated code: C:\Users\LENOVO\STM32CubeIDE\workspace_1.19.0\RPM\Core\Src\stm32f1xx_it.c
2026-02-02 17:24:31,752 [INFO] CodeEngine:265 - oldGeneratedFile, C:\Users\LENOVO\STM32CubeIDE\workspace_1.19.0\RPM\Core\Inc\stm32f1xx_it.h_save
2026-02-02 17:24:31,834 [INFO] CodeEngine:289 - Generated code: C:\Users\LENOVO\STM32CubeIDE\workspace_1.19.0\RPM\Core\Inc\stm32f1xx_it.h
2026-02-02 17:24:31,846 [INFO] CodeEngine:265 - oldGeneratedFile, C:\Users\LENOVO\STM32CubeIDE\workspace_1.19.0\RPM\Core\Src\stm32f1xx_hal_msp.c_save
2026-02-02 17:24:31,993 [INFO] CodeEngine:289 - Generated code: C:\Users\LENOVO\STM32CubeIDE\workspace_1.19.0\RPM\Core\Src\stm32f1xx_hal_msp.c
2026-02-02 17:24:32,015 [INFO] CodeEngine:265 - oldGeneratedFile, C:\Users\LENOVO\STM32CubeIDE\workspace_1.19.0\RPM\MXTmpFiles\system.tmp_save
2026-02-02 17:24:32,115 [INFO] CodeEngine:289 - Generated code: C:\Users\LENOVO\STM32CubeIDE\workspace_1.19.0\RPM\MXTmpFiles\system.tmp
2026-02-02 17:24:32,133 [INFO] CodeEngine:321 - oldGeneratedFile, C:\Users\LENOVO\STM32CubeIDE\workspace_1.19.0\RPM\Core\Inc\stm32f1xx_hal_conf.h_save
2026-02-02 17:24:32,136 [ERROR] LogOutputStream:75 - [STDERR_REDIRECT] [Fatal Error] :1:1: Premature end of file.
2026-02-02 17:24:32,138 [ERROR] LogOutputStream:75 - [STDERR_REDIRECT] 
2026-02-02 17:24:32,214 [INFO] CodeEngine:345 - Generated code: C:\Users\LENOVO\STM32CubeIDE\workspace_1.19.0\RPM\Core\Inc\stm32f1xx_hal_conf.h
2026-02-02 17:24:32,266 [INFO] ApiDbMcu:532 - Load IP Config File for TIM2
2026-02-02 17:24:32,269 [INFO] ApiDbMcu:532 - Load IP Config File for USART2
2026-02-02 17:24:32,275 [INFO] ApiDbMcu:532 - Load IP Config File for RCC
2026-02-02 17:24:32,278 [WARN] IPConfigManager:3811 - IP not found : TIM
2026-02-02 17:24:32,278 [WARN] CodeGenerator:4259 - IP not found : null
2026-02-02 17:24:32,287 [INFO] CodeEngine:265 - oldGeneratedFile, C:\Users\LENOVO\STM32CubeIDE\workspace_1.19.0\RPM\Core\Inc\main.h_save
2026-02-02 17:24:32,376 [INFO] CodeEngine:289 - Generated code: C:\Users\LENOVO\STM32CubeIDE\workspace_1.19.0\RPM\Core\Inc\main.h
2026-02-02 17:24:32,382 [INFO] CodeEngine:265 - oldGeneratedFile, C:\Users\LENOVO\STM32CubeIDE\workspace_1.19.0\RPM\Core\Src\main.c_save
2026-02-02 17:24:32,534 [INFO] CodeEngine:289 - Generated code: C:\Users\LENOVO\STM32CubeIDE\workspace_1.19.0\RPM\Core\Src\main.c
2026-02-02 17:24:32,966 [INFO] ProjectBuilder:3606 - Time for Copy HAL[1] : 131mS.
2026-02-02 17:24:32,972 [INFO] ProjectBuilder:5216 - Project Generator version: 4.7.0-B52
2026-02-02 17:24:33,026 [INFO] ConfigFileManager:1595 - The Die is : DIE410
2026-02-02 17:24:33,034 [INFO] ApiDbMcu:532 - Load IP Config File for FATFS
2026-02-02 17:24:33,037 [INFO] ApiDbMcu:532 - Load IP Config File for FREERTOS
2026-02-02 17:24:33,041 [INFO] ApiDbMcu:532 - Load IP Config File for USB_DEVICE
2026-02-02 17:24:33,193 [ERROR] LogOutputStream:75 - [STDERR_REDIRECT] [Fatal Error] :1:1: Premature end of file.
2026-02-02 17:24:33,193 [ERROR] LogOutputStream:75 - [STDERR_REDIRECT] 
2026-02-02 17:24:33,432 [INFO] LogOutputStream:77 - [STDOUT_REDIRECT] 
2026-02-02 17:24:34,088 [ERROR] LogOutputStream:75 - [STDERR_REDIRECT] [Fatal Error] :1:1: Premature end of file.
2026-02-02 17:24:34,089 [ERROR] LogOutputStream:75 - [STDERR_REDIRECT] 
2026-02-02 17:24:34,575 [INFO] ProjectBuilder:5496 - Time for Generating toolchain IDE Files: 1603mS.
2026-02-02 17:24:34,577 [INFO] ProjectBuilder:3463 - Time for Copy CMSIS : 1mS.
2026-02-02 17:24:34,580 [INFO] ProjectBuilder:3463 - Time for Copy CMSIS : 0mS.
2026-02-02 17:24:35,077 [ERROR] LogOutputStream:75 - [STDERR_REDIRECT] [Fatal Error] :1:1: Premature end of file.
2026-02-02 17:24:35,078 [ERROR] LogOutputStream:75 - [STDERR_REDIRECT] 
2026-02-02 17:24:36,126 [ERROR] LogOutputStream:75 - [STDERR_REDIRECT] [Fatal Error] :1:1: Premature end of file.
2026-02-02 17:24:36,129 [ERROR] LogOutputStream:75 - [STDERR_REDIRECT] 
2026-02-02 17:24:37,076 [ERROR] LogOutputStream:75 - [STDERR_REDIRECT] [Fatal Error] :1:1: Premature end of file.
2026-02-02 17:24:37,077 [ERROR] LogOutputStream:75 - [STDERR_REDIRECT] 
2026-02-02 17:24:38,074 [ERROR] LogOutputStream:75 - [STDERR_REDIRECT] [Fatal Error] :1:1: Premature end of file.
2026-02-02 17:24:38,074 [ERROR] LogOutputStream:75 - [STDERR_REDIRECT] 
2026-02-02 17:24:39,077 [ERROR] LogOutputStream:75 - [STDERR_REDIRECT] [Fatal Error] :1:1: Premature end of file.
2026-02-02 17:24:39,077 [ERROR] LogOutputStream:75 - [STDERR_REDIRECT] 
2026-02-02 17:24:40,066 [ERROR] LogOutputStream:75 - [STDERR_REDIRECT] [Fatal Error] :1:1: Premature end of file.
2026-02-02 17:24:40,066 [ERROR] LogOutputStream:75 - [STDERR_REDIRECT] 
2026-02-02 17:24:41,080 [ERROR] LogOutputStream:75 - [STDERR_REDIRECT] [Fatal Error] :1:1: Premature end of file.
2026-02-02 17:24:41,080 [ERROR] LogOutputStream:75 - [STDERR_REDIRECT] 
2026-02-02 17:24:42,092 [ERROR] LogOutputStream:75 - [STDERR_REDIRECT] [Fatal Error] :1:1: Premature end of file.
2026-02-02 17:24:42,093 [ERROR] LogOutputStream:75 - [STDERR_REDIRECT] 
2026-02-02 17:24:43,095 [ERROR] LogOutputStream:75 - [STDERR_REDIRECT] [Fatal Error] :1:1: Premature end of file.
2026-02-02 17:24:43,096 [ERROR] LogOutputStream:75 - [STDERR_REDIRECT] 
2026-02-02 17:24:44,078 [ERROR] LogOutputStream:75 - [STDERR_REDIRECT] [Fatal Error] :1:1: Premature end of file.
2026-02-02 17:24:44,078 [ERROR] LogOutputStream:75 - [STDERR_REDIRECT] 
2026-02-02 17:24:45,076 [ERROR] LogOutputStream:75 - [STDERR_REDIRECT] [Fatal Error] :1:1: Premature end of file.
2026-02-02 17:24:45,076 [ERROR] LogOutputStream:75 - [STDERR_REDIRECT] 
2026-02-02 17:24:46,082 [ERROR] LogOutputStream:75 - [STDERR_REDIRECT] [Fatal Error] :1:1: Premature end of file.
2026-02-02 17:24:46,082 [ERROR] LogOutputStream:75 - [STDERR_REDIRECT] 
2026-02-02 17:24:47,086 [ERROR] LogOutputStream:75 - [STDERR_REDIRECT] [Fatal Error] :1:1: Premature end of file.
2026-02-02 17:24:47,086 [ERROR] LogOutputStream:75 - [STDERR_REDIRECT] 
2026-02-02 17:24:48,080 [ERROR] LogOutputStream:75 - [STDERR_REDIRECT] [Fatal Error] :1:1: Premature end of file.
2026-02-02 17:24:48,080 [ERROR] LogOutputStream:75 - [STDERR_REDIRECT] 
2026-02-02 17:24:49,090 [ERROR] LogOutputStream:75 - [STDERR_REDIRECT] [Fatal Error] :1:1: Premature end of file.
2026-02-02 17:24:49,091 [ERROR] LogOutputStream:75 - [STDERR_REDIRECT] 
2026-02-02 17:24:50,117 [ERROR] LogOutputStream:75 - [STDERR_REDIRECT] [Fatal Error] :1:1: Premature end of file.
2026-02-02 17:24:50,118 [ERROR] LogOutputStream:75 - [STDERR_REDIRECT] 
2026-02-02 17:24:51,185 [ERROR] LogOutputStream:75 - [STDERR_REDIRECT] [Fatal Error] :1:1: Premature end of file.
2026-02-02 17:24:51,192 [ERROR] LogOutputStream:75 - [STDERR_REDIRECT] 
2026-02-02 17:24:52,120 [ERROR] LogOutputStream:75 - [STDERR_REDIRECT] [Fatal Error] :1:1: Premature end of file.
2026-02-02 17:24:52,120 [ERROR] LogOutputStream:75 - [STDERR_REDIRECT] 
2026-02-02 17:24:53,336 [ERROR] LogOutputStream:75 - [STDERR_REDIRECT] [Fatal Error] :1:1: Premature end of file.
2026-02-02 17:24:53,336 [ERROR] LogOutputStream:75 - [STDERR_REDIRECT] 
2026-02-02 17:24:54,092 [ERROR] LogOutputStream:75 - [STDERR_REDIRECT] [Fatal Error] :1:1: Premature end of file.
2026-02-02 17:24:54,092 [ERROR] LogOutputStream:75 - [STDERR_REDIRECT] 
2026-02-02 17:24:55,095 [ERROR] LogOutputStream:75 - [STDERR_REDIRECT] [Fatal Error] :1:1: Premature end of file.
2026-02-02 17:24:55,095 [ERROR] LogOutputStream:75 - [STDERR_REDIRECT] 
2026-02-02 17:24:56,079 [ERROR] LogOutputStream:75 - [STDERR_REDIRECT] [Fatal Error] :1:1: Premature end of file.
2026-02-02 17:24:56,079 [ERROR] LogOutputStream:75 - [STDERR_REDIRECT] 
2026-02-02 17:24:57,097 [ERROR] LogOutputStream:75 - [STDERR_REDIRECT] [Fatal Error] :1:1: Premature end of file.
2026-02-02 17:24:57,097 [ERROR] LogOutputStream:75 - [STDERR_REDIRECT] 
2026-02-02 17:24:58,095 [ERROR] LogOutputStream:75 - [STDERR_REDIRECT] [Fatal Error] :1:1: Premature end of file.
2026-02-02 17:24:58,095 [ERROR] LogOutputStream:75 - [STDERR_REDIRECT] 
2026-02-02 17:24:59,078 [ERROR] LogOutputStream:75 - [STDERR_REDIRECT] [Fatal Error] :1:1: Premature end of file.
2026-02-02 17:24:59,078 [ERROR] LogOutputStream:75 - [STDERR_REDIRECT] 
2026-02-02 17:25:00,109 [ERROR] LogOutputStream:75 - [STDERR_REDIRECT] [Fatal Error] :1:1: Premature end of file.
2026-02-02 17:25:00,109 [ERROR] LogOutputStream:75 - [STDERR_REDIRECT] 
2026-02-02 17:25:01,079 [ERROR] LogOutputStream:75 - [STDERR_REDIRECT] [Fatal Error] :1:1: Premature end of file.
2026-02-02 17:25:01,080 [ERROR] LogOutputStream:75 - [STDERR_REDIRECT] 
2026-02-02 17:25:02,104 [ERROR] LogOutputStream:75 - [STDERR_REDIRECT] [Fatal Error] :1:1: Premature end of file.
2026-02-02 17:25:02,104 [ERROR] LogOutputStream:75 - [STDERR_REDIRECT] 
2026-02-02 17:25:03,105 [ERROR] LogOutputStream:75 - [STDERR_REDIRECT] [Fatal Error] :1:1: Premature end of file.
2026-02-02 17:25:03,105 [ERROR] LogOutputStream:75 - [STDERR_REDIRECT] 
2026-02-02 17:25:04,105 [ERROR] LogOutputStream:75 - [STDERR_REDIRECT] [Fatal Error] :1:1: Premature end of file.
2026-02-02 17:25:04,105 [ERROR] LogOutputStream:75 - [STDERR_REDIRECT] 
2026-02-02 17:25:05,103 [ERROR] LogOutputStream:75 - [STDERR_REDIRECT] [Fatal Error] :1:1: Premature end of file.
2026-02-02 17:25:05,103 [ERROR] LogOutputStream:75 - [STDERR_REDIRECT] 
2026-02-02 17:25:06,090 [ERROR] LogOutputStream:75 - [STDERR_REDIRECT] [Fatal Error] :1:1: Premature end of file.
2026-02-02 17:25:06,091 [ERROR] LogOutputStream:75 - [STDERR_REDIRECT] 
2026-02-02 17:25:07,108 [ERROR] LogOutputStream:75 - [STDERR_REDIRECT] [Fatal Error] :1:1: Premature end of file.
2026-02-02 17:25:07,108 [ERROR] LogOutputStream:75 - [STDERR_REDIRECT] 
2026-02-02 17:25:08,094 [ERROR] LogOutputStream:75 - [STDERR_REDIRECT] [Fatal Error] :1:1: Premature end of file.
2026-02-02 17:25:08,094 [ERROR] LogOutputStream:75 - [STDERR_REDIRECT] 
2026-02-02 17:25:09,087 [ERROR] LogOutputStream:75 - [STDERR_REDIRECT] [Fatal Error] :1:1: Premature end of file.
2026-02-02 17:25:09,087 [ERROR] LogOutputStream:75 - [STDERR_REDIRECT] 
2026-02-02 17:25:10,102 [ERROR] LogOutputStream:75 - [STDERR_REDIRECT] [Fatal Error] :1:1: Premature end of file.
2026-02-02 17:25:10,102 [ERROR] LogOutputStream:75 - [STDERR_REDIRECT] 
2026-02-02 17:25:10,930 [INFO] NvicIntPanel:101 - NVIC parent = com.st.microxplorer.plugins.ip.nvic.MultiNvicIntPanel[,0,0,473x217,layout=javax.swing.BoxLayout,alignmentX=0.0,alignmentY=0.0,border=,flags=9,maximumSize=,minimumSize=,preferredSize=]
2026-02-02 17:25:11,100 [ERROR] LogOutputStream:75 - [STDERR_REDIRECT] [Fatal Error] :1:1: Premature end of file.
2026-02-02 17:25:11,101 [ERROR] LogOutputStream:75 - [STDERR_REDIRECT] 
2026-02-02 17:25:12,107 [ERROR] LogOutputStream:75 - [STDERR_REDIRECT] [Fatal Error] :1:1: Premature end of file.
2026-02-02 17:25:12,107 [ERROR] LogOutputStream:75 - [STDERR_REDIRECT] 
2026-02-02 17:25:13,099 [ERROR] LogOutputStream:75 - [STDERR_REDIRECT] [Fatal Error] :1:1: Premature end of file.
2026-02-02 17:25:13,099 [ERROR] LogOutputStream:75 - [STDERR_REDIRECT] 
2026-02-02 17:25:14,080 [ERROR] LogOutputStream:75 - [STDERR_REDIRECT] [Fatal Error] :1:1: Premature end of file.
2026-02-02 17:25:14,080 [ERROR] LogOutputStream:75 - [STDERR_REDIRECT] 
2026-02-02 17:25:15,211 [ERROR] LogOutputStream:75 - [STDERR_REDIRECT] [Fatal Error] :1:1: Premature end of file.
2026-02-02 17:25:15,211 [ERROR] LogOutputStream:75 - [STDERR_REDIRECT] 
2026-02-02 17:25:16,099 [ERROR] LogOutputStream:75 - [STDERR_REDIRECT] [Fatal Error] :1:1: Premature end of file.
2026-02-02 17:25:16,100 [ERROR] LogOutputStream:75 - [STDERR_REDIRECT] 
2026-02-02 17:25:17,102 [ERROR] LogOutputStream:75 - [STDERR_REDIRECT] [Fatal Error] :1:1: Premature end of file.
2026-02-02 17:25:17,102 [ERROR] LogOutputStream:75 - [STDERR_REDIRECT] 
2026-02-02 17:25:18,338 [ERROR] LogOutputStream:75 - [STDERR_REDIRECT] [Fatal Error] :1:1: Premature end of file.
2026-02-02 17:25:18,338 [ERROR] LogOutputStream:75 - [STDERR_REDIRECT] 
2026-02-02 17:25:19,085 [ERROR] LogOutputStream:75 - [STDERR_REDIRECT] [Fatal Error] :1:1: Premature end of file.
2026-02-02 17:25:19,086 [ERROR] LogOutputStream:75 - [STDERR_REDIRECT] 
2026-02-02 17:25:20,092 [ERROR] LogOutputStream:75 - [STDERR_REDIRECT] [Fatal Error] :1:1: Premature end of file.
2026-02-02 17:25:20,092 [ERROR] LogOutputStream:75 - [STDERR_REDIRECT] 
2026-02-02 17:25:21,071 [ERROR] LogOutputStream:75 - [STDERR_REDIRECT] [Fatal Error] :1:1: Premature end of file.
2026-02-02 17:25:21,071 [ERROR] LogOutputStream:75 - [STDERR_REDIRECT] 
2026-02-02 17:25:22,106 [ERROR] LogOutputStream:75 - [STDERR_REDIRECT] [Fatal Error] :1:1: Premature end of file.
2026-02-02 17:25:22,106 [ERROR] LogOutputStream:75 - [STDERR_REDIRECT] 
2026-02-02 17:25:23,067 [ERROR] LogOutputStream:75 - [STDERR_REDIRECT] [Fatal Error] :1:1: Premature end of file.
2026-02-02 17:25:23,067 [ERROR] LogOutputStream:75 - [STDERR_REDIRECT] 
2026-02-02 17:25:24,097 [ERROR] LogOutputStream:75 - [STDERR_REDIRECT] [Fatal Error] :1:1: Premature end of file.
2026-02-02 17:25:24,098 [ERROR] LogOutputStream:75 - [STDERR_REDIRECT] 
2026-02-02 17:25:25,099 [ERROR] LogOutputStream:75 - [STDERR_REDIRECT] [Fatal Error] :1:1: Premature end of file.
2026-02-02 17:25:25,100 [ERROR] LogOutputStream:75 - [STDERR_REDIRECT] 
2026-02-02 17:25:26,109 [ERROR] LogOutputStream:75 - [STDERR_REDIRECT] [Fatal Error] :1:1: Premature end of file.
2026-02-02 17:25:26,109 [ERROR] LogOutputStream:75 - [STDERR_REDIRECT] 
2026-02-02 17:25:27,098 [ERROR] LogOutputStream:75 - [STDERR_REDIRECT] [Fatal Error] :1:1: Premature end of file.
2026-02-02 17:25:27,098 [ERROR] LogOutputStream:75 - [STDERR_REDIRECT] 
2026-02-02 17:25:28,067 [ERROR] LogOutputStream:75 - [STDERR_REDIRECT] [Fatal Error] :1:1: Premature end of file.
2026-02-02 17:25:28,067 [ERROR] LogOutputStream:75 - [STDERR_REDIRECT] 
2026-02-02 17:25:28,267 [INFO] UtilMem:75 - End SaveConfig() Used Memory: 759781400 Bytes (1073741824)
2026-02-02 17:25:29,067 [ERROR] LogOutputStream:75 - [STDERR_REDIRECT] [Fatal Error] :1:1: Premature end of file.
2026-02-02 17:25:29,067 [ERROR] LogOutputStream:75 - [STDERR_REDIRECT] 
2026-02-02 17:25:30,078 [ERROR] LogOutputStream:75 - [STDERR_REDIRECT] [Fatal Error] :1:1: Premature end of file.
2026-02-02 17:25:30,079 [ERROR] LogOutputStream:75 - [STDERR_REDIRECT] 
2026-02-02 17:25:30,244 [INFO] UtilMem:75 - End SaveConfig() Used Memory: 785648128 Bytes (1073741824)
2026-02-02 17:25:31,089 [ERROR] LogOutputStream:75 - [STDERR_REDIRECT] [Fatal Error] :1:1: Premature end of file.
2026-02-02 17:25:31,090 [ERROR] LogOutputStream:75 - [STDERR_REDIRECT] 
2026-02-02 17:25:32,103 [ERROR] LogOutputStream:75 - [STDERR_REDIRECT] [Fatal Error] :1:1: Premature end of file.
2026-02-02 17:25:32,104 [ERROR] LogOutputStream:75 - [STDERR_REDIRECT] 
2026-02-02 17:25:33,065 [ERROR] LogOutputStream:75 - [STDERR_REDIRECT] [Fatal Error] :1:1: Premature end of file.
2026-02-02 17:25:33,066 [ERROR] LogOutputStream:75 - [STDERR_REDIRECT] 
2026-02-02 17:25:33,095 [INFO] UtilMem:75 - End SaveConfig() Used Memory: 820076568 Bytes (1073741824)
2026-02-02 17:25:33,228 [INFO] BlockDiagram:2775 - set Specific Code input for plugin: NVIC
2026-02-02 17:25:33,228 [INFO] BlockDiagram:2775 - set Specific Code input for plugin: USART
2026-02-02 17:25:33,228 [INFO] BlockDiagram:2775 - set Specific Code input for plugin: TIM1_8F1
2026-02-02 17:25:33,228 [INFO] BlockDiagram:2775 - set Specific Code input for plugin: SYS
2026-02-02 17:25:33,229 [INFO] BlockDiagram:2775 - set Specific Code input for plugin: GPIO
2026-02-02 17:25:33,229 [INFO] BlockDiagram:2775 - set Specific Code input for plugin: RCC
2026-02-02 17:25:33,229 [INFO] CodeGenerator:892 - code generatio: config db path: C:\ST\STM32CubeIDE_1.19.0\STM32CubeIDE\plugins\com.st.stm32cube.common.mx_6.15.0.202507011659\\db\
2026-02-02 17:25:33,269 [INFO] CodeEngine:265 - oldGeneratedFile, C:\Users\LENOVO\STM32CubeIDE\workspace_1.19.0\RPM\MXTmpFiles\license.tmp_save
2026-02-02 17:25:33,325 [INFO] CodeEngine:289 - Generated code: C:\Users\LENOVO\STM32CubeIDE\workspace_1.19.0\RPM\MXTmpFiles\license.tmp
2026-02-02 17:25:33,338 [INFO] CodeEngine:265 - oldGeneratedFile, C:\Users\LENOVO\STM32CubeIDE\workspace_1.19.0\RPM\MXTmpFiles\gpio.tmp_save
2026-02-02 17:25:33,393 [INFO] CodeEngine:289 - Generated code: C:\Users\LENOVO\STM32CubeIDE\workspace_1.19.0\RPM\MXTmpFiles\gpio.tmp
2026-02-02 17:25:33,467 [INFO] CodeEngine:265 - oldGeneratedFile, C:\Users\LENOVO\STM32CubeIDE\workspace_1.19.0\RPM\Core\Src\stm32f1xx_it.c_save
2026-02-02 17:25:33,534 [INFO] CodeEngine:289 - Generated code: C:\Users\LENOVO\STM32CubeIDE\workspace_1.19.0\RPM\Core\Src\stm32f1xx_it.c
2026-02-02 17:25:33,540 [INFO] CodeEngine:265 - oldGeneratedFile, C:\Users\LENOVO\STM32CubeIDE\workspace_1.19.0\RPM\Core\Inc\stm32f1xx_it.h_save
2026-02-02 17:25:33,580 [INFO] CodeEngine:289 - Generated code: C:\Users\LENOVO\STM32CubeIDE\workspace_1.19.0\RPM\Core\Inc\stm32f1xx_it.h
2026-02-02 17:25:33,588 [INFO] CodeEngine:265 - oldGeneratedFile, C:\Users\LENOVO\STM32CubeIDE\workspace_1.19.0\RPM\Core\Src\stm32f1xx_hal_msp.c_save
2026-02-02 17:25:33,657 [INFO] CodeEngine:289 - Generated code: C:\Users\LENOVO\STM32CubeIDE\workspace_1.19.0\RPM\Core\Src\stm32f1xx_hal_msp.c
2026-02-02 17:25:33,662 [INFO] CodeEngine:265 - oldGeneratedFile, C:\Users\LENOVO\STM32CubeIDE\workspace_1.19.0\RPM\MXTmpFiles\system.tmp_save
2026-02-02 17:25:33,699 [INFO] CodeEngine:289 - Generated code: C:\Users\LENOVO\STM32CubeIDE\workspace_1.19.0\RPM\MXTmpFiles\system.tmp
2026-02-02 17:25:33,710 [INFO] CodeEngine:321 - oldGeneratedFile, C:\Users\LENOVO\STM32CubeIDE\workspace_1.19.0\RPM\Core\Inc\stm32f1xx_hal_conf.h_save
2026-02-02 17:25:33,776 [INFO] CodeEngine:345 - Generated code: C:\Users\LENOVO\STM32CubeIDE\workspace_1.19.0\RPM\Core\Inc\stm32f1xx_hal_conf.h
2026-02-02 17:25:33,791 [WARN] IPConfigManager:3811 - IP not found : TIM
2026-02-02 17:25:33,792 [WARN] CodeGenerator:4259 - IP not found : null
2026-02-02 17:25:33,801 [INFO] CodeEngine:265 - oldGeneratedFile, C:\Users\LENOVO\STM32CubeIDE\workspace_1.19.0\RPM\Core\Inc\main.h_save
2026-02-02 17:25:33,851 [INFO] CodeEngine:289 - Generated code: C:\Users\LENOVO\STM32CubeIDE\workspace_1.19.0\RPM\Core\Inc\main.h
2026-02-02 17:25:33,856 [INFO] CodeEngine:265 - oldGeneratedFile, C:\Users\LENOVO\STM32CubeIDE\workspace_1.19.0\RPM\Core\Src\main.c_save
2026-02-02 17:25:33,960 [INFO] CodeEngine:289 - Generated code: C:\Users\LENOVO\STM32CubeIDE\workspace_1.19.0\RPM\Core\Src\main.c
2026-02-02 17:25:34,086 [ERROR] LogOutputStream:75 - [STDERR_REDIRECT] [Fatal Error] :1:1: Premature end of file.
2026-02-02 17:25:34,086 [ERROR] LogOutputStream:75 - [STDERR_REDIRECT] 
2026-02-02 17:25:34,133 [INFO] ProjectBuilder:3606 - Time for Copy HAL[1] : 73mS.
2026-02-02 17:25:34,136 [INFO] ProjectBuilder:5216 - Project Generator version: 4.7.0-B52
2026-02-02 17:25:34,177 [INFO] ConfigFileManager:1595 - The Die is : DIE410
2026-02-02 17:25:34,976 [INFO] ProjectBuilder:5496 - Time for Generating toolchain IDE Files: 840mS.
2026-02-02 17:25:34,977 [INFO] ProjectBuilder:3463 - Time for Copy CMSIS : 1mS.
2026-02-02 17:25:34,978 [INFO] ProjectBuilder:3463 - Time for Copy CMSIS : 0mS.
2026-02-02 17:25:35,102 [ERROR] LogOutputStream:75 - [STDERR_REDIRECT] [Fatal Error] :1:1: Premature end of file.
2026-02-02 17:25:35,102 [ERROR] LogOutputStream:75 - [STDERR_REDIRECT] 
2026-02-02 17:25:36,077 [ERROR] LogOutputStream:75 - [STDERR_REDIRECT] [Fatal Error] :1:1: Premature end of file.
2026-02-02 17:25:36,077 [ERROR] LogOutputStream:75 - [STDERR_REDIRECT] 
2026-02-02 17:25:37,101 [ERROR] LogOutputStream:75 - [STDERR_REDIRECT] [Fatal Error] :1:1: Premature end of file.
2026-02-02 17:25:37,103 [ERROR] LogOutputStream:75 - [STDERR_REDIRECT] 
2026-02-02 17:25:38,096 [ERROR] LogOutputStream:75 - [STDERR_REDIRECT] [Fatal Error] :1:1: Premature end of file.
2026-02-02 17:25:38,096 [ERROR] LogOutputStream:75 - [STDERR_REDIRECT] 
2026-02-02 17:25:39,086 [ERROR] LogOutputStream:75 - [STDERR_REDIRECT] [Fatal Error] :1:1: Premature end of file.
2026-02-02 17:25:39,086 [ERROR] LogOutputStream:75 - [STDERR_REDIRECT] 
2026-02-02 17:25:40,094 [ERROR] LogOutputStream:75 - [STDERR_REDIRECT] [Fatal Error] :1:1: Premature end of file.
2026-02-02 17:25:40,094 [ERROR] LogOutputStream:75 - [STDERR_REDIRECT] 
2026-02-02 17:25:41,068 [ERROR] LogOutputStream:75 - [STDERR_REDIRECT] [Fatal Error] :1:1: Premature end of file.
2026-02-02 17:25:41,068 [ERROR] LogOutputStream:75 - [STDERR_REDIRECT] 
2026-02-02 17:25:42,073 [ERROR] LogOutputStream:75 - [STDERR_REDIRECT] [Fatal Error] :1:1: Premature end of file.
2026-02-02 17:25:42,073 [ERROR] LogOutputStream:75 - [STDERR_REDIRECT] 
2026-02-02 17:25:43,098 [ERROR] LogOutputStream:75 - [STDERR_REDIRECT] [Fatal Error] :1:1: Premature end of file.
2026-02-02 17:25:43,098 [ERROR] LogOutputStream:75 - [STDERR_REDIRECT] 
2026-02-02 17:25:44,100 [ERROR] LogOutputStream:75 - [STDERR_REDIRECT] [Fatal Error] :1:1: Premature end of file.
2026-02-02 17:25:44,100 [ERROR] LogOutputStream:75 - [STDERR_REDIRECT] 
2026-02-02 17:25:45,070 [ERROR] LogOutputStream:75 - [STDERR_REDIRECT] [Fatal Error] :1:1: Premature end of file.
2026-02-02 17:25:45,071 [ERROR] LogOutputStream:75 - [STDERR_REDIRECT] 
2026-02-02 17:25:46,079 [ERROR] LogOutputStream:75 - [STDERR_REDIRECT] [Fatal Error] :1:1: Premature end of file.
2026-02-02 17:25:46,079 [ERROR] LogOutputStream:75 - [STDERR_REDIRECT] 
2026-02-02 17:25:47,088 [ERROR] LogOutputStream:75 - [STDERR_REDIRECT] [Fatal Error] :1:1: Premature end of file.
2026-02-02 17:25:47,089 [ERROR] LogOutputStream:75 - [STDERR_REDIRECT] 
2026-02-02 17:25:48,107 [ERROR] LogOutputStream:75 - [STDERR_REDIRECT] [Fatal Error] :1:1: Premature end of file.
2026-02-02 17:25:48,109 [ERROR] LogOutputStream:75 - [STDERR_REDIRECT] 
2026-02-02 17:25:49,100 [ERROR] LogOutputStream:75 - [STDERR_REDIRECT] [Fatal Error] :1:1: Premature end of file.
2026-02-02 17:25:49,101 [ERROR] LogOutputStream:75 - [STDERR_REDIRECT] 
2026-02-02 17:25:50,119 [ERROR] LogOutputStream:75 - [STDERR_REDIRECT] [Fatal Error] :1:1: Premature end of file.
2026-02-02 17:25:50,119 [ERROR] LogOutputStream:75 - [STDERR_REDIRECT] 
2026-02-02 17:25:51,143 [ERROR] LogOutputStream:75 - [STDERR_REDIRECT] [Fatal Error] :1:1: Premature end of file.
2026-02-02 17:25:51,143 [ERROR] LogOutputStream:75 - [STDERR_REDIRECT] 
2026-02-02 17:25:52,091 [ERROR] LogOutputStream:75 - [STDERR_REDIRECT] [Fatal Error] :1:1: Premature end of file.
2026-02-02 17:25:52,091 [ERROR] LogOutputStream:75 - [STDERR_REDIRECT] 
2026-02-02 17:25:53,105 [ERROR] LogOutputStream:75 - [STDERR_REDIRECT] [Fatal Error] :1:1: Premature end of file.
2026-02-02 17:25:53,105 [ERROR] LogOutputStream:75 - [STDERR_REDIRECT] 
2026-02-02 17:25:54,103 [ERROR] LogOutputStream:75 - [STDERR_REDIRECT] [Fatal Error] :1:1: Premature end of file.
2026-02-02 17:25:54,103 [ERROR] LogOutputStream:75 - [STDERR_REDIRECT] 
2026-02-02 17:25:55,091 [ERROR] LogOutputStream:75 - [STDERR_REDIRECT] [Fatal Error] :1:1: Premature end of file.
2026-02-02 17:25:55,091 [ERROR] LogOutputStream:75 - [STDERR_REDIRECT] 
2026-02-02 17:25:56,093 [ERROR] LogOutputStream:75 - [STDERR_REDIRECT] [Fatal Error] :1:1: Premature end of file.
2026-02-02 17:25:56,093 [ERROR] LogOutputStream:75 - [STDERR_REDIRECT] 
2026-02-02 17:25:57,085 [ERROR] LogOutputStream:75 - [STDERR_REDIRECT] [Fatal Error] :1:1: Premature end of file.
2026-02-02 17:25:57,085 [ERROR] LogOutputStream:75 - [STDERR_REDIRECT] 
2026-02-02 17:25:58,083 [ERROR] LogOutputStream:75 - [STDERR_REDIRECT] [Fatal Error] :1:1: Premature end of file.
2026-02-02 17:25:58,088 [ERROR] LogOutputStream:75 - [STDERR_REDIRECT] 
2026-02-02 17:25:59,107 [ERROR] LogOutputStream:75 - [STDERR_REDIRECT] [Fatal Error] :1:1: Premature end of file.
2026-02-02 17:25:59,108 [ERROR] LogOutputStream:75 - [STDERR_REDIRECT] 
2026-02-02 17:26:00,090 [ERROR] LogOutputStream:75 - [STDERR_REDIRECT] [Fatal Error] :1:1: Premature end of file.
2026-02-02 17:26:00,090 [ERROR] LogOutputStream:75 - [STDERR_REDIRECT] 
2026-02-02 17:26:01,097 [ERROR] LogOutputStream:75 - [STDERR_REDIRECT] [Fatal Error] :1:1: Premature end of file.
2026-02-02 17:26:01,097 [ERROR] LogOutputStream:75 - [STDERR_REDIRECT] 
2026-02-02 17:26:02,077 [ERROR] LogOutputStream:75 - [STDERR_REDIRECT] [Fatal Error] :1:1: Premature end of file.
2026-02-02 17:26:02,077 [ERROR] LogOutputStream:75 - [STDERR_REDIRECT] 
2026-02-02 17:26:03,162 [ERROR] LogOutputStream:75 - [STDERR_REDIRECT] [Fatal Error] :1:1: Premature end of file.
2026-02-02 17:26:03,162 [ERROR] LogOutputStream:75 - [STDERR_REDIRECT] 
2026-02-02 17:26:04,108 [ERROR] LogOutputStream:75 - [STDERR_REDIRECT] [Fatal Error] :1:1: Premature end of file.
2026-02-02 17:26:04,111 [ERROR] LogOutputStream:75 - [STDERR_REDIRECT] 
2026-02-02 17:26:05,099 [ERROR] LogOutputStream:75 - [STDERR_REDIRECT] [Fatal Error] :1:1: Premature end of file.
2026-02-02 17:26:05,100 [ERROR] LogOutputStream:75 - [STDERR_REDIRECT] 
2026-02-02 17:26:06,091 [ERROR] LogOutputStream:75 - [STDERR_REDIRECT] [Fatal Error] :1:1: Premature end of file.
2026-02-02 17:26:06,106 [ERROR] LogOutputStream:75 - [STDERR_REDIRECT] 
2026-02-02 17:26:07,156 [ERROR] LogOutputStream:75 - [STDERR_REDIRECT] [Fatal Error] :1:1: Premature end of file.
2026-02-02 17:26:07,156 [ERROR] LogOutputStream:75 - [STDERR_REDIRECT] 
2026-02-02 17:26:08,090 [ERROR] LogOutputStream:75 - [STDERR_REDIRECT] [Fatal Error] :1:1: Premature end of file.
2026-02-02 17:26:08,092 [ERROR] LogOutputStream:75 - [STDERR_REDIRECT] 
2026-02-02 17:26:09,082 [ERROR] LogOutputStream:75 - [STDERR_REDIRECT] [Fatal Error] :1:1: Premature end of file.
2026-02-02 17:26:09,083 [ERROR] LogOutputStream:75 - [STDERR_REDIRECT] 
2026-02-02 17:26:10,101 [ERROR] LogOutputStream:75 - [STDERR_REDIRECT] [Fatal Error] :1:1: Premature end of file.
2026-02-02 17:26:10,102 [ERROR] LogOutputStream:75 - [STDERR_REDIRECT] 
2026-02-02 17:26:11,111 [ERROR] LogOutputStream:75 - [STDERR_REDIRECT] [Fatal Error] :1:1: Premature end of file.
2026-02-02 17:26:11,111 [ERROR] LogOutputStream:75 - [STDERR_REDIRECT] 
2026-02-02 17:26:12,100 [ERROR] LogOutputStream:75 - [STDERR_REDIRECT] [Fatal Error] :1:1: Premature end of file.
2026-02-02 17:26:12,102 [ERROR] LogOutputStream:75 - [STDERR_REDIRECT] 
2026-02-02 17:26:13,113 [ERROR] LogOutputStream:75 - [STDERR_REDIRECT] [Fatal Error] :1:1: Premature end of file.
2026-02-02 17:26:13,114 [ERROR] LogOutputStream:75 - [STDERR_REDIRECT] 
2026-02-02 17:26:14,105 [ERROR] LogOutputStream:75 - [STDERR_REDIRECT] [Fatal Error] :1:1: Premature end of file.
2026-02-02 17:26:14,105 [ERROR] LogOutputStream:75 - [STDERR_REDIRECT] 
2026-02-02 17:26:15,096 [ERROR] LogOutputStream:75 - [STDERR_REDIRECT] [Fatal Error] :1:1: Premature end of file.
2026-02-02 17:26:15,096 [ERROR] LogOutputStream:75 - [STDERR_REDIRECT] 
2026-02-02 17:26:16,105 [ERROR] LogOutputStream:75 - [STDERR_REDIRECT] [Fatal Error] :1:1: Premature end of file.
2026-02-02 17:26:16,110 [ERROR] LogOutputStream:75 - [STDERR_REDIRECT] 
2026-02-02 17:26:17,090 [ERROR] LogOutputStream:75 - [STDERR_REDIRECT] [Fatal Error] :1:1: Premature end of file.
2026-02-02 17:26:17,090 [ERROR] LogOutputStream:75 - [STDERR_REDIRECT] 
2026-02-02 17:26:18,087 [ERROR] LogOutputStream:75 - [STDERR_REDIRECT] [Fatal Error] :1:1: Premature end of file.
2026-02-02 17:26:18,087 [ERROR] LogOutputStream:75 - [STDERR_REDIRECT] 
2026-02-02 17:26:19,122 [ERROR] LogOutputStream:75 - [STDERR_REDIRECT] [Fatal Error] :1:1: Premature end of file.
2026-02-02 17:26:19,122 [ERROR] LogOutputStream:75 - [STDERR_REDIRECT] 
2026-02-02 17:26:20,079 [ERROR] LogOutputStream:75 - [STDERR_REDIRECT] [Fatal Error] :1:1: Premature end of file.
2026-02-02 17:26:20,079 [ERROR] LogOutputStream:75 - [STDERR_REDIRECT] 
2026-02-02 17:26:21,095 [ERROR] LogOutputStream:75 - [STDERR_REDIRECT] [Fatal Error] :1:1: Premature end of file.
2026-02-02 17:26:21,097 [ERROR] LogOutputStream:75 - [STDERR_REDIRECT] 
2026-02-02 17:26:22,088 [ERROR] LogOutputStream:75 - [STDERR_REDIRECT] [Fatal Error] :1:1: Premature end of file.
2026-02-02 17:26:22,088 [ERROR] LogOutputStream:75 - [STDERR_REDIRECT] 
2026-02-02 17:26:23,094 [ERROR] LogOutputStream:75 - [STDERR_REDIRECT] [Fatal Error] :1:1: Premature end of file.
2026-02-02 17:26:23,094 [ERROR] LogOutputStream:75 - [STDERR_REDIRECT] 
2026-02-02 17:26:24,090 [ERROR] LogOutputStream:75 - [STDERR_REDIRECT] [Fatal Error] :1:1: Premature end of file.
2026-02-02 17:26:24,090 [ERROR] LogOutputStream:75 - [STDERR_REDIRECT] 
2026-02-02 17:26:25,110 [ERROR] LogOutputStream:75 - [STDERR_REDIRECT] [Fatal Error] :1:1: Premature end of file.
2026-02-02 17:26:25,110 [ERROR] LogOutputStream:75 - [STDERR_REDIRECT] 
2026-02-02 17:26:26,109 [ERROR] LogOutputStream:75 - [STDERR_REDIRECT] [Fatal Error] :1:1: Premature end of file.
2026-02-02 17:26:26,109 [ERROR] LogOutputStream:75 - [STDERR_REDIRECT] 
2026-02-02 17:26:27,092 [ERROR] LogOutputStream:75 - [STDERR_REDIRECT] [Fatal Error] :1:1: Premature end of file.
2026-02-02 17:26:27,092 [ERROR] LogOutputStream:75 - [STDERR_REDIRECT] 
2026-02-02 17:26:28,148 [ERROR] LogOutputStream:75 - [STDERR_REDIRECT] [Fatal Error] :1:1: Premature end of file.
2026-02-02 17:26:28,148 [ERROR] LogOutputStream:75 - [STDERR_REDIRECT] 
2026-02-02 17:26:29,107 [ERROR] LogOutputStream:75 - [STDERR_REDIRECT] [Fatal Error] :1:1: Premature end of file.
2026-02-02 17:26:29,107 [ERROR] LogOutputStream:75 - [STDERR_REDIRECT] 
2026-02-02 17:26:30,097 [ERROR] LogOutputStream:75 - [STDERR_REDIRECT] [Fatal Error] :1:1: Premature end of file.
2026-02-02 17:26:30,097 [ERROR] LogOutputStream:75 - [STDERR_REDIRECT] 
2026-02-02 17:26:31,097 [ERROR] LogOutputStream:75 - [STDERR_REDIRECT] [Fatal Error] :1:1: Premature end of file.
2026-02-02 17:26:31,097 [ERROR] LogOutputStream:75 - [STDERR_REDIRECT] 
2026-02-02 17:26:32,109 [ERROR] LogOutputStream:75 - [STDERR_REDIRECT] [Fatal Error] :1:1: Premature end of file.
2026-02-02 17:26:32,109 [ERROR] LogOutputStream:75 - [STDERR_REDIRECT] 
2026-02-02 17:26:33,110 [ERROR] LogOutputStream:75 - [STDERR_REDIRECT] [Fatal Error] :1:1: Premature end of file.
2026-02-02 17:26:33,110 [ERROR] LogOutputStream:75 - [STDERR_REDIRECT] 
2026-02-02 17:26:34,095 [ERROR] LogOutputStream:75 - [STDERR_REDIRECT] [Fatal Error] :1:1: Premature end of file.
2026-02-02 17:26:34,095 [ERROR] LogOutputStream:75 - [STDERR_REDIRECT] 
2026-02-02 17:26:35,118 [ERROR] LogOutputStream:75 - [STDERR_REDIRECT] [Fatal Error] :1:1: Premature end of file.
2026-02-02 17:26:35,121 [ERROR] LogOutputStream:75 - [STDERR_REDIRECT] 
2026-02-02 17:26:36,100 [ERROR] LogOutputStream:75 - [STDERR_REDIRECT] [Fatal Error] :1:1: Premature end of file.
2026-02-02 17:26:36,100 [ERROR] LogOutputStream:75 - [STDERR_REDIRECT] 
2026-02-02 17:26:37,096 [ERROR] LogOutputStream:75 - [STDERR_REDIRECT] [Fatal Error] :1:1: Premature end of file.
2026-02-02 17:26:37,096 [ERROR] LogOutputStream:75 - [STDERR_REDIRECT] 
2026-02-02 17:26:38,080 [ERROR] LogOutputStream:75 - [STDERR_REDIRECT] [Fatal Error] :1:1: Premature end of file.
2026-02-02 17:26:38,080 [ERROR] LogOutputStream:75 - [STDERR_REDIRECT] 
2026-02-02 17:26:39,130 [ERROR] LogOutputStream:75 - [STDERR_REDIRECT] [Fatal Error] :1:1: Premature end of file.
2026-02-02 17:26:39,130 [ERROR] LogOutputStream:75 - [STDERR_REDIRECT] 
2026-02-02 17:26:40,139 [ERROR] LogOutputStream:75 - [STDERR_REDIRECT] [Fatal Error] :1:1: Premature end of file.
2026-02-02 17:26:40,139 [ERROR] LogOutputStream:75 - [STDERR_REDIRECT] 
2026-02-02 17:26:41,109 [ERROR] LogOutputStream:75 - [STDERR_REDIRECT] [Fatal Error] :1:1: Premature end of file.
2026-02-02 17:26:41,109 [ERROR] LogOutputStream:75 - [STDERR_REDIRECT] 
2026-02-02 17:26:42,221 [ERROR] LogOutputStream:75 - [STDERR_REDIRECT] [Fatal Error] :1:1: Premature end of file.
2026-02-02 17:26:42,221 [ERROR] LogOutputStream:75 - [STDERR_REDIRECT] 
2026-02-02 17:26:43,113 [ERROR] LogOutputStream:75 - [STDERR_REDIRECT] [Fatal Error] :1:1: Premature end of file.
2026-02-02 17:26:43,113 [ERROR] LogOutputStream:75 - [STDERR_REDIRECT] 
2026-02-02 17:26:44,102 [ERROR] LogOutputStream:75 - [STDERR_REDIRECT] [Fatal Error] :1:1: Premature end of file.
2026-02-02 17:26:44,102 [ERROR] LogOutputStream:75 - [STDERR_REDIRECT] 
2026-02-02 17:26:45,109 [ERROR] LogOutputStream:75 - [STDERR_REDIRECT] [Fatal Error] :1:1: Premature end of file.
2026-02-02 17:26:45,109 [ERROR] LogOutputStream:75 - [STDERR_REDIRECT] 
2026-02-02 17:26:46,083 [ERROR] LogOutputStream:75 - [STDERR_REDIRECT] [Fatal Error] :1:1: Premature end of file.
2026-02-02 17:26:46,083 [ERROR] LogOutputStream:75 - [STDERR_REDIRECT] 
2026-02-02 17:26:47,082 [ERROR] LogOutputStream:75 - [STDERR_REDIRECT] [Fatal Error] :1:1: Premature end of file.
2026-02-02 17:26:47,082 [ERROR] LogOutputStream:75 - [STDERR_REDIRECT] 
2026-02-02 17:26:48,082 [ERROR] LogOutputStream:75 - [STDERR_REDIRECT] [Fatal Error] :1:1: Premature end of file.
2026-02-02 17:26:48,082 [ERROR] LogOutputStream:75 - [STDERR_REDIRECT] 
2026-02-02 17:26:49,125 [ERROR] LogOutputStream:75 - [STDERR_REDIRECT] [Fatal Error] :1:1: Premature end of file.
2026-02-02 17:26:49,125 [ERROR] LogOutputStream:75 - [STDERR_REDIRECT] 
2026-02-02 17:26:50,076 [ERROR] LogOutputStream:75 - [STDERR_REDIRECT] [Fatal Error] :1:1: Premature end of file.
2026-02-02 17:26:50,078 [ERROR] LogOutputStream:75 - [STDERR_REDIRECT] 
2026-02-02 17:26:51,122 [ERROR] LogOutputStream:75 - [STDERR_REDIRECT] [Fatal Error] :1:1: Premature end of file.
2026-02-02 17:26:51,124 [ERROR] LogOutputStream:75 - [STDERR_REDIRECT] 
2026-02-02 17:26:52,132 [ERROR] LogOutputStream:75 - [STDERR_REDIRECT] [Fatal Error] :1:1: Premature end of file.
2026-02-02 17:26:52,132 [ERROR] LogOutputStream:75 - [STDERR_REDIRECT] 
2026-02-02 17:26:53,222 [ERROR] LogOutputStream:75 - [STDERR_REDIRECT] [Fatal Error] :1:1: Premature end of file.
2026-02-02 17:26:53,222 [ERROR] LogOutputStream:75 - [STDERR_REDIRECT] 
2026-02-02 17:26:54,100 [ERROR] LogOutputStream:75 - [STDERR_REDIRECT] [Fatal Error] :1:1: Premature end of file.
2026-02-02 17:26:54,100 [ERROR] LogOutputStream:75 - [STDERR_REDIRECT] 
2026-02-02 17:26:55,100 [ERROR] LogOutputStream:75 - [STDERR_REDIRECT] [Fatal Error] :1:1: Premature end of file.
2026-02-02 17:26:55,100 [ERROR] LogOutputStream:75 - [STDERR_REDIRECT] 
2026-02-02 17:26:56,104 [ERROR] LogOutputStream:75 - [STDERR_REDIRECT] [Fatal Error] :1:1: Premature end of file.
2026-02-02 17:26:56,104 [ERROR] LogOutputStream:75 - [STDERR_REDIRECT] 
2026-02-02 17:26:57,148 [ERROR] LogOutputStream:75 - [STDERR_REDIRECT] [Fatal Error] :1:1: Premature end of file.
2026-02-02 17:26:57,148 [ERROR] LogOutputStream:75 - [STDERR_REDIRECT] 
2026-02-02 17:26:58,125 [ERROR] LogOutputStream:75 - [STDERR_REDIRECT] [Fatal Error] :1:1: Premature end of file.
2026-02-02 17:26:58,125 [ERROR] LogOutputStream:75 - [STDERR_REDIRECT] 
2026-02-02 17:26:59,166 [ERROR] LogOutputStream:75 - [STDERR_REDIRECT] [Fatal Error] :1:1: Premature end of file.
2026-02-02 17:26:59,167 [ERROR] LogOutputStream:75 - [STDERR_REDIRECT] 
2026-02-02 17:27:00,131 [ERROR] LogOutputStream:75 - [STDERR_REDIRECT] [Fatal Error] :1:1: Premature end of file.
2026-02-02 17:27:00,138 [ERROR] LogOutputStream:75 - [STDERR_REDIRECT] 
2026-02-02 17:27:01,099 [ERROR] LogOutputStream:75 - [STDERR_REDIRECT] [Fatal Error] :1:1: Premature end of file.
2026-02-02 17:27:01,099 [ERROR] LogOutputStream:75 - [STDERR_REDIRECT] 
2026-02-02 17:27:02,094 [ERROR] LogOutputStream:75 - [STDERR_REDIRECT] [Fatal Error] :1:1: Premature end of file.
2026-02-02 17:27:02,094 [ERROR] LogOutputStream:75 - [STDERR_REDIRECT] 
2026-02-02 17:27:03,171 [ERROR] LogOutputStream:75 - [STDERR_REDIRECT] [Fatal Error] :1:1: Premature end of file.
2026-02-02 17:27:03,171 [ERROR] LogOutputStream:75 - [STDERR_REDIRECT] 
2026-02-02 17:27:04,090 [ERROR] LogOutputStream:75 - [STDERR_REDIRECT] [Fatal Error] :1:1: Premature end of file.
2026-02-02 17:27:04,090 [ERROR] LogOutputStream:75 - [STDERR_REDIRECT] 
2026-02-02 17:27:05,107 [ERROR] LogOutputStream:75 - [STDERR_REDIRECT] [Fatal Error] :1:1: Premature end of file.
2026-02-02 17:27:05,108 [ERROR] LogOutputStream:75 - [STDERR_REDIRECT] 
2026-02-02 17:27:06,105 [ERROR] LogOutputStream:75 - [STDERR_REDIRECT] [Fatal Error] :1:1: Premature end of file.
2026-02-02 17:27:06,106 [ERROR] LogOutputStream:75 - [STDERR_REDIRECT] 
2026-02-02 17:27:07,096 [ERROR] LogOutputStream:75 - [STDERR_REDIRECT] [Fatal Error] :1:1: Premature end of file.
2026-02-02 17:27:07,096 [ERROR] LogOutputStream:75 - [STDERR_REDIRECT] 
2026-02-02 17:27:08,083 [ERROR] LogOutputStream:75 - [STDERR_REDIRECT] [Fatal Error] :1:1: Premature end of file.
2026-02-02 17:27:08,083 [ERROR] LogOutputStream:75 - [STDERR_REDIRECT] 
2026-02-02 17:27:09,083 [ERROR] LogOutputStream:75 - [STDERR_REDIRECT] [Fatal Error] :1:1: Premature end of file.
2026-02-02 17:27:09,083 [ERROR] LogOutputStream:75 - [STDERR_REDIRECT] 
2026-02-02 17:27:10,092 [ERROR] LogOutputStream:75 - [STDERR_REDIRECT] [Fatal Error] :1:1: Premature end of file.
2026-02-02 17:27:10,092 [ERROR] LogOutputStream:75 - [STDERR_REDIRECT] 
2026-02-02 17:27:11,086 [ERROR] LogOutputStream:75 - [STDERR_REDIRECT] [Fatal Error] :1:1: Premature end of file.
2026-02-02 17:27:11,086 [ERROR] LogOutputStream:75 - [STDERR_REDIRECT] 
2026-02-02 17:27:12,095 [ERROR] LogOutputStream:75 - [STDERR_REDIRECT] [Fatal Error] :1:1: Premature end of file.
2026-02-02 17:27:12,097 [ERROR] LogOutputStream:75 - [STDERR_REDIRECT] 
2026-02-02 17:27:13,084 [ERROR] LogOutputStream:75 - [STDERR_REDIRECT] [Fatal Error] :1:1: Premature end of file.
2026-02-02 17:27:13,084 [ERROR] LogOutputStream:75 - [STDERR_REDIRECT] 
2026-02-02 17:27:14,076 [ERROR] LogOutputStream:75 - [STDERR_REDIRECT] [Fatal Error] :1:1: Premature end of file.
2026-02-02 17:27:14,076 [ERROR] LogOutputStream:75 - [STDERR_REDIRECT] 
2026-02-02 17:27:15,112 [ERROR] LogOutputStream:75 - [STDERR_REDIRECT] [Fatal Error] :1:1: Premature end of file.
2026-02-02 17:27:15,112 [ERROR] LogOutputStream:75 - [STDERR_REDIRECT] 
2026-02-02 17:27:16,093 [ERROR] LogOutputStream:75 - [STDERR_REDIRECT] [Fatal Error] :1:1: Premature end of file.
2026-02-02 17:27:16,093 [ERROR] LogOutputStream:75 - [STDERR_REDIRECT] 
2026-02-02 17:27:17,085 [ERROR] LogOutputStream:75 - [STDERR_REDIRECT] [Fatal Error] :1:1: Premature end of file.
2026-02-02 17:27:17,085 [ERROR] LogOutputStream:75 - [STDERR_REDIRECT] 
2026-02-02 17:27:18,105 [ERROR] LogOutputStream:75 - [STDERR_REDIRECT] [Fatal Error] :1:1: Premature end of file.
2026-02-02 17:27:18,105 [ERROR] LogOutputStream:75 - [STDERR_REDIRECT] 
2026-02-02 17:27:19,097 [ERROR] LogOutputStream:75 - [STDERR_REDIRECT] [Fatal Error] :1:1: Premature end of file.
2026-02-02 17:27:19,097 [ERROR] LogOutputStream:75 - [STDERR_REDIRECT] 
2026-02-02 17:27:20,093 [ERROR] LogOutputStream:75 - [STDERR_REDIRECT] [Fatal Error] :1:1: Premature end of file.
2026-02-02 17:27:20,093 [ERROR] LogOutputStream:75 - [STDERR_REDIRECT] 
2026-02-02 17:27:21,131 [ERROR] LogOutputStream:75 - [STDERR_REDIRECT] [Fatal Error] :1:1: Premature end of file.
2026-02-02 17:27:21,131 [ERROR] LogOutputStream:75 - [STDERR_REDIRECT] 
2026-02-02 17:27:22,141 [ERROR] LogOutputStream:75 - [STDERR_REDIRECT] [Fatal Error] :1:1: Premature end of file.
2026-02-02 17:27:22,145 [ERROR] LogOutputStream:75 - [STDERR_REDIRECT] 
2026-02-02 17:27:23,090 [ERROR] LogOutputStream:75 - [STDERR_REDIRECT] [Fatal Error] :1:1: Premature end of file.
2026-02-02 17:27:23,090 [ERROR] LogOutputStream:75 - [STDERR_REDIRECT] 
2026-02-02 17:27:24,104 [ERROR] LogOutputStream:75 - [STDERR_REDIRECT] [Fatal Error] :1:1: Premature end of file.
2026-02-02 17:27:24,104 [ERROR] LogOutputStream:75 - [STDERR_REDIRECT] 
2026-02-02 17:27:25,083 [ERROR] LogOutputStream:75 - [STDERR_REDIRECT] [Fatal Error] :1:1: Premature end of file.
2026-02-02 17:27:25,083 [ERROR] LogOutputStream:75 - [STDERR_REDIRECT] 
2026-02-02 17:27:26,108 [ERROR] LogOutputStream:75 - [STDERR_REDIRECT] [Fatal Error] :1:1: Premature end of file.
2026-02-02 17:27:26,108 [ERROR] LogOutputStream:75 - [STDERR_REDIRECT] 
2026-02-02 17:27:27,118 [ERROR] LogOutputStream:75 - [STDERR_REDIRECT] [Fatal Error] :1:1: Premature end of file.
2026-02-02 17:27:27,119 [ERROR] LogOutputStream:75 - [STDERR_REDIRECT] 
2026-02-02 17:27:28,127 [ERROR] LogOutputStream:75 - [STDERR_REDIRECT] [Fatal Error] :1:1: Premature end of file.
2026-02-02 17:27:28,127 [ERROR] LogOutputStream:75 - [STDERR_REDIRECT] 
2026-02-02 17:27:29,087 [ERROR] LogOutputStream:75 - [STDERR_REDIRECT] [Fatal Error] :1:1: Premature end of file.
2026-02-02 17:27:29,087 [ERROR] LogOutputStream:75 - [STDERR_REDIRECT] 
2026-02-02 17:27:30,091 [ERROR] LogOutputStream:75 - [STDERR_REDIRECT] [Fatal Error] :1:1: Premature end of file.
2026-02-02 17:27:30,091 [ERROR] LogOutputStream:75 - [STDERR_REDIRECT] 
2026-02-02 17:27:31,161 [ERROR] LogOutputStream:75 - [STDERR_REDIRECT] [Fatal Error] :1:1: Premature end of file.
2026-02-02 17:27:31,177 [ERROR] LogOutputStream:75 - [STDERR_REDIRECT] 
2026-02-02 17:27:32,083 [ERROR] LogOutputStream:75 - [STDERR_REDIRECT] [Fatal Error] :1:1: Premature end of file.
2026-02-02 17:27:32,087 [ERROR] LogOutputStream:75 - [STDERR_REDIRECT] 
2026-02-02 17:27:33,091 [ERROR] LogOutputStream:75 - [STDERR_REDIRECT] [Fatal Error] :1:1: Premature end of file.
2026-02-02 17:27:33,091 [ERROR] LogOutputStream:75 - [STDERR_REDIRECT] 
2026-02-02 17:27:34,090 [ERROR] LogOutputStream:75 - [STDERR_REDIRECT] [Fatal Error] :1:1: Premature end of file.
2026-02-02 17:27:34,091 [ERROR] LogOutputStream:75 - [STDERR_REDIRECT] 
2026-02-02 17:27:35,112 [ERROR] LogOutputStream:75 - [STDERR_REDIRECT] [Fatal Error] :1:1: Premature end of file.
2026-02-02 17:27:35,113 [ERROR] LogOutputStream:75 - [STDERR_REDIRECT] 
2026-02-02 17:27:36,090 [ERROR] LogOutputStream:75 - [STDERR_REDIRECT] [Fatal Error] :1:1: Premature end of file.
2026-02-02 17:27:36,090 [ERROR] LogOutputStream:75 - [STDERR_REDIRECT] 
2026-02-02 17:27:37,095 [ERROR] LogOutputStream:75 - [STDERR_REDIRECT] [Fatal Error] :1:1: Premature end of file.
2026-02-02 17:27:37,095 [ERROR] LogOutputStream:75 - [STDERR_REDIRECT] 
2026-02-02 17:27:38,096 [ERROR] LogOutputStream:75 - [STDERR_REDIRECT] [Fatal Error] :1:1: Premature end of file.
2026-02-02 17:27:38,096 [ERROR] LogOutputStream:75 - [STDERR_REDIRECT] 
2026-02-02 17:27:39,091 [ERROR] LogOutputStream:75 - [STDERR_REDIRECT] [Fatal Error] :1:1: Premature end of file.
2026-02-02 17:27:39,091 [ERROR] LogOutputStream:75 - [STDERR_REDIRECT] 
2026-02-02 17:27:40,119 [ERROR] LogOutputStream:75 - [STDERR_REDIRECT] [Fatal Error] :1:1: Premature end of file.
2026-02-02 17:27:40,120 [ERROR] LogOutputStream:75 - [STDERR_REDIRECT] 
2026-02-02 17:27:41,076 [ERROR] LogOutputStream:75 - [STDERR_REDIRECT] [Fatal Error] :1:1: Premature end of file.
2026-02-02 17:27:41,076 [ERROR] LogOutputStream:75 - [STDERR_REDIRECT] 
2026-02-02 17:27:42,092 [ERROR] LogOutputStream:75 - [STDERR_REDIRECT] [Fatal Error] :1:1: Premature end of file.
2026-02-02 17:27:42,092 [ERROR] LogOutputStream:75 - [STDERR_REDIRECT] 
2026-02-02 17:27:43,095 [ERROR] LogOutputStream:75 - [STDERR_REDIRECT] [Fatal Error] :1:1: Premature end of file.
2026-02-02 17:27:43,095 [ERROR] LogOutputStream:75 - [STDERR_REDIRECT] 
2026-02-02 17:27:44,098 [ERROR] LogOutputStream:75 - [STDERR_REDIRECT] [Fatal Error] :1:1: Premature end of file.
2026-02-02 17:27:44,098 [ERROR] LogOutputStream:75 - [STDERR_REDIRECT] 
2026-02-02 17:27:45,110 [ERROR] LogOutputStream:75 - [STDERR_REDIRECT] [Fatal Error] :1:1: Premature end of file.
2026-02-02 17:27:45,110 [ERROR] LogOutputStream:75 - [STDERR_REDIRECT] 
2026-02-02 17:27:46,088 [ERROR] LogOutputStream:75 - [STDERR_REDIRECT] [Fatal Error] :1:1: Premature end of file.
2026-02-02 17:27:46,088 [ERROR] LogOutputStream:75 - [STDERR_REDIRECT] 
2026-02-02 17:27:47,106 [ERROR] LogOutputStream:75 - [STDERR_REDIRECT] [Fatal Error] :1:1: Premature end of file.
2026-02-02 17:27:47,106 [ERROR] LogOutputStream:75 - [STDERR_REDIRECT] 
2026-02-02 17:27:48,093 [ERROR] LogOutputStream:75 - [STDERR_REDIRECT] [Fatal Error] :1:1: Premature end of file.
2026-02-02 17:27:48,093 [ERROR] LogOutputStream:75 - [STDERR_REDIRECT] 
2026-02-02 17:27:49,087 [ERROR] LogOutputStream:75 - [STDERR_REDIRECT] [Fatal Error] :1:1: Premature end of file.
2026-02-02 17:27:49,087 [ERROR] LogOutputStream:75 - [STDERR_REDIRECT] 
2026-02-02 17:27:50,096 [ERROR] LogOutputStream:75 - [STDERR_REDIRECT] [Fatal Error] :1:1: Premature end of file.
2026-02-02 17:27:50,096 [ERROR] LogOutputStream:75 - [STDERR_REDIRECT] 
2026-02-02 17:27:51,098 [ERROR] LogOutputStream:75 - [STDERR_REDIRECT] [Fatal Error] :1:1: Premature end of file.
2026-02-02 17:27:51,098 [ERROR] LogOutputStream:75 - [STDERR_REDIRECT] 
2026-02-02 17:27:52,099 [ERROR] LogOutputStream:75 - [STDERR_REDIRECT] [Fatal Error] :1:1: Premature end of file.
2026-02-02 17:27:52,099 [ERROR] LogOutputStream:75 - [STDERR_REDIRECT] 
2026-02-02 17:27:53,124 [ERROR] LogOutputStream:75 - [STDERR_REDIRECT] [Fatal Error] :1:1: Premature end of file.
2026-02-02 17:27:53,124 [ERROR] LogOutputStream:75 - [STDERR_REDIRECT] 
2026-02-02 17:27:54,080 [ERROR] LogOutputStream:75 - [STDERR_REDIRECT] [Fatal Error] :1:1: Premature end of file.
2026-02-02 17:27:54,080 [ERROR] LogOutputStream:75 - [STDERR_REDIRECT] 
2026-02-02 17:27:55,080 [ERROR] LogOutputStream:75 - [STDERR_REDIRECT] [Fatal Error] :1:1: Premature end of file.
2026-02-02 17:27:55,080 [ERROR] LogOutputStream:75 - [STDERR_REDIRECT] 
2026-02-02 17:27:56,085 [ERROR] LogOutputStream:75 - [STDERR_REDIRECT] [Fatal Error] :1:1: Premature end of file.
2026-02-02 17:27:56,085 [ERROR] LogOutputStream:75 - [STDERR_REDIRECT] 
2026-02-02 17:27:57,078 [ERROR] LogOutputStream:75 - [STDERR_REDIRECT] [Fatal Error] :1:1: Premature end of file.
2026-02-02 17:27:57,078 [ERROR] LogOutputStream:75 - [STDERR_REDIRECT] 
2026-02-02 17:27:58,089 [ERROR] LogOutputStream:75 - [STDERR_REDIRECT] [Fatal Error] :1:1: Premature end of file.
2026-02-02 17:27:58,089 [ERROR] LogOutputStream:75 - [STDERR_REDIRECT] 
2026-02-02 17:27:59,079 [ERROR] LogOutputStream:75 - [STDERR_REDIRECT] [Fatal Error] :1:1: Premature end of file.
2026-02-02 17:27:59,079 [ERROR] LogOutputStream:75 - [STDERR_REDIRECT] 
2026-02-02 17:28:00,126 [ERROR] LogOutputStream:75 - [STDERR_REDIRECT] [Fatal Error] :1:1: Premature end of file.
2026-02-02 17:28:00,127 [ERROR] LogOutputStream:75 - [STDERR_REDIRECT] 
2026-02-02 17:28:01,075 [ERROR] LogOutputStream:75 - [STDERR_REDIRECT] [Fatal Error] :1:1: Premature end of file.
2026-02-02 17:28:01,075 [ERROR] LogOutputStream:75 - [STDERR_REDIRECT] 
2026-02-02 17:28:02,075 [ERROR] LogOutputStream:75 - [STDERR_REDIRECT] [Fatal Error] :1:1: Premature end of file.
2026-02-02 17:28:02,075 [ERROR] LogOutputStream:75 - [STDERR_REDIRECT] 
2026-02-02 17:28:03,077 [ERROR] LogOutputStream:75 - [STDERR_REDIRECT] [Fatal Error] :1:1: Premature end of file.
2026-02-02 17:28:03,077 [ERROR] LogOutputStream:75 - [STDERR_REDIRECT] 
2026-02-02 17:28:04,082 [ERROR] LogOutputStream:75 - [STDERR_REDIRECT] [Fatal Error] :1:1: Premature end of file.
2026-02-02 17:28:04,082 [ERROR] LogOutputStream:75 - [STDERR_REDIRECT] 
2026-02-02 17:28:05,071 [ERROR] LogOutputStream:75 - [STDERR_REDIRECT] [Fatal Error] :1:1: Premature end of file.
2026-02-02 17:28:05,071 [ERROR] LogOutputStream:75 - [STDERR_REDIRECT] 
2026-02-02 17:28:06,079 [ERROR] LogOutputStream:75 - [STDERR_REDIRECT] [Fatal Error] :1:1: Premature end of file.
2026-02-02 17:28:06,080 [ERROR] LogOutputStream:75 - [STDERR_REDIRECT] 
2026-02-02 17:28:07,087 [ERROR] LogOutputStream:75 - [STDERR_REDIRECT] [Fatal Error] :1:1: Premature end of file.
2026-02-02 17:28:07,087 [ERROR] LogOutputStream:75 - [STDERR_REDIRECT] 
2026-02-02 17:28:08,083 [ERROR] LogOutputStream:75 - [STDERR_REDIRECT] [Fatal Error] :1:1: Premature end of file.
2026-02-02 17:28:08,084 [ERROR] LogOutputStream:75 - [STDERR_REDIRECT] 
2026-02-02 17:28:09,079 [ERROR] LogOutputStream:75 - [STDERR_REDIRECT] [Fatal Error] :1:1: Premature end of file.
2026-02-02 17:28:09,079 [ERROR] LogOutputStream:75 - [STDERR_REDIRECT] 
2026-02-02 17:28:10,076 [ERROR] LogOutputStream:75 - [STDERR_REDIRECT] [Fatal Error] :1:1: Premature end of file.
2026-02-02 17:28:10,076 [ERROR] LogOutputStream:75 - [STDERR_REDIRECT] 
2026-02-02 17:28:11,067 [ERROR] LogOutputStream:75 - [STDERR_REDIRECT] [Fatal Error] :1:1: Premature end of file.
2026-02-02 17:28:11,067 [ERROR] LogOutputStream:75 - [STDERR_REDIRECT] 
2026-02-02 17:28:12,078 [ERROR] LogOutputStream:75 - [STDERR_REDIRECT] [Fatal Error] :1:1: Premature end of file.
2026-02-02 17:28:12,078 [ERROR] LogOutputStream:75 - [STDERR_REDIRECT] 
2026-02-02 17:28:13,077 [ERROR] LogOutputStream:75 - [STDERR_REDIRECT] [Fatal Error] :1:1: Premature end of file.
2026-02-02 17:28:13,078 [ERROR] LogOutputStream:75 - [STDERR_REDIRECT] 
2026-02-02 17:28:14,086 [ERROR] LogOutputStream:75 - [STDERR_REDIRECT] [Fatal Error] :1:1: Premature end of file.
2026-02-02 17:28:14,086 [ERROR] LogOutputStream:75 - [STDERR_REDIRECT] 
2026-02-02 17:28:15,078 [ERROR] LogOutputStream:75 - [STDERR_REDIRECT] [Fatal Error] :1:1: Premature end of file.
2026-02-02 17:28:15,078 [ERROR] LogOutputStream:75 - [STDERR_REDIRECT] 
2026-02-02 17:28:16,082 [ERROR] LogOutputStream:75 - [STDERR_REDIRECT] [Fatal Error] :1:1: Premature end of file.
2026-02-02 17:28:16,082 [ERROR] LogOutputStream:75 - [STDERR_REDIRECT] 
2026-02-02 17:28:17,070 [ERROR] LogOutputStream:75 - [STDERR_REDIRECT] [Fatal Error] :1:1: Premature end of file.
2026-02-02 17:28:17,070 [ERROR] LogOutputStream:75 - [STDERR_REDIRECT] 
2026-02-02 17:28:18,070 [ERROR] LogOutputStream:75 - [STDERR_REDIRECT] [Fatal Error] :1:1: Premature end of file.
2026-02-02 17:28:18,070 [ERROR] LogOutputStream:75 - [STDERR_REDIRECT] 
2026-02-02 17:28:19,079 [ERROR] LogOutputStream:75 - [STDERR_REDIRECT] [Fatal Error] :1:1: Premature end of file.
2026-02-02 17:28:19,079 [ERROR] LogOutputStream:75 - [STDERR_REDIRECT] 
2026-02-02 17:28:20,070 [ERROR] LogOutputStream:75 - [STDERR_REDIRECT] [Fatal Error] :1:1: Premature end of file.
2026-02-02 17:28:20,070 [ERROR] LogOutputStream:75 - [STDERR_REDIRECT] 
2026-02-02 17:28:21,073 [ERROR] LogOutputStream:75 - [STDERR_REDIRECT] [Fatal Error] :1:1: Premature end of file.
2026-02-02 17:28:21,073 [ERROR] LogOutputStream:75 - [STDERR_REDIRECT] 
2026-02-02 17:28:22,076 [ERROR] LogOutputStream:75 - [STDERR_REDIRECT] [Fatal Error] :1:1: Premature end of file.
2026-02-02 17:28:22,076 [ERROR] LogOutputStream:75 - [STDERR_REDIRECT] 
2026-02-02 17:28:23,073 [ERROR] LogOutputStream:75 - [STDERR_REDIRECT] [Fatal Error] :1:1: Premature end of file.
2026-02-02 17:28:23,073 [ERROR] LogOutputStream:75 - [STDERR_REDIRECT] 
2026-02-02 17:28:24,076 [ERROR] LogOutputStream:75 - [STDERR_REDIRECT] [Fatal Error] :1:1: Premature end of file.
2026-02-02 17:28:24,076 [ERROR] LogOutputStream:75 - [STDERR_REDIRECT] 
2026-02-02 17:28:25,075 [ERROR] LogOutputStream:75 - [STDERR_REDIRECT] [Fatal Error] :1:1: Premature end of file.
2026-02-02 17:28:25,075 [ERROR] LogOutputStream:75 - [STDERR_REDIRECT] 
2026-02-02 17:28:26,083 [ERROR] LogOutputStream:75 - [STDERR_REDIRECT] [Fatal Error] :1:1: Premature end of file.
2026-02-02 17:28:26,083 [ERROR] LogOutputStream:75 - [STDERR_REDIRECT] 
2026-02-02 17:28:27,076 [ERROR] LogOutputStream:75 - [STDERR_REDIRECT] [Fatal Error] :1:1: Premature end of file.
2026-02-02 17:28:27,076 [ERROR] LogOutputStream:75 - [STDERR_REDIRECT] 
2026-02-02 17:28:28,094 [ERROR] LogOutputStream:75 - [STDERR_REDIRECT] [Fatal Error] :1:1: Premature end of file.
2026-02-02 17:28:28,095 [ERROR] LogOutputStream:75 - [STDERR_REDIRECT] 
2026-02-02 17:28:29,074 [ERROR] LogOutputStream:75 - [STDERR_REDIRECT] [Fatal Error] :1:1: Premature end of file.
2026-02-02 17:28:29,074 [ERROR] LogOutputStream:75 - [STDERR_REDIRECT] 
2026-02-02 17:28:30,075 [ERROR] LogOutputStream:75 - [STDERR_REDIRECT] [Fatal Error] :1:1: Premature end of file.
2026-02-02 17:28:30,075 [ERROR] LogOutputStream:75 - [STDERR_REDIRECT] 
2026-02-02 17:28:31,069 [ERROR] LogOutputStream:75 - [STDERR_REDIRECT] [Fatal Error] :1:1: Premature end of file.
2026-02-02 17:28:31,069 [ERROR] LogOutputStream:75 - [STDERR_REDIRECT] 
2026-02-02 17:28:32,073 [ERROR] LogOutputStream:75 - [STDERR_REDIRECT] [Fatal Error] :1:1: Premature end of file.
2026-02-02 17:28:32,073 [ERROR] LogOutputStream:75 - [STDERR_REDIRECT] 
2026-02-02 17:28:33,080 [ERROR] LogOutputStream:75 - [STDERR_REDIRECT] [Fatal Error] :1:1: Premature end of file.
2026-02-02 17:28:33,080 [ERROR] LogOutputStream:75 - [STDERR_REDIRECT] 
2026-02-02 17:28:34,088 [ERROR] LogOutputStream:75 - [STDERR_REDIRECT] [Fatal Error] :1:1: Premature end of file.
2026-02-02 17:28:34,088 [ERROR] LogOutputStream:75 - [STDERR_REDIRECT] 
2026-02-02 17:28:35,088 [ERROR] LogOutputStream:75 - [STDERR_REDIRECT] [Fatal Error] :1:1: Premature end of file.
2026-02-02 17:28:35,088 [ERROR] LogOutputStream:75 - [STDERR_REDIRECT] 
2026-02-02 17:28:36,081 [ERROR] LogOutputStream:75 - [STDERR_REDIRECT] [Fatal Error] :1:1: Premature end of file.
2026-02-02 17:28:36,081 [ERROR] LogOutputStream:75 - [STDERR_REDIRECT] 
2026-02-02 17:28:37,078 [ERROR] LogOutputStream:75 - [STDERR_REDIRECT] [Fatal Error] :1:1: Premature end of file.
2026-02-02 17:28:37,078 [ERROR] LogOutputStream:75 - [STDERR_REDIRECT] 
2026-02-02 17:28:38,087 [ERROR] LogOutputStream:75 - [STDERR_REDIRECT] [Fatal Error] :1:1: Premature end of file.
2026-02-02 17:28:38,087 [ERROR] LogOutputStream:75 - [STDERR_REDIRECT] 
2026-02-02 17:28:39,074 [ERROR] LogOutputStream:75 - [STDERR_REDIRECT] [Fatal Error] :1:1: Premature end of file.
2026-02-02 17:28:39,074 [ERROR] LogOutputStream:75 - [STDERR_REDIRECT] 
2026-02-02 17:28:40,079 [ERROR] LogOutputStream:75 - [STDERR_REDIRECT] [Fatal Error] :1:1: Premature end of file.
2026-02-02 17:28:40,079 [ERROR] LogOutputStream:75 - [STDERR_REDIRECT] 
2026-02-02 17:28:41,090 [ERROR] LogOutputStream:75 - [STDERR_REDIRECT] [Fatal Error] :1:1: Premature end of file.
2026-02-02 17:28:41,090 [ERROR] LogOutputStream:75 - [STDERR_REDIRECT] 
2026-02-02 17:28:42,073 [ERROR] LogOutputStream:75 - [STDERR_REDIRECT] [Fatal Error] :1:1: Premature end of file.
2026-02-02 17:28:42,073 [ERROR] LogOutputStream:75 - [STDERR_REDIRECT] 
2026-02-02 17:28:43,081 [ERROR] LogOutputStream:75 - [STDERR_REDIRECT] [Fatal Error] :1:1: Premature end of file.
2026-02-02 17:28:43,081 [ERROR] LogOutputStream:75 - [STDERR_REDIRECT] 
2026-02-02 17:28:44,086 [ERROR] LogOutputStream:75 - [STDERR_REDIRECT] [Fatal Error] :1:1: Premature end of file.
2026-02-02 17:28:44,086 [ERROR] LogOutputStream:75 - [STDERR_REDIRECT] 
2026-02-02 17:28:45,086 [ERROR] LogOutputStream:75 - [STDERR_REDIRECT] [Fatal Error] :1:1: Premature end of file.
2026-02-02 17:28:45,086 [ERROR] LogOutputStream:75 - [STDERR_REDIRECT] 
2026-02-02 17:28:46,084 [ERROR] LogOutputStream:75 - [STDERR_REDIRECT] [Fatal Error] :1:1: Premature end of file.
2026-02-02 17:28:46,084 [ERROR] LogOutputStream:75 - [STDERR_REDIRECT] 
2026-02-02 17:28:47,090 [ERROR] LogOutputStream:75 - [STDERR_REDIRECT] [Fatal Error] :1:1: Premature end of file.
2026-02-02 17:28:47,090 [ERROR] LogOutputStream:75 - [STDERR_REDIRECT] 
2026-02-02 17:28:48,082 [ERROR] LogOutputStream:75 - [STDERR_REDIRECT] [Fatal Error] :1:1: Premature end of file.
2026-02-02 17:28:48,082 [ERROR] LogOutputStream:75 - [STDERR_REDIRECT] 
2026-02-02 17:28:49,086 [ERROR] LogOutputStream:75 - [STDERR_REDIRECT] [Fatal Error] :1:1: Premature end of file.
2026-02-02 17:28:49,086 [ERROR] LogOutputStream:75 - [STDERR_REDIRECT] 
2026-02-02 17:28:50,089 [ERROR] LogOutputStream:75 - [STDERR_REDIRECT] [Fatal Error] :1:1: Premature end of file.
2026-02-02 17:28:50,089 [ERROR] LogOutputStream:75 - [STDERR_REDIRECT] 
2026-02-02 17:28:51,080 [ERROR] LogOutputStream:75 - [STDERR_REDIRECT] [Fatal Error] :1:1: Premature end of file.
2026-02-02 17:28:51,080 [ERROR] LogOutputStream:75 - [STDERR_REDIRECT] 
2026-02-02 17:28:52,079 [ERROR] LogOutputStream:75 - [STDERR_REDIRECT] [Fatal Error] :1:1: Premature end of file.
2026-02-02 17:28:52,079 [ERROR] LogOutputStream:75 - [STDERR_REDIRECT] 
2026-02-02 17:28:53,088 [ERROR] LogOutputStream:75 - [STDERR_REDIRECT] [Fatal Error] :1:1: Premature end of file.
2026-02-02 17:28:53,088 [ERROR] LogOutputStream:75 - [STDERR_REDIRECT] 
2026-02-02 17:28:54,092 [ERROR] LogOutputStream:75 - [STDERR_REDIRECT] [Fatal Error] :1:1: Premature end of file.
2026-02-02 17:28:54,092 [ERROR] LogOutputStream:75 - [STDERR_REDIRECT] 
2026-02-02 17:28:55,081 [ERROR] LogOutputStream:75 - [STDERR_REDIRECT] [Fatal Error] :1:1: Premature end of file.
2026-02-02 17:28:55,082 [ERROR] LogOutputStream:75 - [STDERR_REDIRECT] 
2026-02-02 17:28:56,073 [ERROR] LogOutputStream:75 - [STDERR_REDIRECT] [Fatal Error] :1:1: Premature end of file.
2026-02-02 17:28:56,073 [ERROR] LogOutputStream:75 - [STDERR_REDIRECT] 
2026-02-02 17:28:57,078 [ERROR] LogOutputStream:75 - [STDERR_REDIRECT] [Fatal Error] :1:1: Premature end of file.
2026-02-02 17:28:57,078 [ERROR] LogOutputStream:75 - [STDERR_REDIRECT] 
2026-02-02 17:28:58,076 [ERROR] LogOutputStream:75 - [STDERR_REDIRECT] [Fatal Error] :1:1: Premature end of file.
2026-02-02 17:28:58,076 [ERROR] LogOutputStream:75 - [STDERR_REDIRECT] 
2026-02-02 17:28:59,078 [ERROR] LogOutputStream:75 - [STDERR_REDIRECT] [Fatal Error] :1:1: Premature end of file.
2026-02-02 17:28:59,078 [ERROR] LogOutputStream:75 - [STDERR_REDIRECT] 
2026-02-02 17:29:00,070 [ERROR] LogOutputStream:75 - [STDERR_REDIRECT] [Fatal Error] :1:1: Premature end of file.
2026-02-02 17:29:00,070 [ERROR] LogOutputStream:75 - [STDERR_REDIRECT] 
2026-02-02 17:29:01,084 [ERROR] LogOutputStream:75 - [STDERR_REDIRECT] [Fatal Error] :1:1: Premature end of file.
2026-02-02 17:29:01,084 [ERROR] LogOutputStream:75 - [STDERR_REDIRECT] 
2026-02-02 17:29:02,073 [ERROR] LogOutputStream:75 - [STDERR_REDIRECT] [Fatal Error] :1:1: Premature end of file.
2026-02-02 17:29:02,073 [ERROR] LogOutputStream:75 - [STDERR_REDIRECT] 
2026-02-02 17:29:03,075 [ERROR] LogOutputStream:75 - [STDERR_REDIRECT] [Fatal Error] :1:1: Premature end of file.
2026-02-02 17:29:03,075 [ERROR] LogOutputStream:75 - [STDERR_REDIRECT] 
2026-02-02 17:29:04,076 [ERROR] LogOutputStream:75 - [STDERR_REDIRECT] [Fatal Error] :1:1: Premature end of file.
2026-02-02 17:29:04,076 [ERROR] LogOutputStream:75 - [STDERR_REDIRECT] 
2026-02-02 17:29:05,090 [ERROR] LogOutputStream:75 - [STDERR_REDIRECT] [Fatal Error] :1:1: Premature end of file.
2026-02-02 17:29:05,091 [ERROR] LogOutputStream:75 - [STDERR_REDIRECT] 
2026-02-02 17:29:06,089 [ERROR] LogOutputStream:75 - [STDERR_REDIRECT] [Fatal Error] :1:1: Premature end of file.
2026-02-02 17:29:06,089 [ERROR] LogOutputStream:75 - [STDERR_REDIRECT] 
2026-02-02 17:29:07,081 [ERROR] LogOutputStream:75 - [STDERR_REDIRECT] [Fatal Error] :1:1: Premature end of file.
2026-02-02 17:29:07,081 [ERROR] LogOutputStream:75 - [STDERR_REDIRECT] 
2026-02-02 17:29:08,080 [ERROR] LogOutputStream:75 - [STDERR_REDIRECT] [Fatal Error] :1:1: Premature end of file.
2026-02-02 17:29:08,080 [ERROR] LogOutputStream:75 - [STDERR_REDIRECT] 
2026-02-02 17:29:09,078 [ERROR] LogOutputStream:75 - [STDERR_REDIRECT] [Fatal Error] :1:1: Premature end of file.
2026-02-02 17:29:09,078 [ERROR] LogOutputStream:75 - [STDERR_REDIRECT] 
2026-02-02 17:29:10,082 [ERROR] LogOutputStream:75 - [STDERR_REDIRECT] [Fatal Error] :1:1: Premature end of file.
2026-02-02 17:29:10,084 [ERROR] LogOutputStream:75 - [STDERR_REDIRECT] 
2026-02-02 17:29:11,089 [ERROR] LogOutputStream:75 - [STDERR_REDIRECT] [Fatal Error] :1:1: Premature end of file.
2026-02-02 17:29:11,089 [ERROR] LogOutputStream:75 - [STDERR_REDIRECT] 
2026-02-02 17:29:12,075 [ERROR] LogOutputStream:75 - [STDERR_REDIRECT] [Fatal Error] :1:1: Premature end of file.
2026-02-02 17:29:12,075 [ERROR] LogOutputStream:75 - [STDERR_REDIRECT] 
2026-02-02 17:29:13,100 [ERROR] LogOutputStream:75 - [STDERR_REDIRECT] [Fatal Error] :1:1: Premature end of file.
2026-02-02 17:29:13,100 [ERROR] LogOutputStream:75 - [STDERR_REDIRECT] 
2026-02-02 17:29:14,084 [ERROR] LogOutputStream:75 - [STDERR_REDIRECT] [Fatal Error] :1:1: Premature end of file.
2026-02-02 17:29:14,084 [ERROR] LogOutputStream:75 - [STDERR_REDIRECT] 
2026-02-02 17:29:15,123 [ERROR] LogOutputStream:75 - [STDERR_REDIRECT] [Fatal Error] :1:1: Premature end of file.
2026-02-02 17:29:15,123 [ERROR] LogOutputStream:75 - [STDERR_REDIRECT] 
2026-02-02 17:29:16,094 [ERROR] LogOutputStream:75 - [STDERR_REDIRECT] [Fatal Error] :1:1: Premature end of file.
2026-02-02 17:29:16,094 [ERROR] LogOutputStream:75 - [STDERR_REDIRECT] 
2026-02-02 17:29:17,100 [ERROR] LogOutputStream:75 - [STDERR_REDIRECT] [Fatal Error] :1:1: Premature end of file.
2026-02-02 17:29:17,100 [ERROR] LogOutputStream:75 - [STDERR_REDIRECT] 
2026-02-02 17:29:18,089 [ERROR] LogOutputStream:75 - [STDERR_REDIRECT] [Fatal Error] :1:1: Premature end of file.
2026-02-02 17:29:18,099 [ERROR] LogOutputStream:75 - [STDERR_REDIRECT] 
2026-02-02 17:29:19,093 [ERROR] LogOutputStream:75 - [STDERR_REDIRECT] [Fatal Error] :1:1: Premature end of file.
2026-02-02 17:29:19,093 [ERROR] LogOutputStream:75 - [STDERR_REDIRECT] 
2026-02-02 17:29:20,079 [ERROR] LogOutputStream:75 - [STDERR_REDIRECT] [Fatal Error] :1:1: Premature end of file.
2026-02-02 17:29:20,084 [ERROR] LogOutputStream:75 - [STDERR_REDIRECT] 
2026-02-02 17:29:21,085 [ERROR] LogOutputStream:75 - [STDERR_REDIRECT] [Fatal Error] :1:1: Premature end of file.
2026-02-02 17:29:21,085 [ERROR] LogOutputStream:75 - [STDERR_REDIRECT] 
2026-02-02 17:29:22,083 [ERROR] LogOutputStream:75 - [STDERR_REDIRECT] [Fatal Error] :1:1: Premature end of file.
2026-02-02 17:29:22,083 [ERROR] LogOutputStream:75 - [STDERR_REDIRECT] 
2026-02-02 17:29:23,081 [ERROR] LogOutputStream:75 - [STDERR_REDIRECT] [Fatal Error] :1:1: Premature end of file.
2026-02-02 17:29:23,084 [ERROR] LogOutputStream:75 - [STDERR_REDIRECT] 
2026-02-02 17:29:24,090 [ERROR] LogOutputStream:75 - [STDERR_REDIRECT] [Fatal Error] :1:1: Premature end of file.
2026-02-02 17:29:24,091 [ERROR] LogOutputStream:75 - [STDERR_REDIRECT] 
2026-02-02 17:29:25,085 [ERROR] LogOutputStream:75 - [STDERR_REDIRECT] [Fatal Error] :1:1: Premature end of file.
2026-02-02 17:29:25,085 [ERROR] LogOutputStream:75 - [STDERR_REDIRECT] 
2026-02-02 17:29:26,095 [ERROR] LogOutputStream:75 - [STDERR_REDIRECT] [Fatal Error] :1:1: Premature end of file.
2026-02-02 17:29:26,095 [ERROR] LogOutputStream:75 - [STDERR_REDIRECT] 
2026-02-02 17:29:27,102 [ERROR] LogOutputStream:75 - [STDERR_REDIRECT] [Fatal Error] :1:1: Premature end of file.
2026-02-02 17:29:27,102 [ERROR] LogOutputStream:75 - [STDERR_REDIRECT] 
2026-02-02 17:29:28,073 [ERROR] LogOutputStream:75 - [STDERR_REDIRECT] [Fatal Error] :1:1: Premature end of file.
2026-02-02 17:29:28,073 [ERROR] LogOutputStream:75 - [STDERR_REDIRECT] 
2026-02-02 17:29:29,088 [ERROR] LogOutputStream:75 - [STDERR_REDIRECT] [Fatal Error] :1:1: Premature end of file.
2026-02-02 17:29:29,088 [ERROR] LogOutputStream:75 - [STDERR_REDIRECT] 
2026-02-02 17:29:30,089 [ERROR] LogOutputStream:75 - [STDERR_REDIRECT] [Fatal Error] :1:1: Premature end of file.
2026-02-02 17:29:30,089 [ERROR] LogOutputStream:75 - [STDERR_REDIRECT] 
2026-02-02 17:29:31,096 [ERROR] LogOutputStream:75 - [STDERR_REDIRECT] [Fatal Error] :1:1: Premature end of file.
2026-02-02 17:29:31,096 [ERROR] LogOutputStream:75 - [STDERR_REDIRECT] 
2026-02-02 17:29:32,085 [ERROR] LogOutputStream:75 - [STDERR_REDIRECT] [Fatal Error] :1:1: Premature end of file.
2026-02-02 17:29:32,085 [ERROR] LogOutputStream:75 - [STDERR_REDIRECT] 
2026-02-02 17:29:33,093 [ERROR] LogOutputStream:75 - [STDERR_REDIRECT] [Fatal Error] :1:1: Premature end of file.
2026-02-02 17:29:33,095 [ERROR] LogOutputStream:75 - [STDERR_REDIRECT] 
2026-02-02 17:29:34,136 [ERROR] LogOutputStream:75 - [STDERR_REDIRECT] [Fatal Error] :1:1: Premature end of file.
2026-02-02 17:29:34,136 [ERROR] LogOutputStream:75 - [STDERR_REDIRECT] 
2026-02-02 17:29:35,099 [ERROR] LogOutputStream:75 - [STDERR_REDIRECT] [Fatal Error] :1:1: Premature end of file.
2026-02-02 17:29:35,099 [ERROR] LogOutputStream:75 - [STDERR_REDIRECT] 
2026-02-02 17:29:36,075 [ERROR] LogOutputStream:75 - [STDERR_REDIRECT] [Fatal Error] :1:1: Premature end of file.
2026-02-02 17:29:36,075 [ERROR] LogOutputStream:75 - [STDERR_REDIRECT] 
2026-02-02 17:29:37,079 [ERROR] LogOutputStream:75 - [STDERR_REDIRECT] [Fatal Error] :1:1: Premature end of file.
2026-02-02 17:29:37,079 [ERROR] LogOutputStream:75 - [STDERR_REDIRECT] 
2026-02-02 17:29:38,091 [ERROR] LogOutputStream:75 - [STDERR_REDIRECT] [Fatal Error] :1:1: Premature end of file.
2026-02-02 17:29:38,091 [ERROR] LogOutputStream:75 - [STDERR_REDIRECT] 
2026-02-02 17:29:39,091 [ERROR] LogOutputStream:75 - [STDERR_REDIRECT] [Fatal Error] :1:1: Premature end of file.
2026-02-02 17:29:39,091 [ERROR] LogOutputStream:75 - [STDERR_REDIRECT] 
2026-02-02 17:29:40,083 [ERROR] LogOutputStream:75 - [STDERR_REDIRECT] [Fatal Error] :1:1: Premature end of file.
2026-02-02 17:29:40,083 [ERROR] LogOutputStream:75 - [STDERR_REDIRECT] 
2026-02-02 17:29:41,092 [ERROR] LogOutputStream:75 - [STDERR_REDIRECT] [Fatal Error] :1:1: Premature end of file.
2026-02-02 17:29:41,092 [ERROR] LogOutputStream:75 - [STDERR_REDIRECT] 
2026-02-02 17:29:42,097 [ERROR] LogOutputStream:75 - [STDERR_REDIRECT] [Fatal Error] :1:1: Premature end of file.
2026-02-02 17:29:42,097 [ERROR] LogOutputStream:75 - [STDERR_REDIRECT] 
2026-02-02 17:29:43,078 [ERROR] LogOutputStream:75 - [STDERR_REDIRECT] [Fatal Error] :1:1: Premature end of file.
2026-02-02 17:29:43,078 [ERROR] LogOutputStream:75 - [STDERR_REDIRECT] 
2026-02-02 17:29:44,079 [ERROR] LogOutputStream:75 - [STDERR_REDIRECT] [Fatal Error] :1:1: Premature end of file.
2026-02-02 17:29:44,079 [ERROR] LogOutputStream:75 - [STDERR_REDIRECT] 
2026-02-02 17:29:45,074 [ERROR] LogOutputStream:75 - [STDERR_REDIRECT] [Fatal Error] :1:1: Premature end of file.
2026-02-02 17:29:45,074 [ERROR] LogOutputStream:75 - [STDERR_REDIRECT] 
2026-02-02 17:29:46,072 [ERROR] LogOutputStream:75 - [STDERR_REDIRECT] [Fatal Error] :1:1: Premature end of file.
2026-02-02 17:29:46,072 [ERROR] LogOutputStream:75 - [STDERR_REDIRECT] 
2026-02-02 17:29:47,073 [ERROR] LogOutputStream:75 - [STDERR_REDIRECT] [Fatal Error] :1:1: Premature end of file.
2026-02-02 17:29:47,073 [ERROR] LogOutputStream:75 - [STDERR_REDIRECT] 
2026-02-02 17:29:48,076 [ERROR] LogOutputStream:75 - [STDERR_REDIRECT] [Fatal Error] :1:1: Premature end of file.
2026-02-02 17:29:48,076 [ERROR] LogOutputStream:75 - [STDERR_REDIRECT] 
2026-02-02 17:29:49,073 [ERROR] LogOutputStream:75 - [STDERR_REDIRECT] [Fatal Error] :1:1: Premature end of file.
2026-02-02 17:29:49,073 [ERROR] LogOutputStream:75 - [STDERR_REDIRECT] 
2026-02-02 17:29:50,072 [ERROR] LogOutputStream:75 - [STDERR_REDIRECT] [Fatal Error] :1:1: Premature end of file.
2026-02-02 17:29:50,073 [ERROR] LogOutputStream:75 - [STDERR_REDIRECT] 
2026-02-02 17:29:51,067 [ERROR] LogOutputStream:75 - [STDERR_REDIRECT] [Fatal Error] :1:1: Premature end of file.
2026-02-02 17:29:51,067 [ERROR] LogOutputStream:75 - [STDERR_REDIRECT] 
2026-02-02 17:29:52,073 [ERROR] LogOutputStream:75 - [STDERR_REDIRECT] [Fatal Error] :1:1: Premature end of file.
2026-02-02 17:29:52,073 [ERROR] LogOutputStream:75 - [STDERR_REDIRECT] 
2026-02-02 17:29:53,076 [ERROR] LogOutputStream:75 - [STDERR_REDIRECT] [Fatal Error] :1:1: Premature end of file.
2026-02-02 17:29:53,076 [ERROR] LogOutputStream:75 - [STDERR_REDIRECT] 
2026-02-02 17:29:54,090 [ERROR] LogOutputStream:75 - [STDERR_REDIRECT] [Fatal Error] :1:1: Premature end of file.
2026-02-02 17:29:54,090 [ERROR] LogOutputStream:75 - [STDERR_REDIRECT] 
2026-02-02 17:29:55,082 [ERROR] LogOutputStream:75 - [STDERR_REDIRECT] [Fatal Error] :1:1: Premature end of file.
2026-02-02 17:29:55,082 [ERROR] LogOutputStream:75 - [STDERR_REDIRECT] 
2026-02-02 17:29:56,094 [ERROR] LogOutputStream:75 - [STDERR_REDIRECT] [Fatal Error] :1:1: Premature end of file.
2026-02-02 17:29:56,094 [ERROR] LogOutputStream:75 - [STDERR_REDIRECT] 
2026-02-02 17:29:57,083 [ERROR] LogOutputStream:75 - [STDERR_REDIRECT] [Fatal Error] :1:1: Premature end of file.
2026-02-02 17:29:57,083 [ERROR] LogOutputStream:75 - [STDERR_REDIRECT] 
2026-02-02 17:29:58,092 [ERROR] LogOutputStream:75 - [STDERR_REDIRECT] [Fatal Error] :1:1: Premature end of file.
2026-02-02 17:29:58,093 [ERROR] LogOutputStream:75 - [STDERR_REDIRECT] 
2026-02-02 17:29:59,086 [ERROR] LogOutputStream:75 - [STDERR_REDIRECT] [Fatal Error] :1:1: Premature end of file.
2026-02-02 17:29:59,086 [ERROR] LogOutputStream:75 - [STDERR_REDIRECT] 
2026-02-02 17:30:00,076 [ERROR] LogOutputStream:75 - [STDERR_REDIRECT] [Fatal Error] :1:1: Premature end of file.
2026-02-02 17:30:00,076 [ERROR] LogOutputStream:75 - [STDERR_REDIRECT] 
2026-02-02 17:30:01,088 [ERROR] LogOutputStream:75 - [STDERR_REDIRECT] [Fatal Error] :1:1: Premature end of file.
2026-02-02 17:30:01,088 [ERROR] LogOutputStream:75 - [STDERR_REDIRECT] 
2026-02-02 17:30:02,082 [ERROR] LogOutputStream:75 - [STDERR_REDIRECT] [Fatal Error] :1:1: Premature end of file.
2026-02-02 17:30:02,082 [ERROR] LogOutputStream:75 - [STDERR_REDIRECT] 
2026-02-02 17:30:03,081 [ERROR] LogOutputStream:75 - [STDERR_REDIRECT] [Fatal Error] :1:1: Premature end of file.
2026-02-02 17:30:03,081 [ERROR] LogOutputStream:75 - [STDERR_REDIRECT] 
2026-02-02 17:30:04,093 [ERROR] LogOutputStream:75 - [STDERR_REDIRECT] [Fatal Error] :1:1: Premature end of file.
2026-02-02 17:30:04,093 [ERROR] LogOutputStream:75 - [STDERR_REDIRECT] 
2026-02-02 17:30:05,069 [ERROR] LogOutputStream:75 - [STDERR_REDIRECT] [Fatal Error] :1:1: Premature end of file.
2026-02-02 17:30:05,069 [ERROR] LogOutputStream:75 - [STDERR_REDIRECT] 
2026-02-02 17:30:06,080 [ERROR] LogOutputStream:75 - [STDERR_REDIRECT] [Fatal Error] :1:1: Premature end of file.
2026-02-02 17:30:06,080 [ERROR] LogOutputStream:75 - [STDERR_REDIRECT] 
2026-02-02 17:30:07,075 [ERROR] LogOutputStream:75 - [STDERR_REDIRECT] [Fatal Error] :1:1: Premature end of file.
2026-02-02 17:30:07,075 [ERROR] LogOutputStream:75 - [STDERR_REDIRECT] 
2026-02-02 17:30:08,075 [ERROR] LogOutputStream:75 - [STDERR_REDIRECT] [Fatal Error] :1:1: Premature end of file.
2026-02-02 17:30:08,075 [ERROR] LogOutputStream:75 - [STDERR_REDIRECT] 
2026-02-02 17:30:09,079 [ERROR] LogOutputStream:75 - [STDERR_REDIRECT] [Fatal Error] :1:1: Premature end of file.
2026-02-02 17:30:09,079 [ERROR] LogOutputStream:75 - [STDERR_REDIRECT] 
2026-02-02 17:30:10,080 [ERROR] LogOutputStream:75 - [STDERR_REDIRECT] [Fatal Error] :1:1: Premature end of file.
2026-02-02 17:30:10,080 [ERROR] LogOutputStream:75 - [STDERR_REDIRECT] 
2026-02-02 17:30:11,073 [ERROR] LogOutputStream:75 - [STDERR_REDIRECT] [Fatal Error] :1:1: Premature end of file.
2026-02-02 17:30:11,073 [ERROR] LogOutputStream:75 - [STDERR_REDIRECT] 
2026-02-02 17:30:12,078 [ERROR] LogOutputStream:75 - [STDERR_REDIRECT] [Fatal Error] :1:1: Premature end of file.
2026-02-02 17:30:12,078 [ERROR] LogOutputStream:75 - [STDERR_REDIRECT] 
2026-02-02 17:30:13,074 [ERROR] LogOutputStream:75 - [STDERR_REDIRECT] [Fatal Error] :1:1: Premature end of file.
2026-02-02 17:30:13,074 [ERROR] LogOutputStream:75 - [STDERR_REDIRECT] 
2026-02-02 17:30:14,076 [ERROR] LogOutputStream:75 - [STDERR_REDIRECT] [Fatal Error] :1:1: Premature end of file.
2026-02-02 17:30:14,076 [ERROR] LogOutputStream:75 - [STDERR_REDIRECT] 
2026-02-02 17:30:15,078 [ERROR] LogOutputStream:75 - [STDERR_REDIRECT] [Fatal Error] :1:1: Premature end of file.
2026-02-02 17:30:15,078 [ERROR] LogOutputStream:75 - [STDERR_REDIRECT] 
2026-02-02 17:30:16,074 [ERROR] LogOutputStream:75 - [STDERR_REDIRECT] [Fatal Error] :1:1: Premature end of file.
2026-02-02 17:30:16,074 [ERROR] LogOutputStream:75 - [STDERR_REDIRECT] 
2026-02-02 17:30:17,075 [ERROR] LogOutputStream:75 - [STDERR_REDIRECT] [Fatal Error] :1:1: Premature end of file.
2026-02-02 17:30:17,075 [ERROR] LogOutputStream:75 - [STDERR_REDIRECT] 
2026-02-02 17:30:18,073 [ERROR] LogOutputStream:75 - [STDERR_REDIRECT] [Fatal Error] :1:1: Premature end of file.
2026-02-02 17:30:18,073 [ERROR] LogOutputStream:75 - [STDERR_REDIRECT] 
2026-02-02 17:30:19,077 [ERROR] LogOutputStream:75 - [STDERR_REDIRECT] [Fatal Error] :1:1: Premature end of file.
2026-02-02 17:30:19,077 [ERROR] LogOutputStream:75 - [STDERR_REDIRECT] 
2026-02-02 17:30:20,074 [ERROR] LogOutputStream:75 - [STDERR_REDIRECT] [Fatal Error] :1:1: Premature end of file.
2026-02-02 17:30:20,074 [ERROR] LogOutputStream:75 - [STDERR_REDIRECT] 
2026-02-02 17:30:21,073 [ERROR] LogOutputStream:75 - [STDERR_REDIRECT] [Fatal Error] :1:1: Premature end of file.
2026-02-02 17:30:21,073 [ERROR] LogOutputStream:75 - [STDERR_REDIRECT] 
2026-02-02 17:30:22,074 [ERROR] LogOutputStream:75 - [STDERR_REDIRECT] [Fatal Error] :1:1: Premature end of file.
2026-02-02 17:30:22,074 [ERROR] LogOutputStream:75 - [STDERR_REDIRECT] 
2026-02-02 17:30:23,075 [ERROR] LogOutputStream:75 - [STDERR_REDIRECT] [Fatal Error] :1:1: Premature end of file.
2026-02-02 17:30:23,075 [ERROR] LogOutputStream:75 - [STDERR_REDIRECT] 
2026-02-02 17:30:24,074 [ERROR] LogOutputStream:75 - [STDERR_REDIRECT] [Fatal Error] :1:1: Premature end of file.
2026-02-02 17:30:24,074 [ERROR] LogOutputStream:75 - [STDERR_REDIRECT] 
2026-02-02 17:30:25,089 [ERROR] LogOutputStream:75 - [STDERR_REDIRECT] [Fatal Error] :1:1: Premature end of file.
2026-02-02 17:30:25,089 [ERROR] LogOutputStream:75 - [STDERR_REDIRECT] 
2026-02-02 17:30:26,075 [ERROR] LogOutputStream:75 - [STDERR_REDIRECT] [Fatal Error] :1:1: Premature end of file.
2026-02-02 17:30:26,075 [ERROR] LogOutputStream:75 - [STDERR_REDIRECT] 
2026-02-02 17:30:27,077 [ERROR] LogOutputStream:75 - [STDERR_REDIRECT] [Fatal Error] :1:1: Premature end of file.
2026-02-02 17:30:27,077 [ERROR] LogOutputStream:75 - [STDERR_REDIRECT] 
2026-02-02 17:30:28,076 [ERROR] LogOutputStream:75 - [STDERR_REDIRECT] [Fatal Error] :1:1: Premature end of file.
2026-02-02 17:30:28,076 [ERROR] LogOutputStream:75 - [STDERR_REDIRECT] 
2026-02-02 17:30:29,076 [ERROR] LogOutputStream:75 - [STDERR_REDIRECT] [Fatal Error] :1:1: Premature end of file.
2026-02-02 17:30:29,076 [ERROR] LogOutputStream:75 - [STDERR_REDIRECT] 
2026-02-02 17:30:30,077 [ERROR] LogOutputStream:75 - [STDERR_REDIRECT] [Fatal Error] :1:1: Premature end of file.
2026-02-02 17:30:30,077 [ERROR] LogOutputStream:75 - [STDERR_REDIRECT] 
2026-02-02 17:30:31,085 [ERROR] LogOutputStream:75 - [STDERR_REDIRECT] [Fatal Error] :1:1: Premature end of file.
2026-02-02 17:30:31,085 [ERROR] LogOutputStream:75 - [STDERR_REDIRECT] 
2026-02-02 17:30:32,082 [ERROR] LogOutputStream:75 - [STDERR_REDIRECT] [Fatal Error] :1:1: Premature end of file.
2026-02-02 17:30:32,082 [ERROR] LogOutputStream:75 - [STDERR_REDIRECT] 
2026-02-02 17:30:33,090 [ERROR] LogOutputStream:75 - [STDERR_REDIRECT] [Fatal Error] :1:1: Premature end of file.
2026-02-02 17:30:33,090 [ERROR] LogOutputStream:75 - [STDERR_REDIRECT] 
2026-02-02 17:30:34,088 [ERROR] LogOutputStream:75 - [STDERR_REDIRECT] [Fatal Error] :1:1: Premature end of file.
2026-02-02 17:30:34,088 [ERROR] LogOutputStream:75 - [STDERR_REDIRECT] 
2026-02-02 17:30:35,079 [ERROR] LogOutputStream:75 - [STDERR_REDIRECT] [Fatal Error] :1:1: Premature end of file.
2026-02-02 17:30:35,079 [ERROR] LogOutputStream:75 - [STDERR_REDIRECT] 
2026-02-02 17:30:36,092 [ERROR] LogOutputStream:75 - [STDERR_REDIRECT] [Fatal Error] :1:1: Premature end of file.
2026-02-02 17:30:36,092 [ERROR] LogOutputStream:75 - [STDERR_REDIRECT] 
2026-02-02 17:30:37,089 [ERROR] LogOutputStream:75 - [STDERR_REDIRECT] [Fatal Error] :1:1: Premature end of file.
2026-02-02 17:30:37,089 [ERROR] LogOutputStream:75 - [STDERR_REDIRECT] 
2026-02-02 17:30:38,074 [ERROR] LogOutputStream:75 - [STDERR_REDIRECT] [Fatal Error] :1:1: Premature end of file.
2026-02-02 17:30:38,074 [ERROR] LogOutputStream:75 - [STDERR_REDIRECT] 
2026-02-02 17:30:39,091 [ERROR] LogOutputStream:75 - [STDERR_REDIRECT] [Fatal Error] :1:1: Premature end of file.
2026-02-02 17:30:39,091 [ERROR] LogOutputStream:75 - [STDERR_REDIRECT] 
2026-02-02 17:30:40,088 [ERROR] LogOutputStream:75 - [STDERR_REDIRECT] [Fatal Error] :1:1: Premature end of file.
2026-02-02 17:30:40,088 [ERROR] LogOutputStream:75 - [STDERR_REDIRECT] 
2026-02-02 17:30:41,092 [ERROR] LogOutputStream:75 - [STDERR_REDIRECT] [Fatal Error] :1:1: Premature end of file.
2026-02-02 17:30:41,092 [ERROR] LogOutputStream:75 - [STDERR_REDIRECT] 
2026-02-02 17:30:42,076 [ERROR] LogOutputStream:75 - [STDERR_REDIRECT] [Fatal Error] :1:1: Premature end of file.
2026-02-02 17:30:42,076 [ERROR] LogOutputStream:75 - [STDERR_REDIRECT] 
2026-02-02 17:30:43,091 [ERROR] LogOutputStream:75 - [STDERR_REDIRECT] [Fatal Error] :1:1: Premature end of file.
2026-02-02 17:30:43,091 [ERROR] LogOutputStream:75 - [STDERR_REDIRECT] 
2026-02-02 17:30:44,075 [ERROR] LogOutputStream:75 - [STDERR_REDIRECT] [Fatal Error] :1:1: Premature end of file.
2026-02-02 17:30:44,076 [ERROR] LogOutputStream:75 - [STDERR_REDIRECT] 
2026-02-02 17:30:45,084 [ERROR] LogOutputStream:75 - [STDERR_REDIRECT] [Fatal Error] :1:1: Premature end of file.
2026-02-02 17:30:45,084 [ERROR] LogOutputStream:75 - [STDERR_REDIRECT] 
2026-02-02 17:30:46,075 [ERROR] LogOutputStream:75 - [STDERR_REDIRECT] [Fatal Error] :1:1: Premature end of file.
2026-02-02 17:30:46,075 [ERROR] LogOutputStream:75 - [STDERR_REDIRECT] 
2026-02-02 17:30:47,075 [ERROR] LogOutputStream:75 - [STDERR_REDIRECT] [Fatal Error] :1:1: Premature end of file.
2026-02-02 17:30:47,075 [ERROR] LogOutputStream:75 - [STDERR_REDIRECT] 
2026-02-02 17:30:48,078 [ERROR] LogOutputStream:75 - [STDERR_REDIRECT] [Fatal Error] :1:1: Premature end of file.
2026-02-02 17:30:48,078 [ERROR] LogOutputStream:75 - [STDERR_REDIRECT] 
2026-02-02 17:30:49,088 [ERROR] LogOutputStream:75 - [STDERR_REDIRECT] [Fatal Error] :1:1: Premature end of file.
2026-02-02 17:30:49,088 [ERROR] LogOutputStream:75 - [STDERR_REDIRECT] 
2026-02-02 17:30:50,075 [ERROR] LogOutputStream:75 - [STDERR_REDIRECT] [Fatal Error] :1:1: Premature end of file.
2026-02-02 17:30:50,075 [ERROR] LogOutputStream:75 - [STDERR_REDIRECT] 
2026-02-02 17:30:51,078 [ERROR] LogOutputStream:75 - [STDERR_REDIRECT] [Fatal Error] :1:1: Premature end of file.
2026-02-02 17:30:51,078 [ERROR] LogOutputStream:75 - [STDERR_REDIRECT] 
2026-02-02 17:30:52,089 [ERROR] LogOutputStream:75 - [STDERR_REDIRECT] [Fatal Error] :1:1: Premature end of file.
2026-02-02 17:30:52,090 [ERROR] LogOutputStream:75 - [STDERR_REDIRECT] 
2026-02-02 17:30:53,083 [ERROR] LogOutputStream:75 - [STDERR_REDIRECT] [Fatal Error] :1:1: Premature end of file.
2026-02-02 17:30:53,083 [ERROR] LogOutputStream:75 - [STDERR_REDIRECT] 
2026-02-02 17:30:54,075 [ERROR] LogOutputStream:75 - [STDERR_REDIRECT] [Fatal Error] :1:1: Premature end of file.
2026-02-02 17:30:54,075 [ERROR] LogOutputStream:75 - [STDERR_REDIRECT] 
2026-02-02 17:30:55,092 [ERROR] LogOutputStream:75 - [STDERR_REDIRECT] [Fatal Error] :1:1: Premature end of file.
2026-02-02 17:30:55,092 [ERROR] LogOutputStream:75 - [STDERR_REDIRECT] 
2026-02-02 17:30:56,077 [ERROR] LogOutputStream:75 - [STDERR_REDIRECT] [Fatal Error] :1:1: Premature end of file.
2026-02-02 17:30:56,077 [ERROR] LogOutputStream:75 - [STDERR_REDIRECT] 
2026-02-02 17:30:57,079 [ERROR] LogOutputStream:75 - [STDERR_REDIRECT] [Fatal Error] :1:1: Premature end of file.
2026-02-02 17:30:57,079 [ERROR] LogOutputStream:75 - [STDERR_REDIRECT] 
2026-02-02 17:30:58,089 [ERROR] LogOutputStream:75 - [STDERR_REDIRECT] [Fatal Error] :1:1: Premature end of file.
2026-02-02 17:30:58,089 [ERROR] LogOutputStream:75 - [STDERR_REDIRECT] 
2026-02-02 17:30:59,090 [ERROR] LogOutputStream:75 - [STDERR_REDIRECT] [Fatal Error] :1:1: Premature end of file.
2026-02-02 17:30:59,091 [ERROR] LogOutputStream:75 - [STDERR_REDIRECT] 
2026-02-02 17:31:00,087 [ERROR] LogOutputStream:75 - [STDERR_REDIRECT] [Fatal Error] :1:1: Premature end of file.
2026-02-02 17:31:00,087 [ERROR] LogOutputStream:75 - [STDERR_REDIRECT] 
2026-02-02 17:31:01,076 [ERROR] LogOutputStream:75 - [STDERR_REDIRECT] [Fatal Error] :1:1: Premature end of file.
2026-02-02 17:31:01,076 [ERROR] LogOutputStream:75 - [STDERR_REDIRECT] 
2026-02-02 17:31:02,075 [ERROR] LogOutputStream:75 - [STDERR_REDIRECT] [Fatal Error] :1:1: Premature end of file.
2026-02-02 17:31:02,075 [ERROR] LogOutputStream:75 - [STDERR_REDIRECT] 
2026-02-02 17:31:03,083 [ERROR] LogOutputStream:75 - [STDERR_REDIRECT] [Fatal Error] :1:1: Premature end of file.
2026-02-02 17:31:03,083 [ERROR] LogOutputStream:75 - [STDERR_REDIRECT] 
2026-02-02 17:31:04,091 [ERROR] LogOutputStream:75 - [STDERR_REDIRECT] [Fatal Error] :1:1: Premature end of file.
2026-02-02 17:31:04,091 [ERROR] LogOutputStream:75 - [STDERR_REDIRECT] 
2026-02-02 17:31:05,085 [ERROR] LogOutputStream:75 - [STDERR_REDIRECT] [Fatal Error] :1:1: Premature end of file.
2026-02-02 17:31:05,085 [ERROR] LogOutputStream:75 - [STDERR_REDIRECT] 
2026-02-02 17:31:06,080 [ERROR] LogOutputStream:75 - [STDERR_REDIRECT] [Fatal Error] :1:1: Premature end of file.
2026-02-02 17:31:06,080 [ERROR] LogOutputStream:75 - [STDERR_REDIRECT] 
2026-02-02 17:31:07,087 [ERROR] LogOutputStream:75 - [STDERR_REDIRECT] [Fatal Error] :1:1: Premature end of file.
2026-02-02 17:31:07,087 [ERROR] LogOutputStream:75 - [STDERR_REDIRECT] 
2026-02-02 17:31:08,083 [ERROR] LogOutputStream:75 - [STDERR_REDIRECT] [Fatal Error] :1:1: Premature end of file.
2026-02-02 17:31:08,083 [ERROR] LogOutputStream:75 - [STDERR_REDIRECT] 
2026-02-02 17:31:09,085 [ERROR] LogOutputStream:75 - [STDERR_REDIRECT] [Fatal Error] :1:1: Premature end of file.
2026-02-02 17:31:09,085 [ERROR] LogOutputStream:75 - [STDERR_REDIRECT] 
2026-02-02 17:31:10,091 [ERROR] LogOutputStream:75 - [STDERR_REDIRECT] [Fatal Error] :1:1: Premature end of file.
2026-02-02 17:31:10,091 [ERROR] LogOutputStream:75 - [STDERR_REDIRECT] 
2026-02-02 17:31:11,082 [ERROR] LogOutputStream:75 - [STDERR_REDIRECT] [Fatal Error] :1:1: Premature end of file.
2026-02-02 17:31:11,082 [ERROR] LogOutputStream:75 - [STDERR_REDIRECT] 
2026-02-02 17:31:12,078 [ERROR] LogOutputStream:75 - [STDERR_REDIRECT] [Fatal Error] :1:1: Premature end of file.
2026-02-02 17:31:12,078 [ERROR] LogOutputStream:75 - [STDERR_REDIRECT] 
2026-02-02 17:31:13,088 [ERROR] LogOutputStream:75 - [STDERR_REDIRECT] [Fatal Error] :1:1: Premature end of file.
2026-02-02 17:31:13,088 [ERROR] LogOutputStream:75 - [STDERR_REDIRECT] 
2026-02-02 17:31:14,082 [ERROR] LogOutputStream:75 - [STDERR_REDIRECT] [Fatal Error] :1:1: Premature end of file.
2026-02-02 17:31:14,083 [ERROR] LogOutputStream:75 - [STDERR_REDIRECT] 
2026-02-02 17:31:15,074 [ERROR] LogOutputStream:75 - [STDERR_REDIRECT] [Fatal Error] :1:1: Premature end of file.
2026-02-02 17:31:15,074 [ERROR] LogOutputStream:75 - [STDERR_REDIRECT] 
2026-02-02 17:31:16,086 [ERROR] LogOutputStream:75 - [STDERR_REDIRECT] [Fatal Error] :1:1: Premature end of file.
2026-02-02 17:31:16,086 [ERROR] LogOutputStream:75 - [STDERR_REDIRECT] 
2026-02-02 17:31:17,075 [ERROR] LogOutputStream:75 - [STDERR_REDIRECT] [Fatal Error] :1:1: Premature end of file.
2026-02-02 17:31:17,075 [ERROR] LogOutputStream:75 - [STDERR_REDIRECT] 
2026-02-02 17:31:18,079 [ERROR] LogOutputStream:75 - [STDERR_REDIRECT] [Fatal Error] :1:1: Premature end of file.
2026-02-02 17:31:18,079 [ERROR] LogOutputStream:75 - [STDERR_REDIRECT] 
2026-02-02 17:31:19,087 [ERROR] LogOutputStream:75 - [STDERR_REDIRECT] [Fatal Error] :1:1: Premature end of file.
2026-02-02 17:31:19,087 [ERROR] LogOutputStream:75 - [STDERR_REDIRECT] 
2026-02-02 17:31:20,082 [ERROR] LogOutputStream:75 - [STDERR_REDIRECT] [Fatal Error] :1:1: Premature end of file.
2026-02-02 17:31:20,082 [ERROR] LogOutputStream:75 - [STDERR_REDIRECT] 
2026-02-02 17:31:21,077 [ERROR] LogOutputStream:75 - [STDERR_REDIRECT] [Fatal Error] :1:1: Premature end of file.
2026-02-02 17:31:21,077 [ERROR] LogOutputStream:75 - [STDERR_REDIRECT] 
2026-02-02 17:31:22,086 [ERROR] LogOutputStream:75 - [STDERR_REDIRECT] [Fatal Error] :1:1: Premature end of file.
2026-02-02 17:31:22,086 [ERROR] LogOutputStream:75 - [STDERR_REDIRECT] 
2026-02-02 17:31:23,076 [ERROR] LogOutputStream:75 - [STDERR_REDIRECT] [Fatal Error] :1:1: Premature end of file.
2026-02-02 17:31:23,076 [ERROR] LogOutputStream:75 - [STDERR_REDIRECT] 
2026-02-02 17:31:24,076 [ERROR] LogOutputStream:75 - [STDERR_REDIRECT] [Fatal Error] :1:1: Premature end of file.
2026-02-02 17:31:24,076 [ERROR] LogOutputStream:75 - [STDERR_REDIRECT] 
2026-02-02 17:31:25,088 [ERROR] LogOutputStream:75 - [STDERR_REDIRECT] [Fatal Error] :1:1: Premature end of file.
2026-02-02 17:31:25,088 [ERROR] LogOutputStream:75 - [STDERR_REDIRECT] 
2026-02-02 17:31:26,098 [ERROR] LogOutputStream:75 - [STDERR_REDIRECT] [Fatal Error] :1:1: Premature end of file.
2026-02-02 17:31:26,098 [ERROR] LogOutputStream:75 - [STDERR_REDIRECT] 
2026-02-02 17:31:27,077 [ERROR] LogOutputStream:75 - [STDERR_REDIRECT] [Fatal Error] :1:1: Premature end of file.
2026-02-02 17:31:27,077 [ERROR] LogOutputStream:75 - [STDERR_REDIRECT] 
2026-02-02 17:31:28,084 [ERROR] LogOutputStream:75 - [STDERR_REDIRECT] [Fatal Error] :1:1: Premature end of file.
2026-02-02 17:31:28,084 [ERROR] LogOutputStream:75 - [STDERR_REDIRECT] 
2026-02-02 17:31:29,087 [ERROR] LogOutputStream:75 - [STDERR_REDIRECT] [Fatal Error] :1:1: Premature end of file.
2026-02-02 17:31:29,089 [ERROR] LogOutputStream:75 - [STDERR_REDIRECT] 
2026-02-02 17:31:30,088 [ERROR] LogOutputStream:75 - [STDERR_REDIRECT] [Fatal Error] :1:1: Premature end of file.
2026-02-02 17:31:30,088 [ERROR] LogOutputStream:75 - [STDERR_REDIRECT] 
2026-02-02 17:31:31,090 [ERROR] LogOutputStream:75 - [STDERR_REDIRECT] [Fatal Error] :1:1: Premature end of file.
2026-02-02 17:31:31,090 [ERROR] LogOutputStream:75 - [STDERR_REDIRECT] 
2026-02-02 17:31:32,081 [ERROR] LogOutputStream:75 - [STDERR_REDIRECT] [Fatal Error] :1:1: Premature end of file.
2026-02-02 17:31:32,081 [ERROR] LogOutputStream:75 - [STDERR_REDIRECT] 
2026-02-02 17:31:33,075 [ERROR] LogOutputStream:75 - [STDERR_REDIRECT] [Fatal Error] :1:1: Premature end of file.
2026-02-02 17:31:33,076 [ERROR] LogOutputStream:75 - [STDERR_REDIRECT] 
2026-02-02 17:31:34,081 [ERROR] LogOutputStream:75 - [STDERR_REDIRECT] [Fatal Error] :1:1: Premature end of file.
2026-02-02 17:31:34,081 [ERROR] LogOutputStream:75 - [STDERR_REDIRECT] 
2026-02-02 17:31:35,081 [ERROR] LogOutputStream:75 - [STDERR_REDIRECT] [Fatal Error] :1:1: Premature end of file.
2026-02-02 17:31:35,083 [ERROR] LogOutputStream:75 - [STDERR_REDIRECT] 
2026-02-02 17:31:36,106 [ERROR] LogOutputStream:75 - [STDERR_REDIRECT] [Fatal Error] :1:1: Premature end of file.
2026-02-02 17:31:36,106 [ERROR] LogOutputStream:75 - [STDERR_REDIRECT] 
2026-02-02 17:31:37,113 [ERROR] LogOutputStream:75 - [STDERR_REDIRECT] [Fatal Error] :1:1: Premature end of file.
2026-02-02 17:31:37,113 [ERROR] LogOutputStream:75 - [STDERR_REDIRECT] 
2026-02-02 17:31:38,081 [ERROR] LogOutputStream:75 - [STDERR_REDIRECT] [Fatal Error] :1:1: Premature end of file.
2026-02-02 17:31:38,081 [ERROR] LogOutputStream:75 - [STDERR_REDIRECT] 
2026-02-02 17:31:39,098 [ERROR] LogOutputStream:75 - [STDERR_REDIRECT] [Fatal Error] :1:1: Premature end of file.
2026-02-02 17:31:39,098 [ERROR] LogOutputStream:75 - [STDERR_REDIRECT] 
2026-02-02 17:31:40,081 [ERROR] LogOutputStream:75 - [STDERR_REDIRECT] [Fatal Error] :1:1: Premature end of file.
2026-02-02 17:31:40,081 [ERROR] LogOutputStream:75 - [STDERR_REDIRECT] 
2026-02-02 17:31:41,083 [ERROR] LogOutputStream:75 - [STDERR_REDIRECT] [Fatal Error] :1:1: Premature end of file.
2026-02-02 17:31:41,083 [ERROR] LogOutputStream:75 - [STDERR_REDIRECT] 
2026-02-02 17:31:42,102 [ERROR] LogOutputStream:75 - [STDERR_REDIRECT] [Fatal Error] :1:1: Premature end of file.
2026-02-02 17:31:42,102 [ERROR] LogOutputStream:75 - [STDERR_REDIRECT] 
2026-02-02 17:31:43,082 [ERROR] LogOutputStream:75 - [STDERR_REDIRECT] [Fatal Error] :1:1: Premature end of file.
2026-02-02 17:31:43,084 [ERROR] LogOutputStream:75 - [STDERR_REDIRECT] 
2026-02-02 17:31:44,107 [ERROR] LogOutputStream:75 - [STDERR_REDIRECT] [Fatal Error] :1:1: Premature end of file.
2026-02-02 17:31:44,107 [ERROR] LogOutputStream:75 - [STDERR_REDIRECT] 
2026-02-02 17:31:45,073 [ERROR] LogOutputStream:75 - [STDERR_REDIRECT] [Fatal Error] :1:1: Premature end of file.
2026-02-02 17:31:45,073 [ERROR] LogOutputStream:75 - [STDERR_REDIRECT] 
2026-02-02 17:31:46,108 [ERROR] LogOutputStream:75 - [STDERR_REDIRECT] [Fatal Error] :1:1: Premature end of file.
2026-02-02 17:31:46,108 [ERROR] LogOutputStream:75 - [STDERR_REDIRECT] 
2026-02-02 17:31:47,080 [ERROR] LogOutputStream:75 - [STDERR_REDIRECT] [Fatal Error] :1:1: Premature end of file.
2026-02-02 17:31:47,081 [ERROR] LogOutputStream:75 - [STDERR_REDIRECT] 
2026-02-02 17:31:48,086 [ERROR] LogOutputStream:75 - [STDERR_REDIRECT] [Fatal Error] :1:1: Premature end of file.
2026-02-02 17:31:48,086 [ERROR] LogOutputStream:75 - [STDERR_REDIRECT] 
2026-02-02 17:31:49,075 [ERROR] LogOutputStream:75 - [STDERR_REDIRECT] [Fatal Error] :1:1: Premature end of file.
2026-02-02 17:31:49,076 [ERROR] LogOutputStream:75 - [STDERR_REDIRECT] 
2026-02-02 17:31:50,075 [ERROR] LogOutputStream:75 - [STDERR_REDIRECT] [Fatal Error] :1:1: Premature end of file.
2026-02-02 17:31:50,075 [ERROR] LogOutputStream:75 - [STDERR_REDIRECT] 
2026-02-02 17:31:51,076 [ERROR] LogOutputStream:75 - [STDERR_REDIRECT] [Fatal Error] :1:1: Premature end of file.
2026-02-02 17:31:51,076 [ERROR] LogOutputStream:75 - [STDERR_REDIRECT] 
2026-02-02 17:31:52,073 [ERROR] LogOutputStream:75 - [STDERR_REDIRECT] [Fatal Error] :1:1: Premature end of file.
2026-02-02 17:31:52,073 [ERROR] LogOutputStream:75 - [STDERR_REDIRECT] 
2026-02-02 17:31:53,077 [ERROR] LogOutputStream:75 - [STDERR_REDIRECT] [Fatal Error] :1:1: Premature end of file.
2026-02-02 17:31:53,077 [ERROR] LogOutputStream:75 - [STDERR_REDIRECT] 
2026-02-02 17:31:54,106 [ERROR] LogOutputStream:75 - [STDERR_REDIRECT] [Fatal Error] :1:1: Premature end of file.
2026-02-02 17:31:54,107 [ERROR] LogOutputStream:75 - [STDERR_REDIRECT] 
2026-02-02 17:31:55,093 [ERROR] LogOutputStream:75 - [STDERR_REDIRECT] [Fatal Error] :1:1: Premature end of file.
2026-02-02 17:31:55,093 [ERROR] LogOutputStream:75 - [STDERR_REDIRECT] 
2026-02-02 17:31:56,096 [ERROR] LogOutputStream:75 - [STDERR_REDIRECT] [Fatal Error] :1:1: Premature end of file.
2026-02-02 17:31:56,097 [ERROR] LogOutputStream:75 - [STDERR_REDIRECT] 
2026-02-02 17:31:57,087 [ERROR] LogOutputStream:75 - [STDERR_REDIRECT] [Fatal Error] :1:1: Premature end of file.
2026-02-02 17:31:57,087 [ERROR] LogOutputStream:75 - [STDERR_REDIRECT] 
2026-02-02 17:31:58,083 [ERROR] LogOutputStream:75 - [STDERR_REDIRECT] [Fatal Error] :1:1: Premature end of file.
2026-02-02 17:31:58,083 [ERROR] LogOutputStream:75 - [STDERR_REDIRECT] 
2026-02-02 17:31:59,080 [ERROR] LogOutputStream:75 - [STDERR_REDIRECT] [Fatal Error] :1:1: Premature end of file.
2026-02-02 17:31:59,080 [ERROR] LogOutputStream:75 - [STDERR_REDIRECT] 
2026-02-02 17:32:00,102 [ERROR] LogOutputStream:75 - [STDERR_REDIRECT] [Fatal Error] :1:1: Premature end of file.
2026-02-02 17:32:00,102 [ERROR] LogOutputStream:75 - [STDERR_REDIRECT] 
2026-02-02 17:32:01,095 [ERROR] LogOutputStream:75 - [STDERR_REDIRECT] [Fatal Error] :1:1: Premature end of file.
2026-02-02 17:32:01,095 [ERROR] LogOutputStream:75 - [STDERR_REDIRECT] 
2026-02-02 17:32:02,076 [ERROR] LogOutputStream:75 - [STDERR_REDIRECT] [Fatal Error] :1:1: Premature end of file.
2026-02-02 17:32:02,077 [ERROR] LogOutputStream:75 - [STDERR_REDIRECT] 
2026-02-02 17:32:03,085 [ERROR] LogOutputStream:75 - [STDERR_REDIRECT] [Fatal Error] :1:1: Premature end of file.
2026-02-02 17:32:03,085 [ERROR] LogOutputStream:75 - [STDERR_REDIRECT] 
2026-02-02 17:32:04,085 [ERROR] LogOutputStream:75 - [STDERR_REDIRECT] [Fatal Error] :1:1: Premature end of file.
2026-02-02 17:32:04,085 [ERROR] LogOutputStream:75 - [STDERR_REDIRECT] 
2026-02-02 17:32:05,071 [ERROR] LogOutputStream:75 - [STDERR_REDIRECT] [Fatal Error] :1:1: Premature end of file.
2026-02-02 17:32:05,071 [ERROR] LogOutputStream:75 - [STDERR_REDIRECT] 
2026-02-02 17:32:06,074 [ERROR] LogOutputStream:75 - [STDERR_REDIRECT] [Fatal Error] :1:1: Premature end of file.
2026-02-02 17:32:06,075 [ERROR] LogOutputStream:75 - [STDERR_REDIRECT] 
2026-02-02 17:32:07,072 [ERROR] LogOutputStream:75 - [STDERR_REDIRECT] [Fatal Error] :1:1: Premature end of file.
2026-02-02 17:32:07,072 [ERROR] LogOutputStream:75 - [STDERR_REDIRECT] 
2026-02-02 17:32:08,084 [ERROR] LogOutputStream:75 - [STDERR_REDIRECT] [Fatal Error] :1:1: Premature end of file.
2026-02-02 17:32:08,084 [ERROR] LogOutputStream:75 - [STDERR_REDIRECT] 
2026-02-02 17:32:09,089 [ERROR] LogOutputStream:75 - [STDERR_REDIRECT] [Fatal Error] :1:1: Premature end of file.
2026-02-02 17:32:09,089 [ERROR] LogOutputStream:75 - [STDERR_REDIRECT] 
2026-02-02 17:32:10,075 [ERROR] LogOutputStream:75 - [STDERR_REDIRECT] [Fatal Error] :1:1: Premature end of file.
2026-02-02 17:32:10,075 [ERROR] LogOutputStream:75 - [STDERR_REDIRECT] 
2026-02-02 17:32:11,073 [ERROR] LogOutputStream:75 - [STDERR_REDIRECT] [Fatal Error] :1:1: Premature end of file.
2026-02-02 17:32:11,073 [ERROR] LogOutputStream:75 - [STDERR_REDIRECT] 
2026-02-02 17:32:12,087 [ERROR] LogOutputStream:75 - [STDERR_REDIRECT] [Fatal Error] :1:1: Premature end of file.
2026-02-02 17:32:12,087 [ERROR] LogOutputStream:75 - [STDERR_REDIRECT] 
2026-02-02 17:32:13,089 [ERROR] LogOutputStream:75 - [STDERR_REDIRECT] [Fatal Error] :1:1: Premature end of file.
2026-02-02 17:32:13,089 [ERROR] LogOutputStream:75 - [STDERR_REDIRECT] 
2026-02-02 17:32:14,078 [ERROR] LogOutputStream:75 - [STDERR_REDIRECT] [Fatal Error] :1:1: Premature end of file.
2026-02-02 17:32:14,078 [ERROR] LogOutputStream:75 - [STDERR_REDIRECT] 
2026-02-02 17:32:15,088 [ERROR] LogOutputStream:75 - [STDERR_REDIRECT] [Fatal Error] :1:1: Premature end of file.
2026-02-02 17:32:15,088 [ERROR] LogOutputStream:75 - [STDERR_REDIRECT] 
2026-02-02 17:32:16,073 [ERROR] LogOutputStream:75 - [STDERR_REDIRECT] [Fatal Error] :1:1: Premature end of file.
2026-02-02 17:32:16,073 [ERROR] LogOutputStream:75 - [STDERR_REDIRECT] 
2026-02-02 17:32:17,083 [ERROR] LogOutputStream:75 - [STDERR_REDIRECT] [Fatal Error] :1:1: Premature end of file.
2026-02-02 17:32:17,084 [ERROR] LogOutputStream:75 - [STDERR_REDIRECT] 
2026-02-02 17:32:18,087 [ERROR] LogOutputStream:75 - [STDERR_REDIRECT] [Fatal Error] :1:1: Premature end of file.
2026-02-02 17:32:18,087 [ERROR] LogOutputStream:75 - [STDERR_REDIRECT] 
2026-02-02 17:32:19,070 [ERROR] LogOutputStream:75 - [STDERR_REDIRECT] [Fatal Error] :1:1: Premature end of file.
2026-02-02 17:32:19,071 [ERROR] LogOutputStream:75 - [STDERR_REDIRECT] 
2026-02-02 17:32:20,075 [ERROR] LogOutputStream:75 - [STDERR_REDIRECT] [Fatal Error] :1:1: Premature end of file.
2026-02-02 17:32:20,075 [ERROR] LogOutputStream:75 - [STDERR_REDIRECT] 
2026-02-02 17:32:21,076 [ERROR] LogOutputStream:75 - [STDERR_REDIRECT] [Fatal Error] :1:1: Premature end of file.
2026-02-02 17:32:21,076 [ERROR] LogOutputStream:75 - [STDERR_REDIRECT] 
2026-02-02 17:32:22,082 [ERROR] LogOutputStream:75 - [STDERR_REDIRECT] [Fatal Error] :1:1: Premature end of file.
2026-02-02 17:32:22,083 [ERROR] LogOutputStream:75 - [STDERR_REDIRECT] 
2026-02-02 17:32:23,070 [ERROR] LogOutputStream:75 - [STDERR_REDIRECT] [Fatal Error] :1:1: Premature end of file.
2026-02-02 17:32:23,070 [ERROR] LogOutputStream:75 - [STDERR_REDIRECT] 
2026-02-02 17:32:24,077 [ERROR] LogOutputStream:75 - [STDERR_REDIRECT] [Fatal Error] :1:1: Premature end of file.
2026-02-02 17:32:24,078 [ERROR] LogOutputStream:75 - [STDERR_REDIRECT] 
2026-02-02 17:32:25,065 [ERROR] LogOutputStream:75 - [STDERR_REDIRECT] [Fatal Error] :1:1: Premature end of file.
2026-02-02 17:32:25,066 [ERROR] LogOutputStream:75 - [STDERR_REDIRECT] 
2026-02-02 17:32:26,075 [ERROR] LogOutputStream:75 - [STDERR_REDIRECT] [Fatal Error] :1:1: Premature end of file.
2026-02-02 17:32:26,075 [ERROR] LogOutputStream:75 - [STDERR_REDIRECT] 
2026-02-02 17:32:27,081 [ERROR] LogOutputStream:75 - [STDERR_REDIRECT] [Fatal Error] :1:1: Premature end of file.
2026-02-02 17:32:27,081 [ERROR] LogOutputStream:75 - [STDERR_REDIRECT] 
2026-02-02 17:32:28,073 [ERROR] LogOutputStream:75 - [STDERR_REDIRECT] [Fatal Error] :1:1: Premature end of file.
2026-02-02 17:32:28,074 [ERROR] LogOutputStream:75 - [STDERR_REDIRECT] 
2026-02-02 17:32:29,098 [ERROR] LogOutputStream:75 - [STDERR_REDIRECT] [Fatal Error] :1:1: Premature end of file.
2026-02-02 17:32:29,098 [ERROR] LogOutputStream:75 - [STDERR_REDIRECT] 
2026-02-02 17:32:30,123 [ERROR] LogOutputStream:75 - [STDERR_REDIRECT] [Fatal Error] :1:1: Premature end of file.
2026-02-02 17:32:30,123 [ERROR] LogOutputStream:75 - [STDERR_REDIRECT] 
2026-02-02 17:32:31,083 [ERROR] LogOutputStream:75 - [STDERR_REDIRECT] [Fatal Error] :1:1: Premature end of file.
2026-02-02 17:32:31,084 [ERROR] LogOutputStream:75 - [STDERR_REDIRECT] 
2026-02-02 17:32:32,083 [ERROR] LogOutputStream:75 - [STDERR_REDIRECT] [Fatal Error] :1:1: Premature end of file.
2026-02-02 17:32:32,083 [ERROR] LogOutputStream:75 - [STDERR_REDIRECT] 
2026-02-02 17:32:33,069 [ERROR] LogOutputStream:75 - [STDERR_REDIRECT] [Fatal Error] :1:1: Premature end of file.
2026-02-02 17:32:33,069 [ERROR] LogOutputStream:75 - [STDERR_REDIRECT] 
2026-02-02 17:32:34,081 [ERROR] LogOutputStream:75 - [STDERR_REDIRECT] [Fatal Error] :1:1: Premature end of file.
2026-02-02 17:32:34,082 [ERROR] LogOutputStream:75 - [STDERR_REDIRECT] 
2026-02-02 17:32:35,083 [ERROR] LogOutputStream:75 - [STDERR_REDIRECT] [Fatal Error] :1:1: Premature end of file.
2026-02-02 17:32:35,083 [ERROR] LogOutputStream:75 - [STDERR_REDIRECT] 
2026-02-02 17:32:36,088 [ERROR] LogOutputStream:75 - [STDERR_REDIRECT] [Fatal Error] :1:1: Premature end of file.
2026-02-02 17:32:36,088 [ERROR] LogOutputStream:75 - [STDERR_REDIRECT] 
2026-02-02 17:32:37,075 [ERROR] LogOutputStream:75 - [STDERR_REDIRECT] [Fatal Error] :1:1: Premature end of file.
2026-02-02 17:32:37,075 [ERROR] LogOutputStream:75 - [STDERR_REDIRECT] 
2026-02-02 17:32:38,076 [ERROR] LogOutputStream:75 - [STDERR_REDIRECT] [Fatal Error] :1:1: Premature end of file.
2026-02-02 17:32:38,076 [ERROR] LogOutputStream:75 - [STDERR_REDIRECT] 
2026-02-02 17:32:39,088 [ERROR] LogOutputStream:75 - [STDERR_REDIRECT] [Fatal Error] :1:1: Premature end of file.
2026-02-02 17:32:39,088 [ERROR] LogOutputStream:75 - [STDERR_REDIRECT] 
2026-02-02 17:32:40,076 [ERROR] LogOutputStream:75 - [STDERR_REDIRECT] [Fatal Error] :1:1: Premature end of file.
2026-02-02 17:32:40,076 [ERROR] LogOutputStream:75 - [STDERR_REDIRECT] 
2026-02-02 17:32:41,090 [ERROR] LogOutputStream:75 - [STDERR_REDIRECT] [Fatal Error] :1:1: Premature end of file.
2026-02-02 17:32:41,090 [ERROR] LogOutputStream:75 - [STDERR_REDIRECT] 
2026-02-02 17:32:42,082 [ERROR] LogOutputStream:75 - [STDERR_REDIRECT] [Fatal Error] :1:1: Premature end of file.
2026-02-02 17:32:42,082 [ERROR] LogOutputStream:75 - [STDERR_REDIRECT] 
2026-02-02 17:32:43,074 [ERROR] LogOutputStream:75 - [STDERR_REDIRECT] [Fatal Error] :1:1: Premature end of file.
2026-02-02 17:32:43,074 [ERROR] LogOutputStream:75 - [STDERR_REDIRECT] 
2026-02-02 17:32:44,073 [ERROR] LogOutputStream:75 - [STDERR_REDIRECT] [Fatal Error] :1:1: Premature end of file.
2026-02-02 17:32:44,073 [ERROR] LogOutputStream:75 - [STDERR_REDIRECT] 
2026-02-02 17:32:45,092 [ERROR] LogOutputStream:75 - [STDERR_REDIRECT] [Fatal Error] :1:1: Premature end of file.
2026-02-02 17:32:45,092 [ERROR] LogOutputStream:75 - [STDERR_REDIRECT] 
2026-02-02 17:32:46,077 [ERROR] LogOutputStream:75 - [STDERR_REDIRECT] [Fatal Error] :1:1: Premature end of file.
2026-02-02 17:32:46,078 [ERROR] LogOutputStream:75 - [STDERR_REDIRECT] 
2026-02-02 17:32:47,081 [ERROR] LogOutputStream:75 - [STDERR_REDIRECT] [Fatal Error] :1:1: Premature end of file.
2026-02-02 17:32:47,081 [ERROR] LogOutputStream:75 - [STDERR_REDIRECT] 
2026-02-02 17:32:48,077 [ERROR] LogOutputStream:75 - [STDERR_REDIRECT] [Fatal Error] :1:1: Premature end of file.
2026-02-02 17:32:48,077 [ERROR] LogOutputStream:75 - [STDERR_REDIRECT] 
2026-02-02 17:32:49,074 [ERROR] LogOutputStream:75 - [STDERR_REDIRECT] [Fatal Error] :1:1: Premature end of file.
2026-02-02 17:32:49,075 [ERROR] LogOutputStream:75 - [STDERR_REDIRECT] 
2026-02-02 17:32:50,179 [ERROR] LogOutputStream:75 - [STDERR_REDIRECT] [Fatal Error] :1:1: Premature end of file.
2026-02-02 17:32:50,180 [ERROR] LogOutputStream:75 - [STDERR_REDIRECT] 
2026-02-02 17:32:51,075 [ERROR] LogOutputStream:75 - [STDERR_REDIRECT] [Fatal Error] :1:1: Premature end of file.
2026-02-02 17:32:51,076 [ERROR] LogOutputStream:75 - [STDERR_REDIRECT] 
2026-02-02 17:32:52,085 [ERROR] LogOutputStream:75 - [STDERR_REDIRECT] [Fatal Error] :1:1: Premature end of file.
2026-02-02 17:32:52,085 [ERROR] LogOutputStream:75 - [STDERR_REDIRECT] 
2026-02-02 17:32:53,089 [ERROR] LogOutputStream:75 - [STDERR_REDIRECT] [Fatal Error] :1:1: Premature end of file.
2026-02-02 17:32:53,089 [ERROR] LogOutputStream:75 - [STDERR_REDIRECT] 
2026-02-02 17:32:54,075 [ERROR] LogOutputStream:75 - [STDERR_REDIRECT] [Fatal Error] :1:1: Premature end of file.
2026-02-02 17:32:54,075 [ERROR] LogOutputStream:75 - [STDERR_REDIRECT] 
2026-02-02 17:32:55,079 [ERROR] LogOutputStream:75 - [STDERR_REDIRECT] [Fatal Error] :1:1: Premature end of file.
2026-02-02 17:32:55,079 [ERROR] LogOutputStream:75 - [STDERR_REDIRECT] 
2026-02-02 17:32:56,073 [ERROR] LogOutputStream:75 - [STDERR_REDIRECT] [Fatal Error] :1:1: Premature end of file.
2026-02-02 17:32:56,073 [ERROR] LogOutputStream:75 - [STDERR_REDIRECT] 
2026-02-02 17:32:57,087 [ERROR] LogOutputStream:75 - [STDERR_REDIRECT] [Fatal Error] :1:1: Premature end of file.
2026-02-02 17:32:57,087 [ERROR] LogOutputStream:75 - [STDERR_REDIRECT] 
2026-02-02 17:32:58,086 [ERROR] LogOutputStream:75 - [STDERR_REDIRECT] [Fatal Error] :1:1: Premature end of file.
2026-02-02 17:32:58,086 [ERROR] LogOutputStream:75 - [STDERR_REDIRECT] 
2026-02-02 17:32:59,079 [ERROR] LogOutputStream:75 - [STDERR_REDIRECT] [Fatal Error] :1:1: Premature end of file.
2026-02-02 17:32:59,079 [ERROR] LogOutputStream:75 - [STDERR_REDIRECT] 
2026-02-02 17:33:00,103 [ERROR] LogOutputStream:75 - [STDERR_REDIRECT] [Fatal Error] :1:1: Premature end of file.
2026-02-02 17:33:00,103 [ERROR] LogOutputStream:75 - [STDERR_REDIRECT] 
2026-02-02 17:33:01,089 [ERROR] LogOutputStream:75 - [STDERR_REDIRECT] [Fatal Error] :1:1: Premature end of file.
2026-02-02 17:33:01,090 [ERROR] LogOutputStream:75 - [STDERR_REDIRECT] 
2026-02-02 17:33:02,079 [ERROR] LogOutputStream:75 - [STDERR_REDIRECT] [Fatal Error] :1:1: Premature end of file.
2026-02-02 17:33:02,079 [ERROR] LogOutputStream:75 - [STDERR_REDIRECT] 
2026-02-02 17:33:03,074 [ERROR] LogOutputStream:75 - [STDERR_REDIRECT] [Fatal Error] :1:1: Premature end of file.
2026-02-02 17:33:03,074 [ERROR] LogOutputStream:75 - [STDERR_REDIRECT] 
2026-02-02 17:33:04,070 [ERROR] LogOutputStream:75 - [STDERR_REDIRECT] [Fatal Error] :1:1: Premature end of file.
2026-02-02 17:33:04,070 [ERROR] LogOutputStream:75 - [STDERR_REDIRECT] 
2026-02-02 17:33:05,075 [ERROR] LogOutputStream:75 - [STDERR_REDIRECT] [Fatal Error] :1:1: Premature end of file.
2026-02-02 17:33:05,075 [ERROR] LogOutputStream:75 - [STDERR_REDIRECT] 
2026-02-02 17:33:06,078 [ERROR] LogOutputStream:75 - [STDERR_REDIRECT] [Fatal Error] :1:1: Premature end of file.
2026-02-02 17:33:06,078 [ERROR] LogOutputStream:75 - [STDERR_REDIRECT] 
2026-02-02 17:33:07,080 [ERROR] LogOutputStream:75 - [STDERR_REDIRECT] [Fatal Error] :1:1: Premature end of file.
2026-02-02 17:33:07,080 [ERROR] LogOutputStream:75 - [STDERR_REDIRECT] 
2026-02-02 17:33:08,097 [ERROR] LogOutputStream:75 - [STDERR_REDIRECT] [Fatal Error] :1:1: Premature end of file.
2026-02-02 17:33:08,097 [ERROR] LogOutputStream:75 - [STDERR_REDIRECT] 
2026-02-02 17:33:09,079 [ERROR] LogOutputStream:75 - [STDERR_REDIRECT] [Fatal Error] :1:1: Premature end of file.
2026-02-02 17:33:09,079 [ERROR] LogOutputStream:75 - [STDERR_REDIRECT] 
2026-02-02 17:33:10,074 [ERROR] LogOutputStream:75 - [STDERR_REDIRECT] [Fatal Error] :1:1: Premature end of file.
2026-02-02 17:33:10,074 [ERROR] LogOutputStream:75 - [STDERR_REDIRECT] 
2026-02-02 17:33:11,080 [ERROR] LogOutputStream:75 - [STDERR_REDIRECT] [Fatal Error] :1:1: Premature end of file.
2026-02-02 17:33:11,080 [ERROR] LogOutputStream:75 - [STDERR_REDIRECT] 
2026-02-02 17:33:12,085 [ERROR] LogOutputStream:75 - [STDERR_REDIRECT] [Fatal Error] :1:1: Premature end of file.
2026-02-02 17:33:12,085 [ERROR] LogOutputStream:75 - [STDERR_REDIRECT] 
2026-02-02 17:33:13,073 [ERROR] LogOutputStream:75 - [STDERR_REDIRECT] [Fatal Error] :1:1: Premature end of file.
2026-02-02 17:33:13,073 [ERROR] LogOutputStream:75 - [STDERR_REDIRECT] 
2026-02-02 17:33:14,073 [ERROR] LogOutputStream:75 - [STDERR_REDIRECT] [Fatal Error] :1:1: Premature end of file.
2026-02-02 17:33:14,073 [ERROR] LogOutputStream:75 - [STDERR_REDIRECT] 
2026-02-02 17:33:15,086 [ERROR] LogOutputStream:75 - [STDERR_REDIRECT] [Fatal Error] :1:1: Premature end of file.
2026-02-02 17:33:15,086 [ERROR] LogOutputStream:75 - [STDERR_REDIRECT] 
2026-02-02 17:33:16,092 [ERROR] LogOutputStream:75 - [STDERR_REDIRECT] [Fatal Error] :1:1: Premature end of file.
2026-02-02 17:33:16,092 [ERROR] LogOutputStream:75 - [STDERR_REDIRECT] 
2026-02-02 17:33:17,084 [ERROR] LogOutputStream:75 - [STDERR_REDIRECT] [Fatal Error] :1:1: Premature end of file.
2026-02-02 17:33:17,085 [ERROR] LogOutputStream:75 - [STDERR_REDIRECT] 
2026-02-02 17:33:18,083 [ERROR] LogOutputStream:75 - [STDERR_REDIRECT] [Fatal Error] :1:1: Premature end of file.
2026-02-02 17:33:18,083 [ERROR] LogOutputStream:75 - [STDERR_REDIRECT] 
2026-02-02 17:33:19,073 [ERROR] LogOutputStream:75 - [STDERR_REDIRECT] [Fatal Error] :1:1: Premature end of file.
2026-02-02 17:33:19,073 [ERROR] LogOutputStream:75 - [STDERR_REDIRECT] 
2026-02-02 17:33:20,092 [ERROR] LogOutputStream:75 - [STDERR_REDIRECT] [Fatal Error] :1:1: Premature end of file.
2026-02-02 17:33:20,092 [ERROR] LogOutputStream:75 - [STDERR_REDIRECT] 
2026-02-02 17:33:21,086 [ERROR] LogOutputStream:75 - [STDERR_REDIRECT] [Fatal Error] :1:1: Premature end of file.
2026-02-02 17:33:21,086 [ERROR] LogOutputStream:75 - [STDERR_REDIRECT] 
2026-02-02 17:33:22,091 [ERROR] LogOutputStream:75 - [STDERR_REDIRECT] [Fatal Error] :1:1: Premature end of file.
2026-02-02 17:33:22,102 [ERROR] LogOutputStream:75 - [STDERR_REDIRECT] 
2026-02-02 17:33:23,087 [ERROR] LogOutputStream:75 - [STDERR_REDIRECT] [Fatal Error] :1:1: Premature end of file.
2026-02-02 17:33:23,087 [ERROR] LogOutputStream:75 - [STDERR_REDIRECT] 
2026-02-02 17:33:24,089 [ERROR] LogOutputStream:75 - [STDERR_REDIRECT] [Fatal Error] :1:1: Premature end of file.
2026-02-02 17:33:24,089 [ERROR] LogOutputStream:75 - [STDERR_REDIRECT] 
2026-02-02 17:33:25,074 [ERROR] LogOutputStream:75 - [STDERR_REDIRECT] [Fatal Error] :1:1: Premature end of file.
2026-02-02 17:33:25,074 [ERROR] LogOutputStream:75 - [STDERR_REDIRECT] 
2026-02-02 17:33:26,080 [ERROR] LogOutputStream:75 - [STDERR_REDIRECT] [Fatal Error] :1:1: Premature end of file.
2026-02-02 17:33:26,080 [ERROR] LogOutputStream:75 - [STDERR_REDIRECT] 
2026-02-02 17:33:27,068 [ERROR] LogOutputStream:75 - [STDERR_REDIRECT] [Fatal Error] :1:1: Premature end of file.
2026-02-02 17:33:27,068 [ERROR] LogOutputStream:75 - [STDERR_REDIRECT] 
2026-02-02 17:33:28,088 [ERROR] LogOutputStream:75 - [STDERR_REDIRECT] [Fatal Error] :1:1: Premature end of file.
2026-02-02 17:33:28,088 [ERROR] LogOutputStream:75 - [STDERR_REDIRECT] 
2026-02-02 17:33:29,091 [ERROR] LogOutputStream:75 - [STDERR_REDIRECT] [Fatal Error] :1:1: Premature end of file.
2026-02-02 17:33:29,091 [ERROR] LogOutputStream:75 - [STDERR_REDIRECT] 
2026-02-02 17:33:30,083 [ERROR] LogOutputStream:75 - [STDERR_REDIRECT] [Fatal Error] :1:1: Premature end of file.
2026-02-02 17:33:30,084 [ERROR] LogOutputStream:75 - [STDERR_REDIRECT] 
2026-02-02 17:33:31,107 [ERROR] LogOutputStream:75 - [STDERR_REDIRECT] [Fatal Error] :1:1: Premature end of file.
2026-02-02 17:33:31,107 [ERROR] LogOutputStream:75 - [STDERR_REDIRECT] 
2026-02-02 17:33:32,086 [ERROR] LogOutputStream:75 - [STDERR_REDIRECT] [Fatal Error] :1:1: Premature end of file.
2026-02-02 17:33:32,086 [ERROR] LogOutputStream:75 - [STDERR_REDIRECT] 
2026-02-02 17:33:33,088 [ERROR] LogOutputStream:75 - [STDERR_REDIRECT] [Fatal Error] :1:1: Premature end of file.
2026-02-02 17:33:33,088 [ERROR] LogOutputStream:75 - [STDERR_REDIRECT] 
2026-02-02 17:33:34,091 [ERROR] LogOutputStream:75 - [STDERR_REDIRECT] [Fatal Error] :1:1: Premature end of file.
2026-02-02 17:33:34,091 [ERROR] LogOutputStream:75 - [STDERR_REDIRECT] 
2026-02-02 17:33:35,073 [ERROR] LogOutputStream:75 - [STDERR_REDIRECT] [Fatal Error] :1:1: Premature end of file.
2026-02-02 17:33:35,074 [ERROR] LogOutputStream:75 - [STDERR_REDIRECT] 
2026-02-02 17:33:36,075 [ERROR] LogOutputStream:75 - [STDERR_REDIRECT] [Fatal Error] :1:1: Premature end of file.
2026-02-02 17:33:36,075 [ERROR] LogOutputStream:75 - [STDERR_REDIRECT] 
2026-02-02 17:33:37,087 [ERROR] LogOutputStream:75 - [STDERR_REDIRECT] [Fatal Error] :1:1: Premature end of file.
2026-02-02 17:33:37,087 [ERROR] LogOutputStream:75 - [STDERR_REDIRECT] 
2026-02-02 17:33:38,075 [ERROR] LogOutputStream:75 - [STDERR_REDIRECT] [Fatal Error] :1:1: Premature end of file.
2026-02-02 17:33:38,075 [ERROR] LogOutputStream:75 - [STDERR_REDIRECT] 
2026-02-02 17:33:39,087 [ERROR] LogOutputStream:75 - [STDERR_REDIRECT] [Fatal Error] :1:1: Premature end of file.
2026-02-02 17:33:39,087 [ERROR] LogOutputStream:75 - [STDERR_REDIRECT] 
2026-02-02 17:33:40,074 [ERROR] LogOutputStream:75 - [STDERR_REDIRECT] [Fatal Error] :1:1: Premature end of file.
2026-02-02 17:33:40,074 [ERROR] LogOutputStream:75 - [STDERR_REDIRECT] 
2026-02-02 17:33:41,087 [ERROR] LogOutputStream:75 - [STDERR_REDIRECT] [Fatal Error] :1:1: Premature end of file.
2026-02-02 17:33:41,087 [ERROR] LogOutputStream:75 - [STDERR_REDIRECT] 
2026-02-02 17:33:42,067 [ERROR] LogOutputStream:75 - [STDERR_REDIRECT] [Fatal Error] :1:1: Premature end of file.
2026-02-02 17:33:42,067 [ERROR] LogOutputStream:75 - [STDERR_REDIRECT] 
2026-02-02 17:33:43,095 [ERROR] LogOutputStream:75 - [STDERR_REDIRECT] [Fatal Error] :1:1: Premature end of file.
2026-02-02 17:33:43,096 [ERROR] LogOutputStream:75 - [STDERR_REDIRECT] 
2026-02-02 17:33:44,085 [ERROR] LogOutputStream:75 - [STDERR_REDIRECT] [Fatal Error] :1:1: Premature end of file.
2026-02-02 17:33:44,086 [ERROR] LogOutputStream:75 - [STDERR_REDIRECT] 
2026-02-02 17:33:45,068 [ERROR] LogOutputStream:75 - [STDERR_REDIRECT] [Fatal Error] :1:1: Premature end of file.
2026-02-02 17:33:45,068 [ERROR] LogOutputStream:75 - [STDERR_REDIRECT] 
2026-02-02 17:33:46,074 [ERROR] LogOutputStream:75 - [STDERR_REDIRECT] [Fatal Error] :1:1: Premature end of file.
2026-02-02 17:33:46,074 [ERROR] LogOutputStream:75 - [STDERR_REDIRECT] 
2026-02-02 17:33:47,084 [ERROR] LogOutputStream:75 - [STDERR_REDIRECT] [Fatal Error] :1:1: Premature end of file.
2026-02-02 17:33:47,084 [ERROR] LogOutputStream:75 - [STDERR_REDIRECT] 
2026-02-02 17:33:48,086 [ERROR] LogOutputStream:75 - [STDERR_REDIRECT] [Fatal Error] :1:1: Premature end of file.
2026-02-02 17:33:48,086 [ERROR] LogOutputStream:75 - [STDERR_REDIRECT] 
2026-02-02 17:33:49,070 [ERROR] LogOutputStream:75 - [STDERR_REDIRECT] [Fatal Error] :1:1: Premature end of file.
2026-02-02 17:33:49,070 [ERROR] LogOutputStream:75 - [STDERR_REDIRECT] 
2026-02-02 17:33:50,074 [ERROR] LogOutputStream:75 - [STDERR_REDIRECT] [Fatal Error] :1:1: Premature end of file.
2026-02-02 17:33:50,074 [ERROR] LogOutputStream:75 - [STDERR_REDIRECT] 
2026-02-02 17:33:51,091 [ERROR] LogOutputStream:75 - [STDERR_REDIRECT] [Fatal Error] :1:1: Premature end of file.
2026-02-02 17:33:51,091 [ERROR] LogOutputStream:75 - [STDERR_REDIRECT] 
2026-02-02 17:33:52,072 [ERROR] LogOutputStream:75 - [STDERR_REDIRECT] [Fatal Error] :1:1: Premature end of file.
2026-02-02 17:33:52,073 [ERROR] LogOutputStream:75 - [STDERR_REDIRECT] 
2026-02-02 17:33:53,074 [ERROR] LogOutputStream:75 - [STDERR_REDIRECT] [Fatal Error] :1:1: Premature end of file.
2026-02-02 17:33:53,075 [ERROR] LogOutputStream:75 - [STDERR_REDIRECT] 
2026-02-02 17:33:54,089 [ERROR] LogOutputStream:75 - [STDERR_REDIRECT] [Fatal Error] :1:1: Premature end of file.
2026-02-02 17:33:54,089 [ERROR] LogOutputStream:75 - [STDERR_REDIRECT] 
2026-02-02 17:33:55,084 [ERROR] LogOutputStream:75 - [STDERR_REDIRECT] [Fatal Error] :1:1: Premature end of file.
2026-02-02 17:33:55,084 [ERROR] LogOutputStream:75 - [STDERR_REDIRECT] 
2026-02-02 17:33:56,087 [ERROR] LogOutputStream:75 - [STDERR_REDIRECT] [Fatal Error] :1:1: Premature end of file.
2026-02-02 17:33:56,087 [ERROR] LogOutputStream:75 - [STDERR_REDIRECT] 
2026-02-02 17:33:57,088 [ERROR] LogOutputStream:75 - [STDERR_REDIRECT] [Fatal Error] :1:1: Premature end of file.
2026-02-02 17:33:57,089 [ERROR] LogOutputStream:75 - [STDERR_REDIRECT] 
2026-02-02 17:33:58,075 [ERROR] LogOutputStream:75 - [STDERR_REDIRECT] [Fatal Error] :1:1: Premature end of file.
2026-02-02 17:33:58,075 [ERROR] LogOutputStream:75 - [STDERR_REDIRECT] 
2026-02-02 17:33:59,087 [ERROR] LogOutputStream:75 - [STDERR_REDIRECT] [Fatal Error] :1:1: Premature end of file.
2026-02-02 17:33:59,088 [ERROR] LogOutputStream:75 - [STDERR_REDIRECT] 
2026-02-02 17:34:00,083 [ERROR] LogOutputStream:75 - [STDERR_REDIRECT] [Fatal Error] :1:1: Premature end of file.
2026-02-02 17:34:00,084 [ERROR] LogOutputStream:75 - [STDERR_REDIRECT] 
2026-02-02 17:34:01,114 [ERROR] LogOutputStream:75 - [STDERR_REDIRECT] [Fatal Error] :1:1: Premature end of file.
2026-02-02 17:34:01,114 [ERROR] LogOutputStream:75 - [STDERR_REDIRECT] 
2026-02-02 17:34:02,098 [ERROR] LogOutputStream:75 - [STDERR_REDIRECT] [Fatal Error] :1:1: Premature end of file.
2026-02-02 17:34:02,098 [ERROR] LogOutputStream:75 - [STDERR_REDIRECT] 
2026-02-02 17:34:03,111 [ERROR] LogOutputStream:75 - [STDERR_REDIRECT] [Fatal Error] :1:1: Premature end of file.
2026-02-02 17:34:03,112 [ERROR] LogOutputStream:75 - [STDERR_REDIRECT] 
2026-02-02 17:34:04,089 [ERROR] LogOutputStream:75 - [STDERR_REDIRECT] [Fatal Error] :1:1: Premature end of file.
2026-02-02 17:34:04,089 [ERROR] LogOutputStream:75 - [STDERR_REDIRECT] 
2026-02-02 17:34:05,083 [ERROR] LogOutputStream:75 - [STDERR_REDIRECT] [Fatal Error] :1:1: Premature end of file.
2026-02-02 17:34:05,083 [ERROR] LogOutputStream:75 - [STDERR_REDIRECT] 
2026-02-02 17:34:06,114 [ERROR] LogOutputStream:75 - [STDERR_REDIRECT] [Fatal Error] :1:1: Premature end of file.
2026-02-02 17:34:06,114 [ERROR] LogOutputStream:75 - [STDERR_REDIRECT] 
2026-02-02 17:34:07,084 [ERROR] LogOutputStream:75 - [STDERR_REDIRECT] [Fatal Error] :1:1: Premature end of file.
2026-02-02 17:34:07,084 [ERROR] LogOutputStream:75 - [STDERR_REDIRECT] 
2026-02-02 17:34:08,095 [ERROR] LogOutputStream:75 - [STDERR_REDIRECT] [Fatal Error] :1:1: Premature end of file.
2026-02-02 17:34:08,095 [ERROR] LogOutputStream:75 - [STDERR_REDIRECT] 
2026-02-02 17:34:09,085 [ERROR] LogOutputStream:75 - [STDERR_REDIRECT] [Fatal Error] :1:1: Premature end of file.
2026-02-02 17:34:09,086 [ERROR] LogOutputStream:75 - [STDERR_REDIRECT] 
2026-02-02 17:34:10,080 [ERROR] LogOutputStream:75 - [STDERR_REDIRECT] [Fatal Error] :1:1: Premature end of file.
2026-02-02 17:34:10,080 [ERROR] LogOutputStream:75 - [STDERR_REDIRECT] 
2026-02-02 17:34:11,088 [ERROR] LogOutputStream:75 - [STDERR_REDIRECT] [Fatal Error] :1:1: Premature end of file.
2026-02-02 17:34:11,088 [ERROR] LogOutputStream:75 - [STDERR_REDIRECT] 
2026-02-02 17:34:12,086 [ERROR] LogOutputStream:75 - [STDERR_REDIRECT] [Fatal Error] :1:1: Premature end of file.
2026-02-02 17:34:12,086 [ERROR] LogOutputStream:75 - [STDERR_REDIRECT] 
2026-02-02 17:34:13,088 [ERROR] LogOutputStream:75 - [STDERR_REDIRECT] [Fatal Error] :1:1: Premature end of file.
2026-02-02 17:34:13,088 [ERROR] LogOutputStream:75 - [STDERR_REDIRECT] 
2026-02-02 17:34:14,086 [ERROR] LogOutputStream:75 - [STDERR_REDIRECT] [Fatal Error] :1:1: Premature end of file.
2026-02-02 17:34:14,086 [ERROR] LogOutputStream:75 - [STDERR_REDIRECT] 
2026-02-02 17:34:15,086 [ERROR] LogOutputStream:75 - [STDERR_REDIRECT] [Fatal Error] :1:1: Premature end of file.
2026-02-02 17:34:15,086 [ERROR] LogOutputStream:75 - [STDERR_REDIRECT] 
2026-02-02 17:34:16,083 [ERROR] LogOutputStream:75 - [STDERR_REDIRECT] [Fatal Error] :1:1: Premature end of file.
2026-02-02 17:34:16,083 [ERROR] LogOutputStream:75 - [STDERR_REDIRECT] 
2026-02-02 17:34:17,087 [ERROR] LogOutputStream:75 - [STDERR_REDIRECT] [Fatal Error] :1:1: Premature end of file.
2026-02-02 17:34:17,087 [ERROR] LogOutputStream:75 - [STDERR_REDIRECT] 
2026-02-02 17:34:18,091 [ERROR] LogOutputStream:75 - [STDERR_REDIRECT] [Fatal Error] :1:1: Premature end of file.
2026-02-02 17:34:18,092 [ERROR] LogOutputStream:75 - [STDERR_REDIRECT] 
2026-02-02 17:34:19,076 [ERROR] LogOutputStream:75 - [STDERR_REDIRECT] [Fatal Error] :1:1: Premature end of file.
2026-02-02 17:34:19,077 [ERROR] LogOutputStream:75 - [STDERR_REDIRECT] 
2026-02-02 17:34:20,086 [ERROR] LogOutputStream:75 - [STDERR_REDIRECT] [Fatal Error] :1:1: Premature end of file.
2026-02-02 17:34:20,086 [ERROR] LogOutputStream:75 - [STDERR_REDIRECT] 
2026-02-02 17:34:21,085 [ERROR] LogOutputStream:75 - [STDERR_REDIRECT] [Fatal Error] :1:1: Premature end of file.
2026-02-02 17:34:21,085 [ERROR] LogOutputStream:75 - [STDERR_REDIRECT] 
2026-02-02 17:34:22,079 [ERROR] LogOutputStream:75 - [STDERR_REDIRECT] [Fatal Error] :1:1: Premature end of file.
2026-02-02 17:34:22,095 [ERROR] LogOutputStream:75 - [STDERR_REDIRECT] 
2026-02-02 17:34:23,084 [ERROR] LogOutputStream:75 - [STDERR_REDIRECT] [Fatal Error] :1:1: Premature end of file.
2026-02-02 17:34:23,084 [ERROR] LogOutputStream:75 - [STDERR_REDIRECT] 
2026-02-02 17:34:24,083 [ERROR] LogOutputStream:75 - [STDERR_REDIRECT] [Fatal Error] :1:1: Premature end of file.
2026-02-02 17:34:24,083 [ERROR] LogOutputStream:75 - [STDERR_REDIRECT] 
2026-02-02 17:34:25,080 [ERROR] LogOutputStream:75 - [STDERR_REDIRECT] [Fatal Error] :1:1: Premature end of file.
2026-02-02 17:34:25,080 [ERROR] LogOutputStream:75 - [STDERR_REDIRECT] 
2026-02-02 17:34:26,084 [ERROR] LogOutputStream:75 - [STDERR_REDIRECT] [Fatal Error] :1:1: Premature end of file.
2026-02-02 17:34:26,084 [ERROR] LogOutputStream:75 - [STDERR_REDIRECT] 
2026-02-02 17:34:27,086 [ERROR] LogOutputStream:75 - [STDERR_REDIRECT] [Fatal Error] :1:1: Premature end of file.
2026-02-02 17:34:27,086 [ERROR] LogOutputStream:75 - [STDERR_REDIRECT] 
2026-02-02 17:34:28,094 [ERROR] LogOutputStream:75 - [STDERR_REDIRECT] [Fatal Error] :1:1: Premature end of file.
2026-02-02 17:34:28,094 [ERROR] LogOutputStream:75 - [STDERR_REDIRECT] 
2026-02-02 17:34:29,085 [ERROR] LogOutputStream:75 - [STDERR_REDIRECT] [Fatal Error] :1:1: Premature end of file.
2026-02-02 17:34:29,085 [ERROR] LogOutputStream:75 - [STDERR_REDIRECT] 
2026-02-02 17:34:30,086 [ERROR] LogOutputStream:75 - [STDERR_REDIRECT] [Fatal Error] :1:1: Premature end of file.
2026-02-02 17:34:30,087 [ERROR] LogOutputStream:75 - [STDERR_REDIRECT] 
2026-02-02 17:34:31,083 [ERROR] LogOutputStream:75 - [STDERR_REDIRECT] [Fatal Error] :1:1: Premature end of file.
2026-02-02 17:34:31,083 [ERROR] LogOutputStream:75 - [STDERR_REDIRECT] 
2026-02-02 17:34:32,083 [ERROR] LogOutputStream:75 - [STDERR_REDIRECT] [Fatal Error] :1:1: Premature end of file.
2026-02-02 17:34:32,083 [ERROR] LogOutputStream:75 - [STDERR_REDIRECT] 
2026-02-02 17:34:33,090 [ERROR] LogOutputStream:75 - [STDERR_REDIRECT] [Fatal Error] :1:1: Premature end of file.
2026-02-02 17:34:33,090 [ERROR] LogOutputStream:75 - [STDERR_REDIRECT] 
2026-02-02 17:34:34,085 [ERROR] LogOutputStream:75 - [STDERR_REDIRECT] [Fatal Error] :1:1: Premature end of file.
2026-02-02 17:34:34,085 [ERROR] LogOutputStream:75 - [STDERR_REDIRECT] 
2026-02-02 17:34:35,085 [ERROR] LogOutputStream:75 - [STDERR_REDIRECT] [Fatal Error] :1:1: Premature end of file.
2026-02-02 17:34:35,085 [ERROR] LogOutputStream:75 - [STDERR_REDIRECT] 
2026-02-02 17:34:36,085 [ERROR] LogOutputStream:75 - [STDERR_REDIRECT] [Fatal Error] :1:1: Premature end of file.
2026-02-02 17:34:36,085 [ERROR] LogOutputStream:75 - [STDERR_REDIRECT] 
2026-02-02 17:34:37,074 [ERROR] LogOutputStream:75 - [STDERR_REDIRECT] [Fatal Error] :1:1: Premature end of file.
2026-02-02 17:34:37,074 [ERROR] LogOutputStream:75 - [STDERR_REDIRECT] 
2026-02-02 17:34:38,089 [ERROR] LogOutputStream:75 - [STDERR_REDIRECT] [Fatal Error] :1:1: Premature end of file.
2026-02-02 17:34:38,089 [ERROR] LogOutputStream:75 - [STDERR_REDIRECT] 
2026-02-02 17:34:39,089 [ERROR] LogOutputStream:75 - [STDERR_REDIRECT] [Fatal Error] :1:1: Premature end of file.
2026-02-02 17:34:39,089 [ERROR] LogOutputStream:75 - [STDERR_REDIRECT] 
2026-02-02 17:34:40,078 [ERROR] LogOutputStream:75 - [STDERR_REDIRECT] [Fatal Error] :1:1: Premature end of file.
2026-02-02 17:34:40,078 [ERROR] LogOutputStream:75 - [STDERR_REDIRECT] 
2026-02-02 17:34:41,090 [ERROR] LogOutputStream:75 - [STDERR_REDIRECT] [Fatal Error] :1:1: Premature end of file.
2026-02-02 17:34:41,090 [ERROR] LogOutputStream:75 - [STDERR_REDIRECT] 
2026-02-02 17:34:42,089 [ERROR] LogOutputStream:75 - [STDERR_REDIRECT] [Fatal Error] :1:1: Premature end of file.
2026-02-02 17:34:42,090 [ERROR] LogOutputStream:75 - [STDERR_REDIRECT] 
2026-02-02 17:34:43,080 [ERROR] LogOutputStream:75 - [STDERR_REDIRECT] [Fatal Error] :1:1: Premature end of file.
2026-02-02 17:34:43,081 [ERROR] LogOutputStream:75 - [STDERR_REDIRECT] 
2026-02-02 17:34:44,086 [ERROR] LogOutputStream:75 - [STDERR_REDIRECT] [Fatal Error] :1:1: Premature end of file.
2026-02-02 17:34:44,087 [ERROR] LogOutputStream:75 - [STDERR_REDIRECT] 
2026-02-02 17:34:45,087 [ERROR] LogOutputStream:75 - [STDERR_REDIRECT] [Fatal Error] :1:1: Premature end of file.
2026-02-02 17:34:45,087 [ERROR] LogOutputStream:75 - [STDERR_REDIRECT] 
2026-02-02 17:34:46,079 [ERROR] LogOutputStream:75 - [STDERR_REDIRECT] [Fatal Error] :1:1: Premature end of file.
2026-02-02 17:34:46,079 [ERROR] LogOutputStream:75 - [STDERR_REDIRECT] 
2026-02-02 17:34:47,248 [ERROR] LogOutputStream:75 - [STDERR_REDIRECT] [Fatal Error] :1:1: Premature end of file.
2026-02-02 17:34:47,248 [ERROR] LogOutputStream:75 - [STDERR_REDIRECT] 
2026-02-02 17:34:48,072 [ERROR] LogOutputStream:75 - [STDERR_REDIRECT] [Fatal Error] :1:1: Premature end of file.
2026-02-02 17:34:48,072 [ERROR] LogOutputStream:75 - [STDERR_REDIRECT] 
2026-02-02 17:34:49,071 [ERROR] LogOutputStream:75 - [STDERR_REDIRECT] [Fatal Error] :1:1: Premature end of file.
2026-02-02 17:34:49,071 [ERROR] LogOutputStream:75 - [STDERR_REDIRECT] 
2026-02-02 17:34:50,106 [ERROR] LogOutputStream:75 - [STDERR_REDIRECT] [Fatal Error] :1:1: Premature end of file.
2026-02-02 17:34:50,106 [ERROR] LogOutputStream:75 - [STDERR_REDIRECT] 
2026-02-02 17:34:51,108 [ERROR] LogOutputStream:75 - [STDERR_REDIRECT] [Fatal Error] :1:1: Premature end of file.
2026-02-02 17:34:51,108 [ERROR] LogOutputStream:75 - [STDERR_REDIRECT] 
2026-02-02 17:34:52,081 [ERROR] LogOutputStream:75 - [STDERR_REDIRECT] [Fatal Error] :1:1: Premature end of file.
2026-02-02 17:34:52,081 [ERROR] LogOutputStream:75 - [STDERR_REDIRECT] 
2026-02-02 17:34:53,084 [ERROR] LogOutputStream:75 - [STDERR_REDIRECT] [Fatal Error] :1:1: Premature end of file.
2026-02-02 17:34:53,085 [ERROR] LogOutputStream:75 - [STDERR_REDIRECT] 
2026-02-02 17:34:54,090 [ERROR] LogOutputStream:75 - [STDERR_REDIRECT] [Fatal Error] :1:1: Premature end of file.
2026-02-02 17:34:54,090 [ERROR] LogOutputStream:75 - [STDERR_REDIRECT] 
2026-02-02 17:34:55,080 [ERROR] LogOutputStream:75 - [STDERR_REDIRECT] [Fatal Error] :1:1: Premature end of file.
2026-02-02 17:34:55,081 [ERROR] LogOutputStream:75 - [STDERR_REDIRECT] 
2026-02-02 17:34:56,080 [ERROR] LogOutputStream:75 - [STDERR_REDIRECT] [Fatal Error] :1:1: Premature end of file.
2026-02-02 17:34:56,080 [ERROR] LogOutputStream:75 - [STDERR_REDIRECT] 
2026-02-02 17:34:57,092 [ERROR] LogOutputStream:75 - [STDERR_REDIRECT] [Fatal Error] :1:1: Premature end of file.
2026-02-02 17:34:57,092 [ERROR] LogOutputStream:75 - [STDERR_REDIRECT] 
2026-02-02 17:34:58,073 [ERROR] LogOutputStream:75 - [STDERR_REDIRECT] [Fatal Error] :1:1: Premature end of file.
2026-02-02 17:34:58,074 [ERROR] LogOutputStream:75 - [STDERR_REDIRECT] 
2026-02-02 17:34:59,080 [ERROR] LogOutputStream:75 - [STDERR_REDIRECT] [Fatal Error] :1:1: Premature end of file.
2026-02-02 17:34:59,081 [ERROR] LogOutputStream:75 - [STDERR_REDIRECT] 
2026-02-02 17:35:00,083 [ERROR] LogOutputStream:75 - [STDERR_REDIRECT] [Fatal Error] :1:1: Premature end of file.
2026-02-02 17:35:00,083 [ERROR] LogOutputStream:75 - [STDERR_REDIRECT] 
2026-02-02 17:35:01,082 [ERROR] LogOutputStream:75 - [STDERR_REDIRECT] [Fatal Error] :1:1: Premature end of file.
2026-02-02 17:35:01,082 [ERROR] LogOutputStream:75 - [STDERR_REDIRECT] 
2026-02-02 17:35:02,088 [ERROR] LogOutputStream:75 - [STDERR_REDIRECT] [Fatal Error] :1:1: Premature end of file.
2026-02-02 17:35:02,088 [ERROR] LogOutputStream:75 - [STDERR_REDIRECT] 
2026-02-02 17:35:03,085 [ERROR] LogOutputStream:75 - [STDERR_REDIRECT] [Fatal Error] :1:1: Premature end of file.
2026-02-02 17:35:03,085 [ERROR] LogOutputStream:75 - [STDERR_REDIRECT] 
2026-02-02 17:35:04,081 [ERROR] LogOutputStream:75 - [STDERR_REDIRECT] [Fatal Error] :1:1: Premature end of file.
2026-02-02 17:35:04,081 [ERROR] LogOutputStream:75 - [STDERR_REDIRECT] 
2026-02-02 17:35:05,071 [ERROR] LogOutputStream:75 - [STDERR_REDIRECT] [Fatal Error] :1:1: Premature end of file.
2026-02-02 17:35:05,071 [ERROR] LogOutputStream:75 - [STDERR_REDIRECT] 
2026-02-02 17:35:06,084 [ERROR] LogOutputStream:75 - [STDERR_REDIRECT] [Fatal Error] :1:1: Premature end of file.
2026-02-02 17:35:06,084 [ERROR] LogOutputStream:75 - [STDERR_REDIRECT] 
2026-02-02 17:35:07,079 [ERROR] LogOutputStream:75 - [STDERR_REDIRECT] [Fatal Error] :1:1: Premature end of file.
2026-02-02 17:35:07,079 [ERROR] LogOutputStream:75 - [STDERR_REDIRECT] 
2026-02-02 17:35:08,089 [ERROR] LogOutputStream:75 - [STDERR_REDIRECT] [Fatal Error] :1:1: Premature end of file.
2026-02-02 17:35:08,089 [ERROR] LogOutputStream:75 - [STDERR_REDIRECT] 
2026-02-02 17:35:09,092 [ERROR] LogOutputStream:75 - [STDERR_REDIRECT] [Fatal Error] :1:1: Premature end of file.
2026-02-02 17:35:09,093 [ERROR] LogOutputStream:75 - [STDERR_REDIRECT] 
2026-02-02 17:35:10,072 [ERROR] LogOutputStream:75 - [STDERR_REDIRECT] [Fatal Error] :1:1: Premature end of file.
2026-02-02 17:35:10,073 [ERROR] LogOutputStream:75 - [STDERR_REDIRECT] 
2026-02-02 17:35:11,084 [ERROR] LogOutputStream:75 - [STDERR_REDIRECT] [Fatal Error] :1:1: Premature end of file.
2026-02-02 17:35:11,084 [ERROR] LogOutputStream:75 - [STDERR_REDIRECT] 
2026-02-02 17:35:12,075 [ERROR] LogOutputStream:75 - [STDERR_REDIRECT] [Fatal Error] :1:1: Premature end of file.
2026-02-02 17:35:12,075 [ERROR] LogOutputStream:75 - [STDERR_REDIRECT] 
2026-02-02 17:35:13,070 [ERROR] LogOutputStream:75 - [STDERR_REDIRECT] [Fatal Error] :1:1: Premature end of file.
2026-02-02 17:35:13,070 [ERROR] LogOutputStream:75 - [STDERR_REDIRECT] 
2026-02-02 17:35:14,087 [ERROR] LogOutputStream:75 - [STDERR_REDIRECT] [Fatal Error] :1:1: Premature end of file.
2026-02-02 17:35:14,087 [ERROR] LogOutputStream:75 - [STDERR_REDIRECT] 
2026-02-02 17:35:15,086 [ERROR] LogOutputStream:75 - [STDERR_REDIRECT] [Fatal Error] :1:1: Premature end of file.
2026-02-02 17:35:15,086 [ERROR] LogOutputStream:75 - [STDERR_REDIRECT] 
2026-02-02 17:35:16,072 [ERROR] LogOutputStream:75 - [STDERR_REDIRECT] [Fatal Error] :1:1: Premature end of file.
2026-02-02 17:35:16,072 [ERROR] LogOutputStream:75 - [STDERR_REDIRECT] 
2026-02-02 17:35:17,080 [ERROR] LogOutputStream:75 - [STDERR_REDIRECT] [Fatal Error] :1:1: Premature end of file.
2026-02-02 17:35:17,080 [ERROR] LogOutputStream:75 - [STDERR_REDIRECT] 
2026-02-02 17:35:18,089 [ERROR] LogOutputStream:75 - [STDERR_REDIRECT] [Fatal Error] :1:1: Premature end of file.
2026-02-02 17:35:18,089 [ERROR] LogOutputStream:75 - [STDERR_REDIRECT] 
2026-02-02 17:35:19,087 [ERROR] LogOutputStream:75 - [STDERR_REDIRECT] [Fatal Error] :1:1: Premature end of file.
2026-02-02 17:35:19,087 [ERROR] LogOutputStream:75 - [STDERR_REDIRECT] 
2026-02-02 17:35:20,073 [ERROR] LogOutputStream:75 - [STDERR_REDIRECT] [Fatal Error] :1:1: Premature end of file.
2026-02-02 17:35:20,073 [ERROR] LogOutputStream:75 - [STDERR_REDIRECT] 
2026-02-02 17:35:21,076 [ERROR] LogOutputStream:75 - [STDERR_REDIRECT] [Fatal Error] :1:1: Premature end of file.
2026-02-02 17:35:21,077 [ERROR] LogOutputStream:75 - [STDERR_REDIRECT] 
2026-02-02 17:35:22,095 [ERROR] LogOutputStream:75 - [STDERR_REDIRECT] [Fatal Error] :1:1: Premature end of file.
2026-02-02 17:35:22,096 [ERROR] LogOutputStream:75 - [STDERR_REDIRECT] 
2026-02-02 17:35:23,081 [ERROR] LogOutputStream:75 - [STDERR_REDIRECT] [Fatal Error] :1:1: Premature end of file.
2026-02-02 17:35:23,081 [ERROR] LogOutputStream:75 - [STDERR_REDIRECT] 
2026-02-02 17:35:24,084 [ERROR] LogOutputStream:75 - [STDERR_REDIRECT] [Fatal Error] :1:1: Premature end of file.
2026-02-02 17:35:24,084 [ERROR] LogOutputStream:75 - [STDERR_REDIRECT] 
2026-02-02 17:35:25,066 [ERROR] LogOutputStream:75 - [STDERR_REDIRECT] [Fatal Error] :1:1: Premature end of file.
2026-02-02 17:35:25,066 [ERROR] LogOutputStream:75 - [STDERR_REDIRECT] 
2026-02-02 17:35:26,081 [ERROR] LogOutputStream:75 - [STDERR_REDIRECT] [Fatal Error] :1:1: Premature end of file.
2026-02-02 17:35:26,081 [ERROR] LogOutputStream:75 - [STDERR_REDIRECT] 
2026-02-02 17:35:27,072 [ERROR] LogOutputStream:75 - [STDERR_REDIRECT] [Fatal Error] :1:1: Premature end of file.
2026-02-02 17:35:27,072 [ERROR] LogOutputStream:75 - [STDERR_REDIRECT] 
2026-02-02 17:35:28,072 [ERROR] LogOutputStream:75 - [STDERR_REDIRECT] [Fatal Error] :1:1: Premature end of file.
2026-02-02 17:35:28,072 [ERROR] LogOutputStream:75 - [STDERR_REDIRECT] 
2026-02-02 17:35:29,072 [ERROR] LogOutputStream:75 - [STDERR_REDIRECT] [Fatal Error] :1:1: Premature end of file.
2026-02-02 17:35:29,072 [ERROR] LogOutputStream:75 - [STDERR_REDIRECT] 
2026-02-02 17:35:30,080 [ERROR] LogOutputStream:75 - [STDERR_REDIRECT] [Fatal Error] :1:1: Premature end of file.
2026-02-02 17:35:30,080 [ERROR] LogOutputStream:75 - [STDERR_REDIRECT] 
2026-02-02 17:35:31,082 [ERROR] LogOutputStream:75 - [STDERR_REDIRECT] [Fatal Error] :1:1: Premature end of file.
2026-02-02 17:35:31,082 [ERROR] LogOutputStream:75 - [STDERR_REDIRECT] 
2026-02-02 17:35:32,068 [ERROR] LogOutputStream:75 - [STDERR_REDIRECT] [Fatal Error] :1:1: Premature end of file.
2026-02-02 17:35:32,068 [ERROR] LogOutputStream:75 - [STDERR_REDIRECT] 
2026-02-02 17:35:33,095 [ERROR] LogOutputStream:75 - [STDERR_REDIRECT] [Fatal Error] :1:1: Premature end of file.
2026-02-02 17:35:33,096 [ERROR] LogOutputStream:75 - [STDERR_REDIRECT] 
2026-02-02 17:35:34,088 [ERROR] LogOutputStream:75 - [STDERR_REDIRECT] [Fatal Error] :1:1: Premature end of file.
2026-02-02 17:35:34,088 [ERROR] LogOutputStream:75 - [STDERR_REDIRECT] 
2026-02-02 17:35:35,077 [ERROR] LogOutputStream:75 - [STDERR_REDIRECT] [Fatal Error] :1:1: Premature end of file.
2026-02-02 17:35:35,077 [ERROR] LogOutputStream:75 - [STDERR_REDIRECT] 
2026-02-02 17:35:36,085 [ERROR] LogOutputStream:75 - [STDERR_REDIRECT] [Fatal Error] :1:1: Premature end of file.
2026-02-02 17:35:36,085 [ERROR] LogOutputStream:75 - [STDERR_REDIRECT] 
2026-02-02 17:35:37,101 [ERROR] LogOutputStream:75 - [STDERR_REDIRECT] [Fatal Error] :1:1: Premature end of file.
2026-02-02 17:35:37,102 [ERROR] LogOutputStream:75 - [STDERR_REDIRECT] 
2026-02-02 17:35:38,086 [ERROR] LogOutputStream:75 - [STDERR_REDIRECT] [Fatal Error] :1:1: Premature end of file.
2026-02-02 17:35:38,086 [ERROR] LogOutputStream:75 - [STDERR_REDIRECT] 
2026-02-02 17:35:39,105 [ERROR] LogOutputStream:75 - [STDERR_REDIRECT] [Fatal Error] :1:1: Premature end of file.
2026-02-02 17:35:39,106 [ERROR] LogOutputStream:75 - [STDERR_REDIRECT] 
2026-02-02 17:35:40,106 [ERROR] LogOutputStream:75 - [STDERR_REDIRECT] [Fatal Error] :1:1: Premature end of file.
2026-02-02 17:35:40,106 [ERROR] LogOutputStream:75 - [STDERR_REDIRECT] 
2026-02-02 17:35:41,085 [ERROR] LogOutputStream:75 - [STDERR_REDIRECT] [Fatal Error] :1:1: Premature end of file.
2026-02-02 17:35:41,085 [ERROR] LogOutputStream:75 - [STDERR_REDIRECT] 
2026-02-02 17:35:42,087 [ERROR] LogOutputStream:75 - [STDERR_REDIRECT] [Fatal Error] :1:1: Premature end of file.
2026-02-02 17:35:42,087 [ERROR] LogOutputStream:75 - [STDERR_REDIRECT] 
2026-02-02 17:35:43,082 [ERROR] LogOutputStream:75 - [STDERR_REDIRECT] [Fatal Error] :1:1: Premature end of file.
2026-02-02 17:35:43,082 [ERROR] LogOutputStream:75 - [STDERR_REDIRECT] 
2026-02-02 17:35:44,086 [ERROR] LogOutputStream:75 - [STDERR_REDIRECT] [Fatal Error] :1:1: Premature end of file.
2026-02-02 17:35:44,086 [ERROR] LogOutputStream:75 - [STDERR_REDIRECT] 
2026-02-02 17:35:45,088 [ERROR] LogOutputStream:75 - [STDERR_REDIRECT] [Fatal Error] :1:1: Premature end of file.
2026-02-02 17:35:45,088 [ERROR] LogOutputStream:75 - [STDERR_REDIRECT] 
2026-02-02 17:35:46,085 [ERROR] LogOutputStream:75 - [STDERR_REDIRECT] [Fatal Error] :1:1: Premature end of file.
2026-02-02 17:35:46,085 [ERROR] LogOutputStream:75 - [STDERR_REDIRECT] 
2026-02-02 17:35:47,087 [ERROR] LogOutputStream:75 - [STDERR_REDIRECT] [Fatal Error] :1:1: Premature end of file.
2026-02-02 17:35:47,087 [ERROR] LogOutputStream:75 - [STDERR_REDIRECT] 
2026-02-02 17:35:48,082 [ERROR] LogOutputStream:75 - [STDERR_REDIRECT] [Fatal Error] :1:1: Premature end of file.
2026-02-02 17:35:48,082 [ERROR] LogOutputStream:75 - [STDERR_REDIRECT] 
2026-02-02 17:35:49,085 [ERROR] LogOutputStream:75 - [STDERR_REDIRECT] [Fatal Error] :1:1: Premature end of file.
2026-02-02 17:35:49,085 [ERROR] LogOutputStream:75 - [STDERR_REDIRECT] 
2026-02-02 17:35:50,075 [ERROR] LogOutputStream:75 - [STDERR_REDIRECT] [Fatal Error] :1:1: Premature end of file.
2026-02-02 17:35:50,075 [ERROR] LogOutputStream:75 - [STDERR_REDIRECT] 
2026-02-02 17:35:51,082 [ERROR] LogOutputStream:75 - [STDERR_REDIRECT] [Fatal Error] :1:1: Premature end of file.
2026-02-02 17:35:51,082 [ERROR] LogOutputStream:75 - [STDERR_REDIRECT] 
2026-02-02 17:35:52,074 [ERROR] LogOutputStream:75 - [STDERR_REDIRECT] [Fatal Error] :1:1: Premature end of file.
2026-02-02 17:35:52,074 [ERROR] LogOutputStream:75 - [STDERR_REDIRECT] 
2026-02-02 17:35:53,075 [ERROR] LogOutputStream:75 - [STDERR_REDIRECT] [Fatal Error] :1:1: Premature end of file.
2026-02-02 17:35:53,075 [ERROR] LogOutputStream:75 - [STDERR_REDIRECT] 
2026-02-02 17:35:54,078 [ERROR] LogOutputStream:75 - [STDERR_REDIRECT] [Fatal Error] :1:1: Premature end of file.
2026-02-02 17:35:54,079 [ERROR] LogOutputStream:75 - [STDERR_REDIRECT] 
2026-02-02 17:35:55,074 [ERROR] LogOutputStream:75 - [STDERR_REDIRECT] [Fatal Error] :1:1: Premature end of file.
2026-02-02 17:35:55,074 [ERROR] LogOutputStream:75 - [STDERR_REDIRECT] 
2026-02-02 17:35:56,092 [ERROR] LogOutputStream:75 - [STDERR_REDIRECT] [Fatal Error] :1:1: Premature end of file.
2026-02-02 17:35:56,092 [ERROR] LogOutputStream:75 - [STDERR_REDIRECT] 
2026-02-02 17:35:57,082 [ERROR] LogOutputStream:75 - [STDERR_REDIRECT] [Fatal Error] :1:1: Premature end of file.
2026-02-02 17:35:57,082 [ERROR] LogOutputStream:75 - [STDERR_REDIRECT] 
2026-02-02 17:35:58,086 [ERROR] LogOutputStream:75 - [STDERR_REDIRECT] [Fatal Error] :1:1: Premature end of file.
2026-02-02 17:35:58,086 [ERROR] LogOutputStream:75 - [STDERR_REDIRECT] 
2026-02-02 17:35:59,076 [ERROR] LogOutputStream:75 - [STDERR_REDIRECT] [Fatal Error] :1:1: Premature end of file.
2026-02-02 17:35:59,077 [ERROR] LogOutputStream:75 - [STDERR_REDIRECT] 
2026-02-02 17:36:00,105 [ERROR] LogOutputStream:75 - [STDERR_REDIRECT] [Fatal Error] :1:1: Premature end of file.
2026-02-02 17:36:00,105 [ERROR] LogOutputStream:75 - [STDERR_REDIRECT] 
2026-02-02 17:36:01,080 [ERROR] LogOutputStream:75 - [STDERR_REDIRECT] [Fatal Error] :1:1: Premature end of file.
2026-02-02 17:36:01,080 [ERROR] LogOutputStream:75 - [STDERR_REDIRECT] 
2026-02-02 17:36:02,084 [ERROR] LogOutputStream:75 - [STDERR_REDIRECT] [Fatal Error] :1:1: Premature end of file.
2026-02-02 17:36:02,084 [ERROR] LogOutputStream:75 - [STDERR_REDIRECT] 
2026-02-02 17:36:03,072 [ERROR] LogOutputStream:75 - [STDERR_REDIRECT] [Fatal Error] :1:1: Premature end of file.
2026-02-02 17:36:03,072 [ERROR] LogOutputStream:75 - [STDERR_REDIRECT] 
2026-02-02 17:36:04,076 [ERROR] LogOutputStream:75 - [STDERR_REDIRECT] [Fatal Error] :1:1: Premature end of file.
2026-02-02 17:36:04,076 [ERROR] LogOutputStream:75 - [STDERR_REDIRECT] 
2026-02-02 17:36:05,085 [ERROR] LogOutputStream:75 - [STDERR_REDIRECT] [Fatal Error] :1:1: Premature end of file.
2026-02-02 17:36:05,085 [ERROR] LogOutputStream:75 - [STDERR_REDIRECT] 
2026-02-02 17:36:06,085 [ERROR] LogOutputStream:75 - [STDERR_REDIRECT] [Fatal Error] :1:1: Premature end of file.
2026-02-02 17:36:06,085 [ERROR] LogOutputStream:75 - [STDERR_REDIRECT] 
2026-02-02 17:36:07,077 [ERROR] LogOutputStream:75 - [STDERR_REDIRECT] [Fatal Error] :1:1: Premature end of file.
2026-02-02 17:36:07,077 [ERROR] LogOutputStream:75 - [STDERR_REDIRECT] 
2026-02-02 17:36:08,087 [ERROR] LogOutputStream:75 - [STDERR_REDIRECT] [Fatal Error] :1:1: Premature end of file.
2026-02-02 17:36:08,087 [ERROR] LogOutputStream:75 - [STDERR_REDIRECT] 
2026-02-02 17:36:09,071 [ERROR] LogOutputStream:75 - [STDERR_REDIRECT] [Fatal Error] :1:1: Premature end of file.
2026-02-02 17:36:09,071 [ERROR] LogOutputStream:75 - [STDERR_REDIRECT] 
2026-02-02 17:36:10,078 [ERROR] LogOutputStream:75 - [STDERR_REDIRECT] [Fatal Error] :1:1: Premature end of file.
2026-02-02 17:36:10,078 [ERROR] LogOutputStream:75 - [STDERR_REDIRECT] 
2026-02-02 17:36:11,097 [ERROR] LogOutputStream:75 - [STDERR_REDIRECT] [Fatal Error] :1:1: Premature end of file.
2026-02-02 17:36:11,097 [ERROR] LogOutputStream:75 - [STDERR_REDIRECT] 
2026-02-02 17:36:12,078 [ERROR] LogOutputStream:75 - [STDERR_REDIRECT] [Fatal Error] :1:1: Premature end of file.
2026-02-02 17:36:12,078 [ERROR] LogOutputStream:75 - [STDERR_REDIRECT] 
2026-02-02 17:36:13,097 [ERROR] LogOutputStream:75 - [STDERR_REDIRECT] [Fatal Error] :1:1: Premature end of file.
2026-02-02 17:36:13,097 [ERROR] LogOutputStream:75 - [STDERR_REDIRECT] 
2026-02-02 17:36:14,086 [ERROR] LogOutputStream:75 - [STDERR_REDIRECT] [Fatal Error] :1:1: Premature end of file.
2026-02-02 17:36:14,086 [ERROR] LogOutputStream:75 - [STDERR_REDIRECT] 
2026-02-02 17:36:15,088 [ERROR] LogOutputStream:75 - [STDERR_REDIRECT] [Fatal Error] :1:1: Premature end of file.
2026-02-02 17:36:15,088 [ERROR] LogOutputStream:75 - [STDERR_REDIRECT] 
2026-02-02 17:36:16,083 [ERROR] LogOutputStream:75 - [STDERR_REDIRECT] [Fatal Error] :1:1: Premature end of file.
2026-02-02 17:36:16,083 [ERROR] LogOutputStream:75 - [STDERR_REDIRECT] 
2026-02-02 17:36:17,089 [ERROR] LogOutputStream:75 - [STDERR_REDIRECT] [Fatal Error] :1:1: Premature end of file.
2026-02-02 17:36:17,090 [ERROR] LogOutputStream:75 - [STDERR_REDIRECT] 
2026-02-02 17:36:18,089 [ERROR] LogOutputStream:75 - [STDERR_REDIRECT] [Fatal Error] :1:1: Premature end of file.
2026-02-02 17:36:18,089 [ERROR] LogOutputStream:75 - [STDERR_REDIRECT] 
2026-02-02 17:36:19,082 [ERROR] LogOutputStream:75 - [STDERR_REDIRECT] [Fatal Error] :1:1: Premature end of file.
2026-02-02 17:36:19,082 [ERROR] LogOutputStream:75 - [STDERR_REDIRECT] 
2026-02-02 17:36:20,078 [ERROR] LogOutputStream:75 - [STDERR_REDIRECT] [Fatal Error] :1:1: Premature end of file.
2026-02-02 17:36:20,079 [ERROR] LogOutputStream:75 - [STDERR_REDIRECT] 
2026-02-02 17:36:21,085 [ERROR] LogOutputStream:75 - [STDERR_REDIRECT] [Fatal Error] :1:1: Premature end of file.
2026-02-02 17:36:21,085 [ERROR] LogOutputStream:75 - [STDERR_REDIRECT] 
2026-02-02 17:36:22,073 [ERROR] LogOutputStream:75 - [STDERR_REDIRECT] [Fatal Error] :1:1: Premature end of file.
2026-02-02 17:36:22,073 [ERROR] LogOutputStream:75 - [STDERR_REDIRECT] 
2026-02-02 17:36:23,071 [ERROR] LogOutputStream:75 - [STDERR_REDIRECT] [Fatal Error] :1:1: Premature end of file.
2026-02-02 17:36:23,071 [ERROR] LogOutputStream:75 - [STDERR_REDIRECT] 
2026-02-02 17:36:24,074 [ERROR] LogOutputStream:75 - [STDERR_REDIRECT] [Fatal Error] :1:1: Premature end of file.
2026-02-02 17:36:24,074 [ERROR] LogOutputStream:75 - [STDERR_REDIRECT] 
2026-02-02 17:36:25,081 [ERROR] LogOutputStream:75 - [STDERR_REDIRECT] [Fatal Error] :1:1: Premature end of file.
2026-02-02 17:36:25,081 [ERROR] LogOutputStream:75 - [STDERR_REDIRECT] 
2026-02-02 17:36:26,088 [ERROR] LogOutputStream:75 - [STDERR_REDIRECT] [Fatal Error] :1:1: Premature end of file.
2026-02-02 17:36:26,088 [ERROR] LogOutputStream:75 - [STDERR_REDIRECT] 
2026-02-02 17:36:27,072 [ERROR] LogOutputStream:75 - [STDERR_REDIRECT] [Fatal Error] :1:1: Premature end of file.
2026-02-02 17:36:27,072 [ERROR] LogOutputStream:75 - [STDERR_REDIRECT] 
2026-02-02 17:36:28,079 [ERROR] LogOutputStream:75 - [STDERR_REDIRECT] [Fatal Error] :1:1: Premature end of file.
2026-02-02 17:36:28,080 [ERROR] LogOutputStream:75 - [STDERR_REDIRECT] 
2026-02-02 17:36:29,086 [ERROR] LogOutputStream:75 - [STDERR_REDIRECT] [Fatal Error] :1:1: Premature end of file.
2026-02-02 17:36:29,086 [ERROR] LogOutputStream:75 - [STDERR_REDIRECT] 
2026-02-02 17:36:30,074 [ERROR] LogOutputStream:75 - [STDERR_REDIRECT] [Fatal Error] :1:1: Premature end of file.
2026-02-02 17:36:30,074 [ERROR] LogOutputStream:75 - [STDERR_REDIRECT] 
2026-02-02 17:36:31,076 [ERROR] LogOutputStream:75 - [STDERR_REDIRECT] [Fatal Error] :1:1: Premature end of file.
2026-02-02 17:36:31,076 [ERROR] LogOutputStream:75 - [STDERR_REDIRECT] 
2026-02-02 17:36:32,085 [ERROR] LogOutputStream:75 - [STDERR_REDIRECT] [Fatal Error] :1:1: Premature end of file.
2026-02-02 17:36:32,085 [ERROR] LogOutputStream:75 - [STDERR_REDIRECT] 
2026-02-02 17:36:33,076 [ERROR] LogOutputStream:75 - [STDERR_REDIRECT] [Fatal Error] :1:1: Premature end of file.
2026-02-02 17:36:33,076 [ERROR] LogOutputStream:75 - [STDERR_REDIRECT] 
2026-02-02 17:36:34,086 [ERROR] LogOutputStream:75 - [STDERR_REDIRECT] [Fatal Error] :1:1: Premature end of file.
2026-02-02 17:36:34,086 [ERROR] LogOutputStream:75 - [STDERR_REDIRECT] 
2026-02-02 17:36:35,096 [ERROR] LogOutputStream:75 - [STDERR_REDIRECT] [Fatal Error] :1:1: Premature end of file.
2026-02-02 17:36:35,096 [ERROR] LogOutputStream:75 - [STDERR_REDIRECT] 
2026-02-02 17:36:36,077 [ERROR] LogOutputStream:75 - [STDERR_REDIRECT] [Fatal Error] :1:1: Premature end of file.
2026-02-02 17:36:36,078 [ERROR] LogOutputStream:75 - [STDERR_REDIRECT] 
2026-02-02 17:36:37,162 [ERROR] LogOutputStream:75 - [STDERR_REDIRECT] [Fatal Error] :1:1: Premature end of file.
2026-02-02 17:36:37,162 [ERROR] LogOutputStream:75 - [STDERR_REDIRECT] 
2026-02-02 17:36:38,080 [ERROR] LogOutputStream:75 - [STDERR_REDIRECT] [Fatal Error] :1:1: Premature end of file.
2026-02-02 17:36:38,080 [ERROR] LogOutputStream:75 - [STDERR_REDIRECT] 
2026-02-02 17:36:39,082 [ERROR] LogOutputStream:75 - [STDERR_REDIRECT] [Fatal Error] :1:1: Premature end of file.
2026-02-02 17:36:39,082 [ERROR] LogOutputStream:75 - [STDERR_REDIRECT] 
2026-02-02 17:36:40,070 [ERROR] LogOutputStream:75 - [STDERR_REDIRECT] [Fatal Error] :1:1: Premature end of file.
2026-02-02 17:36:40,070 [ERROR] LogOutputStream:75 - [STDERR_REDIRECT] 
2026-02-02 17:36:41,085 [ERROR] LogOutputStream:75 - [STDERR_REDIRECT] [Fatal Error] :1:1: Premature end of file.
2026-02-02 17:36:41,085 [ERROR] LogOutputStream:75 - [STDERR_REDIRECT] 
2026-02-02 17:36:42,090 [ERROR] LogOutputStream:75 - [STDERR_REDIRECT] [Fatal Error] :1:1: Premature end of file.
2026-02-02 17:36:42,092 [ERROR] LogOutputStream:75 - [STDERR_REDIRECT] 
2026-02-02 17:36:43,077 [ERROR] LogOutputStream:75 - [STDERR_REDIRECT] [Fatal Error] :1:1: Premature end of file.
2026-02-02 17:36:43,079 [ERROR] LogOutputStream:75 - [STDERR_REDIRECT] 
2026-02-02 17:36:44,085 [ERROR] LogOutputStream:75 - [STDERR_REDIRECT] [Fatal Error] :1:1: Premature end of file.
2026-02-02 17:36:44,085 [ERROR] LogOutputStream:75 - [STDERR_REDIRECT] 
2026-02-02 17:36:45,084 [ERROR] LogOutputStream:75 - [STDERR_REDIRECT] [Fatal Error] :1:1: Premature end of file.
2026-02-02 17:36:45,085 [ERROR] LogOutputStream:75 - [STDERR_REDIRECT] 
2026-02-02 17:36:46,083 [ERROR] LogOutputStream:75 - [STDERR_REDIRECT] [Fatal Error] :1:1: Premature end of file.
2026-02-02 17:36:46,083 [ERROR] LogOutputStream:75 - [STDERR_REDIRECT] 
2026-02-02 17:36:47,084 [ERROR] LogOutputStream:75 - [STDERR_REDIRECT] [Fatal Error] :1:1: Premature end of file.
2026-02-02 17:36:47,084 [ERROR] LogOutputStream:75 - [STDERR_REDIRECT] 
2026-02-02 17:36:48,076 [ERROR] LogOutputStream:75 - [STDERR_REDIRECT] [Fatal Error] :1:1: Premature end of file.
2026-02-02 17:36:48,076 [ERROR] LogOutputStream:75 - [STDERR_REDIRECT] 
2026-02-02 17:36:49,074 [ERROR] LogOutputStream:75 - [STDERR_REDIRECT] [Fatal Error] :1:1: Premature end of file.
2026-02-02 17:36:49,075 [ERROR] LogOutputStream:75 - [STDERR_REDIRECT] 
2026-02-02 17:36:50,087 [ERROR] LogOutputStream:75 - [STDERR_REDIRECT] [Fatal Error] :1:1: Premature end of file.
2026-02-02 17:36:50,087 [ERROR] LogOutputStream:75 - [STDERR_REDIRECT] 
2026-02-02 17:36:51,085 [ERROR] LogOutputStream:75 - [STDERR_REDIRECT] [Fatal Error] :1:1: Premature end of file.
2026-02-02 17:36:51,086 [ERROR] LogOutputStream:75 - [STDERR_REDIRECT] 
2026-02-02 17:36:52,079 [ERROR] LogOutputStream:75 - [STDERR_REDIRECT] [Fatal Error] :1:1: Premature end of file.
2026-02-02 17:36:52,080 [ERROR] LogOutputStream:75 - [STDERR_REDIRECT] 
2026-02-02 17:36:53,079 [ERROR] LogOutputStream:75 - [STDERR_REDIRECT] [Fatal Error] :1:1: Premature end of file.
2026-02-02 17:36:53,079 [ERROR] LogOutputStream:75 - [STDERR_REDIRECT] 
2026-02-02 17:36:54,071 [ERROR] LogOutputStream:75 - [STDERR_REDIRECT] [Fatal Error] :1:1: Premature end of file.
2026-02-02 17:36:54,071 [ERROR] LogOutputStream:75 - [STDERR_REDIRECT] 
2026-02-02 17:36:55,083 [ERROR] LogOutputStream:75 - [STDERR_REDIRECT] [Fatal Error] :1:1: Premature end of file.
2026-02-02 17:36:55,084 [ERROR] LogOutputStream:75 - [STDERR_REDIRECT] 
2026-02-02 17:36:56,081 [ERROR] LogOutputStream:75 - [STDERR_REDIRECT] [Fatal Error] :1:1: Premature end of file.
2026-02-02 17:36:56,081 [ERROR] LogOutputStream:75 - [STDERR_REDIRECT] 
2026-02-02 17:36:57,089 [ERROR] LogOutputStream:75 - [STDERR_REDIRECT] [Fatal Error] :1:1: Premature end of file.
2026-02-02 17:36:57,089 [ERROR] LogOutputStream:75 - [STDERR_REDIRECT] 
2026-02-02 17:36:58,083 [ERROR] LogOutputStream:75 - [STDERR_REDIRECT] [Fatal Error] :1:1: Premature end of file.
2026-02-02 17:36:58,083 [ERROR] LogOutputStream:75 - [STDERR_REDIRECT] 
2026-02-02 17:36:59,110 [ERROR] LogOutputStream:75 - [STDERR_REDIRECT] [Fatal Error] :1:1: Premature end of file.
2026-02-02 17:36:59,111 [ERROR] LogOutputStream:75 - [STDERR_REDIRECT] 
2026-02-02 17:37:00,085 [ERROR] LogOutputStream:75 - [STDERR_REDIRECT] [Fatal Error] :1:1: Premature end of file.
2026-02-02 17:37:00,085 [ERROR] LogOutputStream:75 - [STDERR_REDIRECT] 
2026-02-02 17:37:01,077 [ERROR] LogOutputStream:75 - [STDERR_REDIRECT] [Fatal Error] :1:1: Premature end of file.
2026-02-02 17:37:01,078 [ERROR] LogOutputStream:75 - [STDERR_REDIRECT] 
2026-02-02 17:37:02,071 [ERROR] LogOutputStream:75 - [STDERR_REDIRECT] [Fatal Error] :1:1: Premature end of file.
2026-02-02 17:37:02,071 [ERROR] LogOutputStream:75 - [STDERR_REDIRECT] 
2026-02-02 17:37:03,091 [ERROR] LogOutputStream:75 - [STDERR_REDIRECT] [Fatal Error] :1:1: Premature end of file.
2026-02-02 17:37:03,092 [ERROR] LogOutputStream:75 - [STDERR_REDIRECT] 
2026-02-02 17:37:04,076 [ERROR] LogOutputStream:75 - [STDERR_REDIRECT] [Fatal Error] :1:1: Premature end of file.
2026-02-02 17:37:04,076 [ERROR] LogOutputStream:75 - [STDERR_REDIRECT] 
2026-02-02 17:37:05,084 [ERROR] LogOutputStream:75 - [STDERR_REDIRECT] [Fatal Error] :1:1: Premature end of file.
2026-02-02 17:37:05,084 [ERROR] LogOutputStream:75 - [STDERR_REDIRECT] 
2026-02-02 17:37:06,084 [ERROR] LogOutputStream:75 - [STDERR_REDIRECT] [Fatal Error] :1:1: Premature end of file.
2026-02-02 17:37:06,085 [ERROR] LogOutputStream:75 - [STDERR_REDIRECT] 
2026-02-02 17:37:07,100 [ERROR] LogOutputStream:75 - [STDERR_REDIRECT] [Fatal Error] :1:1: Premature end of file.
2026-02-02 17:37:07,100 [ERROR] LogOutputStream:75 - [STDERR_REDIRECT] 
2026-02-02 17:37:08,085 [ERROR] LogOutputStream:75 - [STDERR_REDIRECT] [Fatal Error] :1:1: Premature end of file.
2026-02-02 17:37:08,086 [ERROR] LogOutputStream:75 - [STDERR_REDIRECT] 
2026-02-02 17:37:09,082 [ERROR] LogOutputStream:75 - [STDERR_REDIRECT] [Fatal Error] :1:1: Premature end of file.
2026-02-02 17:37:09,082 [ERROR] LogOutputStream:75 - [STDERR_REDIRECT] 
2026-02-02 17:37:10,084 [ERROR] LogOutputStream:75 - [STDERR_REDIRECT] [Fatal Error] :1:1: Premature end of file.
2026-02-02 17:37:10,084 [ERROR] LogOutputStream:75 - [STDERR_REDIRECT] 
2026-02-02 17:37:11,082 [ERROR] LogOutputStream:75 - [STDERR_REDIRECT] [Fatal Error] :1:1: Premature end of file.
2026-02-02 17:37:11,082 [ERROR] LogOutputStream:75 - [STDERR_REDIRECT] 
2026-02-02 17:37:12,075 [ERROR] LogOutputStream:75 - [STDERR_REDIRECT] [Fatal Error] :1:1: Premature end of file.
2026-02-02 17:37:12,075 [ERROR] LogOutputStream:75 - [STDERR_REDIRECT] 
2026-02-02 17:37:13,080 [ERROR] LogOutputStream:75 - [STDERR_REDIRECT] [Fatal Error] :1:1: Premature end of file.
2026-02-02 17:37:13,080 [ERROR] LogOutputStream:75 - [STDERR_REDIRECT] 
2026-02-02 17:37:14,083 [ERROR] LogOutputStream:75 - [STDERR_REDIRECT] [Fatal Error] :1:1: Premature end of file.
2026-02-02 17:37:14,083 [ERROR] LogOutputStream:75 - [STDERR_REDIRECT] 
2026-02-02 17:37:15,079 [ERROR] LogOutputStream:75 - [STDERR_REDIRECT] [Fatal Error] :1:1: Premature end of file.
2026-02-02 17:37:15,079 [ERROR] LogOutputStream:75 - [STDERR_REDIRECT] 
2026-02-02 17:37:16,083 [ERROR] LogOutputStream:75 - [STDERR_REDIRECT] [Fatal Error] :1:1: Premature end of file.
2026-02-02 17:37:16,083 [ERROR] LogOutputStream:75 - [STDERR_REDIRECT] 
2026-02-02 17:37:17,086 [ERROR] LogOutputStream:75 - [STDERR_REDIRECT] [Fatal Error] :1:1: Premature end of file.
2026-02-02 17:37:17,086 [ERROR] LogOutputStream:75 - [STDERR_REDIRECT] 
2026-02-02 17:37:18,090 [ERROR] LogOutputStream:75 - [STDERR_REDIRECT] [Fatal Error] :1:1: Premature end of file.
2026-02-02 17:37:18,090 [ERROR] LogOutputStream:75 - [STDERR_REDIRECT] 
2026-02-02 17:37:19,086 [ERROR] LogOutputStream:75 - [STDERR_REDIRECT] [Fatal Error] :1:1: Premature end of file.
2026-02-02 17:37:19,086 [ERROR] LogOutputStream:75 - [STDERR_REDIRECT] 
2026-02-02 17:37:20,084 [ERROR] LogOutputStream:75 - [STDERR_REDIRECT] [Fatal Error] :1:1: Premature end of file.
2026-02-02 17:37:20,084 [ERROR] LogOutputStream:75 - [STDERR_REDIRECT] 
2026-02-02 17:37:21,076 [ERROR] LogOutputStream:75 - [STDERR_REDIRECT] [Fatal Error] :1:1: Premature end of file.
2026-02-02 17:37:21,076 [ERROR] LogOutputStream:75 - [STDERR_REDIRECT] 
2026-02-02 17:37:22,084 [ERROR] LogOutputStream:75 - [STDERR_REDIRECT] [Fatal Error] :1:1: Premature end of file.
2026-02-02 17:37:22,084 [ERROR] LogOutputStream:75 - [STDERR_REDIRECT] 
2026-02-02 17:37:23,083 [ERROR] LogOutputStream:75 - [STDERR_REDIRECT] [Fatal Error] :1:1: Premature end of file.
2026-02-02 17:37:23,083 [ERROR] LogOutputStream:75 - [STDERR_REDIRECT] 
2026-02-02 17:37:24,085 [ERROR] LogOutputStream:75 - [STDERR_REDIRECT] [Fatal Error] :1:1: Premature end of file.
2026-02-02 17:37:24,085 [ERROR] LogOutputStream:75 - [STDERR_REDIRECT] 
2026-02-02 17:37:25,082 [ERROR] LogOutputStream:75 - [STDERR_REDIRECT] [Fatal Error] :1:1: Premature end of file.
2026-02-02 17:37:25,082 [ERROR] LogOutputStream:75 - [STDERR_REDIRECT] 
2026-02-02 17:37:26,093 [ERROR] LogOutputStream:75 - [STDERR_REDIRECT] [Fatal Error] :1:1: Premature end of file.
2026-02-02 17:37:26,108 [ERROR] LogOutputStream:75 - [STDERR_REDIRECT] 
2026-02-02 17:37:27,073 [ERROR] LogOutputStream:75 - [STDERR_REDIRECT] [Fatal Error] :1:1: Premature end of file.
2026-02-02 17:37:27,073 [ERROR] LogOutputStream:75 - [STDERR_REDIRECT] 
2026-02-02 17:37:28,078 [ERROR] LogOutputStream:75 - [STDERR_REDIRECT] [Fatal Error] :1:1: Premature end of file.
2026-02-02 17:37:28,078 [ERROR] LogOutputStream:75 - [STDERR_REDIRECT] 
2026-02-02 17:37:29,092 [ERROR] LogOutputStream:75 - [STDERR_REDIRECT] [Fatal Error] :1:1: Premature end of file.
2026-02-02 17:37:29,092 [ERROR] LogOutputStream:75 - [STDERR_REDIRECT] 
2026-02-02 17:37:30,071 [ERROR] LogOutputStream:75 - [STDERR_REDIRECT] [Fatal Error] :1:1: Premature end of file.
2026-02-02 17:37:30,071 [ERROR] LogOutputStream:75 - [STDERR_REDIRECT] 
2026-02-02 17:37:31,075 [ERROR] LogOutputStream:75 - [STDERR_REDIRECT] [Fatal Error] :1:1: Premature end of file.
2026-02-02 17:37:31,075 [ERROR] LogOutputStream:75 - [STDERR_REDIRECT] 
2026-02-02 17:37:32,082 [ERROR] LogOutputStream:75 - [STDERR_REDIRECT] [Fatal Error] :1:1: Premature end of file.
2026-02-02 17:37:32,082 [ERROR] LogOutputStream:75 - [STDERR_REDIRECT] 
2026-02-02 17:37:33,086 [ERROR] LogOutputStream:75 - [STDERR_REDIRECT] [Fatal Error] :1:1: Premature end of file.
2026-02-02 17:37:33,086 [ERROR] LogOutputStream:75 - [STDERR_REDIRECT] 
2026-02-02 17:37:34,088 [ERROR] LogOutputStream:75 - [STDERR_REDIRECT] [Fatal Error] :1:1: Premature end of file.
2026-02-02 17:37:34,089 [ERROR] LogOutputStream:75 - [STDERR_REDIRECT] 
2026-02-02 17:37:35,079 [ERROR] LogOutputStream:75 - [STDERR_REDIRECT] [Fatal Error] :1:1: Premature end of file.
2026-02-02 17:37:35,080 [ERROR] LogOutputStream:75 - [STDERR_REDIRECT] 
2026-02-02 17:37:36,076 [ERROR] LogOutputStream:75 - [STDERR_REDIRECT] [Fatal Error] :1:1: Premature end of file.
2026-02-02 17:37:36,076 [ERROR] LogOutputStream:75 - [STDERR_REDIRECT] 
2026-02-02 17:37:37,082 [ERROR] LogOutputStream:75 - [STDERR_REDIRECT] [Fatal Error] :1:1: Premature end of file.
2026-02-02 17:37:37,082 [ERROR] LogOutputStream:75 - [STDERR_REDIRECT] 
2026-02-02 17:37:38,073 [ERROR] LogOutputStream:75 - [STDERR_REDIRECT] [Fatal Error] :1:1: Premature end of file.
2026-02-02 17:37:38,073 [ERROR] LogOutputStream:75 - [STDERR_REDIRECT] 
2026-02-02 17:37:39,074 [ERROR] LogOutputStream:75 - [STDERR_REDIRECT] [Fatal Error] :1:1: Premature end of file.
2026-02-02 17:37:39,075 [ERROR] LogOutputStream:75 - [STDERR_REDIRECT] 
2026-02-02 17:37:40,085 [ERROR] LogOutputStream:75 - [STDERR_REDIRECT] [Fatal Error] :1:1: Premature end of file.
2026-02-02 17:37:40,085 [ERROR] LogOutputStream:75 - [STDERR_REDIRECT] 
2026-02-02 17:37:41,081 [ERROR] LogOutputStream:75 - [STDERR_REDIRECT] [Fatal Error] :1:1: Premature end of file.
2026-02-02 17:37:41,081 [ERROR] LogOutputStream:75 - [STDERR_REDIRECT] 
2026-02-02 17:37:42,073 [ERROR] LogOutputStream:75 - [STDERR_REDIRECT] [Fatal Error] :1:1: Premature end of file.
2026-02-02 17:37:42,073 [ERROR] LogOutputStream:75 - [STDERR_REDIRECT] 
2026-02-02 17:37:43,080 [ERROR] LogOutputStream:75 - [STDERR_REDIRECT] [Fatal Error] :1:1: Premature end of file.
2026-02-02 17:37:43,080 [ERROR] LogOutputStream:75 - [STDERR_REDIRECT] 
2026-02-02 17:37:44,077 [ERROR] LogOutputStream:75 - [STDERR_REDIRECT] [Fatal Error] :1:1: Premature end of file.
2026-02-02 17:37:44,078 [ERROR] LogOutputStream:75 - [STDERR_REDIRECT] 
2026-02-02 17:37:45,073 [ERROR] LogOutputStream:75 - [STDERR_REDIRECT] [Fatal Error] :1:1: Premature end of file.
2026-02-02 17:37:45,073 [ERROR] LogOutputStream:75 - [STDERR_REDIRECT] 
2026-02-02 17:37:46,084 [ERROR] LogOutputStream:75 - [STDERR_REDIRECT] [Fatal Error] :1:1: Premature end of file.
2026-02-02 17:37:46,084 [ERROR] LogOutputStream:75 - [STDERR_REDIRECT] 
2026-02-02 17:37:47,080 [ERROR] LogOutputStream:75 - [STDERR_REDIRECT] [Fatal Error] :1:1: Premature end of file.
2026-02-02 17:37:47,080 [ERROR] LogOutputStream:75 - [STDERR_REDIRECT] 
2026-02-02 17:37:48,088 [ERROR] LogOutputStream:75 - [STDERR_REDIRECT] [Fatal Error] :1:1: Premature end of file.
2026-02-02 17:37:48,088 [ERROR] LogOutputStream:75 - [STDERR_REDIRECT] 
2026-02-02 17:37:49,085 [ERROR] LogOutputStream:75 - [STDERR_REDIRECT] [Fatal Error] :1:1: Premature end of file.
2026-02-02 17:37:49,085 [ERROR] LogOutputStream:75 - [STDERR_REDIRECT] 
2026-02-02 17:37:50,080 [ERROR] LogOutputStream:75 - [STDERR_REDIRECT] [Fatal Error] :1:1: Premature end of file.
2026-02-02 17:37:50,080 [ERROR] LogOutputStream:75 - [STDERR_REDIRECT] 
2026-02-02 17:37:51,074 [ERROR] LogOutputStream:75 - [STDERR_REDIRECT] [Fatal Error] :1:1: Premature end of file.
2026-02-02 17:37:51,074 [ERROR] LogOutputStream:75 - [STDERR_REDIRECT] 
2026-02-02 17:37:52,080 [ERROR] LogOutputStream:75 - [STDERR_REDIRECT] [Fatal Error] :1:1: Premature end of file.
2026-02-02 17:37:52,080 [ERROR] LogOutputStream:75 - [STDERR_REDIRECT] 
2026-02-02 17:37:53,080 [ERROR] LogOutputStream:75 - [STDERR_REDIRECT] [Fatal Error] :1:1: Premature end of file.
2026-02-02 17:37:53,081 [ERROR] LogOutputStream:75 - [STDERR_REDIRECT] 
2026-02-02 17:37:54,079 [ERROR] LogOutputStream:75 - [STDERR_REDIRECT] [Fatal Error] :1:1: Premature end of file.
2026-02-02 17:37:54,079 [ERROR] LogOutputStream:75 - [STDERR_REDIRECT] 
2026-02-02 17:37:55,088 [ERROR] LogOutputStream:75 - [STDERR_REDIRECT] [Fatal Error] :1:1: Premature end of file.
2026-02-02 17:37:55,089 [ERROR] LogOutputStream:75 - [STDERR_REDIRECT] 
2026-02-02 17:37:56,063 [ERROR] LogOutputStream:75 - [STDERR_REDIRECT] [Fatal Error] :1:1: Premature end of file.
2026-02-02 17:37:56,064 [ERROR] LogOutputStream:75 - [STDERR_REDIRECT] 
2026-02-02 17:37:57,081 [ERROR] LogOutputStream:75 - [STDERR_REDIRECT] [Fatal Error] :1:1: Premature end of file.
2026-02-02 17:37:57,081 [ERROR] LogOutputStream:75 - [STDERR_REDIRECT] 
2026-02-02 17:37:58,072 [ERROR] LogOutputStream:75 - [STDERR_REDIRECT] [Fatal Error] :1:1: Premature end of file.
2026-02-02 17:37:58,073 [ERROR] LogOutputStream:75 - [STDERR_REDIRECT] 
2026-02-02 17:37:59,076 [ERROR] LogOutputStream:75 - [STDERR_REDIRECT] [Fatal Error] :1:1: Premature end of file.
2026-02-02 17:37:59,076 [ERROR] LogOutputStream:75 - [STDERR_REDIRECT] 
2026-02-02 17:38:00,071 [ERROR] LogOutputStream:75 - [STDERR_REDIRECT] [Fatal Error] :1:1: Premature end of file.
2026-02-02 17:38:00,071 [ERROR] LogOutputStream:75 - [STDERR_REDIRECT] 
2026-02-02 17:38:01,080 [ERROR] LogOutputStream:75 - [STDERR_REDIRECT] [Fatal Error] :1:1: Premature end of file.
2026-02-02 17:38:01,080 [ERROR] LogOutputStream:75 - [STDERR_REDIRECT] 
2026-02-02 17:38:02,090 [ERROR] LogOutputStream:75 - [STDERR_REDIRECT] [Fatal Error] :1:1: Premature end of file.
2026-02-02 17:38:02,090 [ERROR] LogOutputStream:75 - [STDERR_REDIRECT] 
2026-02-02 17:38:03,082 [ERROR] LogOutputStream:75 - [STDERR_REDIRECT] [Fatal Error] :1:1: Premature end of file.
2026-02-02 17:38:03,082 [ERROR] LogOutputStream:75 - [STDERR_REDIRECT] 
2026-02-02 17:38:04,077 [ERROR] LogOutputStream:75 - [STDERR_REDIRECT] [Fatal Error] :1:1: Premature end of file.
2026-02-02 17:38:04,077 [ERROR] LogOutputStream:75 - [STDERR_REDIRECT] 
2026-02-02 17:38:05,091 [ERROR] LogOutputStream:75 - [STDERR_REDIRECT] [Fatal Error] :1:1: Premature end of file.
2026-02-02 17:38:05,091 [ERROR] LogOutputStream:75 - [STDERR_REDIRECT] 
2026-02-02 17:38:06,087 [ERROR] LogOutputStream:75 - [STDERR_REDIRECT] [Fatal Error] :1:1: Premature end of file.
2026-02-02 17:38:06,088 [ERROR] LogOutputStream:75 - [STDERR_REDIRECT] 
2026-02-02 17:38:07,076 [ERROR] LogOutputStream:75 - [STDERR_REDIRECT] [Fatal Error] :1:1: Premature end of file.
2026-02-02 17:38:07,076 [ERROR] LogOutputStream:75 - [STDERR_REDIRECT] 
2026-02-02 17:38:08,081 [ERROR] LogOutputStream:75 - [STDERR_REDIRECT] [Fatal Error] :1:1: Premature end of file.
2026-02-02 17:38:08,081 [ERROR] LogOutputStream:75 - [STDERR_REDIRECT] 
2026-02-02 17:38:09,085 [ERROR] LogOutputStream:75 - [STDERR_REDIRECT] [Fatal Error] :1:1: Premature end of file.
2026-02-02 17:38:09,085 [ERROR] LogOutputStream:75 - [STDERR_REDIRECT] 
2026-02-02 17:38:10,097 [ERROR] LogOutputStream:75 - [STDERR_REDIRECT] [Fatal Error] :1:1: Premature end of file.
2026-02-02 17:38:10,097 [ERROR] LogOutputStream:75 - [STDERR_REDIRECT] 
2026-02-02 17:38:11,084 [ERROR] LogOutputStream:75 - [STDERR_REDIRECT] [Fatal Error] :1:1: Premature end of file.
2026-02-02 17:38:11,119 [ERROR] LogOutputStream:75 - [STDERR_REDIRECT] 
2026-02-02 17:38:12,076 [ERROR] LogOutputStream:75 - [STDERR_REDIRECT] [Fatal Error] :1:1: Premature end of file.
2026-02-02 17:38:12,076 [ERROR] LogOutputStream:75 - [STDERR_REDIRECT] 
2026-02-02 17:38:13,099 [ERROR] LogOutputStream:75 - [STDERR_REDIRECT] [Fatal Error] :1:1: Premature end of file.
2026-02-02 17:38:13,099 [ERROR] LogOutputStream:75 - [STDERR_REDIRECT] 
2026-02-02 17:38:14,098 [ERROR] LogOutputStream:75 - [STDERR_REDIRECT] [Fatal Error] :1:1: Premature end of file.
2026-02-02 17:38:14,098 [ERROR] LogOutputStream:75 - [STDERR_REDIRECT] 
2026-02-02 17:38:15,108 [ERROR] LogOutputStream:75 - [STDERR_REDIRECT] [Fatal Error] :1:1: Premature end of file.
2026-02-02 17:38:15,108 [ERROR] LogOutputStream:75 - [STDERR_REDIRECT] 
2026-02-02 17:38:16,077 [ERROR] LogOutputStream:75 - [STDERR_REDIRECT] [Fatal Error] :1:1: Premature end of file.
2026-02-02 17:38:16,077 [ERROR] LogOutputStream:75 - [STDERR_REDIRECT] 
2026-02-02 17:38:17,063 [ERROR] LogOutputStream:75 - [STDERR_REDIRECT] [Fatal Error] :1:1: Premature end of file.
2026-02-02 17:38:17,063 [ERROR] LogOutputStream:75 - [STDERR_REDIRECT] 
2026-02-02 17:38:18,074 [ERROR] LogOutputStream:75 - [STDERR_REDIRECT] [Fatal Error] :1:1: Premature end of file.
2026-02-02 17:38:18,074 [ERROR] LogOutputStream:75 - [STDERR_REDIRECT] 
2026-02-02 17:38:19,076 [ERROR] LogOutputStream:75 - [STDERR_REDIRECT] [Fatal Error] :1:1: Premature end of file.
2026-02-02 17:38:19,076 [ERROR] LogOutputStream:75 - [STDERR_REDIRECT] 
2026-02-02 17:38:20,082 [ERROR] LogOutputStream:75 - [STDERR_REDIRECT] [Fatal Error] :1:1: Premature end of file.
2026-02-02 17:38:20,082 [ERROR] LogOutputStream:75 - [STDERR_REDIRECT] 
2026-02-02 17:38:21,085 [ERROR] LogOutputStream:75 - [STDERR_REDIRECT] [Fatal Error] :1:1: Premature end of file.
2026-02-02 17:38:21,085 [ERROR] LogOutputStream:75 - [STDERR_REDIRECT] 
2026-02-02 17:38:22,070 [ERROR] LogOutputStream:75 - [STDERR_REDIRECT] [Fatal Error] :1:1: Premature end of file.
2026-02-02 17:38:22,070 [ERROR] LogOutputStream:75 - [STDERR_REDIRECT] 
2026-02-02 17:38:23,082 [ERROR] LogOutputStream:75 - [STDERR_REDIRECT] [Fatal Error] :1:1: Premature end of file.
2026-02-02 17:38:23,082 [ERROR] LogOutputStream:75 - [STDERR_REDIRECT] 
2026-02-02 17:38:24,084 [ERROR] LogOutputStream:75 - [STDERR_REDIRECT] [Fatal Error] :1:1: Premature end of file.
2026-02-02 17:38:24,084 [ERROR] LogOutputStream:75 - [STDERR_REDIRECT] 
2026-02-02 17:38:25,078 [ERROR] LogOutputStream:75 - [STDERR_REDIRECT] [Fatal Error] :1:1: Premature end of file.
2026-02-02 17:38:25,078 [ERROR] LogOutputStream:75 - [STDERR_REDIRECT] 
2026-02-02 17:38:26,092 [ERROR] LogOutputStream:75 - [STDERR_REDIRECT] [Fatal Error] :1:1: Premature end of file.
2026-02-02 17:38:26,099 [ERROR] LogOutputStream:75 - [STDERR_REDIRECT] 
2026-02-02 17:38:27,080 [ERROR] LogOutputStream:75 - [STDERR_REDIRECT] [Fatal Error] :1:1: Premature end of file.
2026-02-02 17:38:27,080 [ERROR] LogOutputStream:75 - [STDERR_REDIRECT] 
2026-02-02 17:38:28,091 [ERROR] LogOutputStream:75 - [STDERR_REDIRECT] [Fatal Error] :1:1: Premature end of file.
2026-02-02 17:38:28,091 [ERROR] LogOutputStream:75 - [STDERR_REDIRECT] 
2026-02-02 17:38:29,094 [ERROR] LogOutputStream:75 - [STDERR_REDIRECT] [Fatal Error] :1:1: Premature end of file.
2026-02-02 17:38:29,094 [ERROR] LogOutputStream:75 - [STDERR_REDIRECT] 
2026-02-02 17:38:30,091 [ERROR] LogOutputStream:75 - [STDERR_REDIRECT] [Fatal Error] :1:1: Premature end of file.
2026-02-02 17:38:30,091 [ERROR] LogOutputStream:75 - [STDERR_REDIRECT] 
2026-02-02 17:38:31,081 [ERROR] LogOutputStream:75 - [STDERR_REDIRECT] [Fatal Error] :1:1: Premature end of file.
2026-02-02 17:38:31,082 [ERROR] LogOutputStream:75 - [STDERR_REDIRECT] 
2026-02-02 17:38:32,088 [ERROR] LogOutputStream:75 - [STDERR_REDIRECT] [Fatal Error] :1:1: Premature end of file.
2026-02-02 17:38:32,088 [ERROR] LogOutputStream:75 - [STDERR_REDIRECT] 
2026-02-02 17:38:33,075 [ERROR] LogOutputStream:75 - [STDERR_REDIRECT] [Fatal Error] :1:1: Premature end of file.
2026-02-02 17:38:33,075 [ERROR] LogOutputStream:75 - [STDERR_REDIRECT] 
2026-02-02 17:38:34,086 [ERROR] LogOutputStream:75 - [STDERR_REDIRECT] [Fatal Error] :1:1: Premature end of file.
2026-02-02 17:38:34,087 [ERROR] LogOutputStream:75 - [STDERR_REDIRECT] 
2026-02-02 17:38:35,073 [ERROR] LogOutputStream:75 - [STDERR_REDIRECT] [Fatal Error] :1:1: Premature end of file.
2026-02-02 17:38:35,073 [ERROR] LogOutputStream:75 - [STDERR_REDIRECT] 
2026-02-02 17:38:36,077 [ERROR] LogOutputStream:75 - [STDERR_REDIRECT] [Fatal Error] :1:1: Premature end of file.
2026-02-02 17:38:36,077 [ERROR] LogOutputStream:75 - [STDERR_REDIRECT] 
2026-02-02 17:38:37,076 [ERROR] LogOutputStream:75 - [STDERR_REDIRECT] [Fatal Error] :1:1: Premature end of file.
2026-02-02 17:38:37,076 [ERROR] LogOutputStream:75 - [STDERR_REDIRECT] 
2026-02-02 17:38:38,085 [ERROR] LogOutputStream:75 - [STDERR_REDIRECT] [Fatal Error] :1:1: Premature end of file.
2026-02-02 17:38:38,087 [ERROR] LogOutputStream:75 - [STDERR_REDIRECT] 
2026-02-02 17:38:39,074 [ERROR] LogOutputStream:75 - [STDERR_REDIRECT] [Fatal Error] :1:1: Premature end of file.
2026-02-02 17:38:39,074 [ERROR] LogOutputStream:75 - [STDERR_REDIRECT] 
2026-02-02 17:38:40,074 [ERROR] LogOutputStream:75 - [STDERR_REDIRECT] [Fatal Error] :1:1: Premature end of file.
2026-02-02 17:38:40,074 [ERROR] LogOutputStream:75 - [STDERR_REDIRECT] 
2026-02-02 17:38:41,088 [ERROR] LogOutputStream:75 - [STDERR_REDIRECT] [Fatal Error] :1:1: Premature end of file.
2026-02-02 17:38:41,088 [ERROR] LogOutputStream:75 - [STDERR_REDIRECT] 
2026-02-02 17:38:42,082 [ERROR] LogOutputStream:75 - [STDERR_REDIRECT] [Fatal Error] :1:1: Premature end of file.
2026-02-02 17:38:42,082 [ERROR] LogOutputStream:75 - [STDERR_REDIRECT] 
2026-02-02 17:38:43,086 [ERROR] LogOutputStream:75 - [STDERR_REDIRECT] [Fatal Error] :1:1: Premature end of file.
2026-02-02 17:38:43,086 [ERROR] LogOutputStream:75 - [STDERR_REDIRECT] 
2026-02-02 17:38:44,074 [ERROR] LogOutputStream:75 - [STDERR_REDIRECT] [Fatal Error] :1:1: Premature end of file.
2026-02-02 17:38:44,074 [ERROR] LogOutputStream:75 - [STDERR_REDIRECT] 
2026-02-02 17:38:45,075 [ERROR] LogOutputStream:75 - [STDERR_REDIRECT] [Fatal Error] :1:1: Premature end of file.
2026-02-02 17:38:45,075 [ERROR] LogOutputStream:75 - [STDERR_REDIRECT] 
2026-02-02 17:38:46,077 [ERROR] LogOutputStream:75 - [STDERR_REDIRECT] [Fatal Error] :1:1: Premature end of file.
2026-02-02 17:38:46,077 [ERROR] LogOutputStream:75 - [STDERR_REDIRECT] 
2026-02-02 17:38:47,074 [ERROR] LogOutputStream:75 - [STDERR_REDIRECT] [Fatal Error] :1:1: Premature end of file.
2026-02-02 17:38:47,074 [ERROR] LogOutputStream:75 - [STDERR_REDIRECT] 
2026-02-02 17:38:48,078 [ERROR] LogOutputStream:75 - [STDERR_REDIRECT] [Fatal Error] :1:1: Premature end of file.
2026-02-02 17:38:48,078 [ERROR] LogOutputStream:75 - [STDERR_REDIRECT] 
2026-02-02 17:38:49,075 [ERROR] LogOutputStream:75 - [STDERR_REDIRECT] [Fatal Error] :1:1: Premature end of file.
2026-02-02 17:38:49,075 [ERROR] LogOutputStream:75 - [STDERR_REDIRECT] 
2026-02-02 17:38:50,090 [ERROR] LogOutputStream:75 - [STDERR_REDIRECT] [Fatal Error] :1:1: Premature end of file.
2026-02-02 17:38:50,090 [ERROR] LogOutputStream:75 - [STDERR_REDIRECT] 
2026-02-02 17:38:51,073 [ERROR] LogOutputStream:75 - [STDERR_REDIRECT] [Fatal Error] :1:1: Premature end of file.
2026-02-02 17:38:51,073 [ERROR] LogOutputStream:75 - [STDERR_REDIRECT] 
2026-02-02 17:38:52,090 [ERROR] LogOutputStream:75 - [STDERR_REDIRECT] [Fatal Error] :1:1: Premature end of file.
2026-02-02 17:38:52,090 [ERROR] LogOutputStream:75 - [STDERR_REDIRECT] 
2026-02-02 17:38:53,087 [ERROR] LogOutputStream:75 - [STDERR_REDIRECT] [Fatal Error] :1:1: Premature end of file.
2026-02-02 17:38:53,087 [ERROR] LogOutputStream:75 - [STDERR_REDIRECT] 
2026-02-02 17:38:54,080 [ERROR] LogOutputStream:75 - [STDERR_REDIRECT] [Fatal Error] :1:1: Premature end of file.
2026-02-02 17:38:54,080 [ERROR] LogOutputStream:75 - [STDERR_REDIRECT] 
2026-02-02 17:38:55,084 [ERROR] LogOutputStream:75 - [STDERR_REDIRECT] [Fatal Error] :1:1: Premature end of file.
2026-02-02 17:38:55,084 [ERROR] LogOutputStream:75 - [STDERR_REDIRECT] 
2026-02-02 17:38:56,088 [ERROR] LogOutputStream:75 - [STDERR_REDIRECT] [Fatal Error] :1:1: Premature end of file.
2026-02-02 17:38:56,088 [ERROR] LogOutputStream:75 - [STDERR_REDIRECT] 
2026-02-02 17:38:57,079 [ERROR] LogOutputStream:75 - [STDERR_REDIRECT] [Fatal Error] :1:1: Premature end of file.
2026-02-02 17:38:57,079 [ERROR] LogOutputStream:75 - [STDERR_REDIRECT] 
2026-02-02 17:38:58,082 [ERROR] LogOutputStream:75 - [STDERR_REDIRECT] [Fatal Error] :1:1: Premature end of file.
2026-02-02 17:38:58,083 [ERROR] LogOutputStream:75 - [STDERR_REDIRECT] 
2026-02-02 17:38:59,083 [ERROR] LogOutputStream:75 - [STDERR_REDIRECT] [Fatal Error] :1:1: Premature end of file.
2026-02-02 17:38:59,083 [ERROR] LogOutputStream:75 - [STDERR_REDIRECT] 
2026-02-02 17:39:00,080 [ERROR] LogOutputStream:75 - [STDERR_REDIRECT] [Fatal Error] :1:1: Premature end of file.
2026-02-02 17:39:00,080 [ERROR] LogOutputStream:75 - [STDERR_REDIRECT] 
2026-02-02 17:39:01,077 [ERROR] LogOutputStream:75 - [STDERR_REDIRECT] [Fatal Error] :1:1: Premature end of file.
2026-02-02 17:39:01,077 [ERROR] LogOutputStream:75 - [STDERR_REDIRECT] 
2026-02-02 17:39:02,090 [ERROR] LogOutputStream:75 - [STDERR_REDIRECT] [Fatal Error] :1:1: Premature end of file.
2026-02-02 17:39:02,090 [ERROR] LogOutputStream:75 - [STDERR_REDIRECT] 
2026-02-02 17:39:03,077 [ERROR] LogOutputStream:75 - [STDERR_REDIRECT] [Fatal Error] :1:1: Premature end of file.
2026-02-02 17:39:03,077 [ERROR] LogOutputStream:75 - [STDERR_REDIRECT] 
2026-02-02 17:39:04,088 [ERROR] LogOutputStream:75 - [STDERR_REDIRECT] [Fatal Error] :1:1: Premature end of file.
2026-02-02 17:39:04,088 [ERROR] LogOutputStream:75 - [STDERR_REDIRECT] 
2026-02-02 17:39:05,080 [ERROR] LogOutputStream:75 - [STDERR_REDIRECT] [Fatal Error] :1:1: Premature end of file.
2026-02-02 17:39:05,080 [ERROR] LogOutputStream:75 - [STDERR_REDIRECT] 
2026-02-02 17:39:06,089 [ERROR] LogOutputStream:75 - [STDERR_REDIRECT] [Fatal Error] :1:1: Premature end of file.
2026-02-02 17:39:06,090 [ERROR] LogOutputStream:75 - [STDERR_REDIRECT] 
2026-02-02 17:39:07,087 [ERROR] LogOutputStream:75 - [STDERR_REDIRECT] [Fatal Error] :1:1: Premature end of file.
2026-02-02 17:39:07,088 [ERROR] LogOutputStream:75 - [STDERR_REDIRECT] 
2026-02-02 17:39:08,077 [ERROR] LogOutputStream:75 - [STDERR_REDIRECT] [Fatal Error] :1:1: Premature end of file.
2026-02-02 17:39:08,078 [ERROR] LogOutputStream:75 - [STDERR_REDIRECT] 
2026-02-02 17:39:09,087 [ERROR] LogOutputStream:75 - [STDERR_REDIRECT] [Fatal Error] :1:1: Premature end of file.
2026-02-02 17:39:09,088 [ERROR] LogOutputStream:75 - [STDERR_REDIRECT] 
2026-02-02 17:39:10,090 [ERROR] LogOutputStream:75 - [STDERR_REDIRECT] [Fatal Error] :1:1: Premature end of file.
2026-02-02 17:39:10,090 [ERROR] LogOutputStream:75 - [STDERR_REDIRECT] 
2026-02-02 17:39:11,074 [ERROR] LogOutputStream:75 - [STDERR_REDIRECT] [Fatal Error] :1:1: Premature end of file.
2026-02-02 17:39:11,074 [ERROR] LogOutputStream:75 - [STDERR_REDIRECT] 
2026-02-02 17:39:12,083 [ERROR] LogOutputStream:75 - [STDERR_REDIRECT] [Fatal Error] :1:1: Premature end of file.
2026-02-02 17:39:12,083 [ERROR] LogOutputStream:75 - [STDERR_REDIRECT] 
2026-02-02 17:39:13,086 [ERROR] LogOutputStream:75 - [STDERR_REDIRECT] [Fatal Error] :1:1: Premature end of file.
2026-02-02 17:39:13,086 [ERROR] LogOutputStream:75 - [STDERR_REDIRECT] 
2026-02-02 17:39:14,090 [ERROR] LogOutputStream:75 - [STDERR_REDIRECT] [Fatal Error] :1:1: Premature end of file.
2026-02-02 17:39:14,090 [ERROR] LogOutputStream:75 - [STDERR_REDIRECT] 
2026-02-02 17:39:15,074 [ERROR] LogOutputStream:75 - [STDERR_REDIRECT] [Fatal Error] :1:1: Premature end of file.
2026-02-02 17:39:15,074 [ERROR] LogOutputStream:75 - [STDERR_REDIRECT] 
2026-02-02 17:39:16,074 [ERROR] LogOutputStream:75 - [STDERR_REDIRECT] [Fatal Error] :1:1: Premature end of file.
2026-02-02 17:39:16,074 [ERROR] LogOutputStream:75 - [STDERR_REDIRECT] 
2026-02-02 17:39:17,075 [ERROR] LogOutputStream:75 - [STDERR_REDIRECT] [Fatal Error] :1:1: Premature end of file.
2026-02-02 17:39:17,076 [ERROR] LogOutputStream:75 - [STDERR_REDIRECT] 
2026-02-02 17:39:18,077 [ERROR] LogOutputStream:75 - [STDERR_REDIRECT] [Fatal Error] :1:1: Premature end of file.
2026-02-02 17:39:18,077 [ERROR] LogOutputStream:75 - [STDERR_REDIRECT] 
2026-02-02 17:39:19,094 [ERROR] LogOutputStream:75 - [STDERR_REDIRECT] [Fatal Error] :1:1: Premature end of file.
2026-02-02 17:39:19,094 [ERROR] LogOutputStream:75 - [STDERR_REDIRECT] 
2026-02-02 17:39:20,075 [ERROR] LogOutputStream:75 - [STDERR_REDIRECT] [Fatal Error] :1:1: Premature end of file.
2026-02-02 17:39:20,075 [ERROR] LogOutputStream:75 - [STDERR_REDIRECT] 
2026-02-02 17:39:21,079 [ERROR] LogOutputStream:75 - [STDERR_REDIRECT] [Fatal Error] :1:1: Premature end of file.
2026-02-02 17:39:21,079 [ERROR] LogOutputStream:75 - [STDERR_REDIRECT] 
2026-02-02 17:39:22,075 [ERROR] LogOutputStream:75 - [STDERR_REDIRECT] [Fatal Error] :1:1: Premature end of file.
2026-02-02 17:39:22,075 [ERROR] LogOutputStream:75 - [STDERR_REDIRECT] 
2026-02-02 17:39:23,085 [ERROR] LogOutputStream:75 - [STDERR_REDIRECT] [Fatal Error] :1:1: Premature end of file.
2026-02-02 17:39:23,086 [ERROR] LogOutputStream:75 - [STDERR_REDIRECT] 
2026-02-02 17:39:24,074 [ERROR] LogOutputStream:75 - [STDERR_REDIRECT] [Fatal Error] :1:1: Premature end of file.
2026-02-02 17:39:24,074 [ERROR] LogOutputStream:75 - [STDERR_REDIRECT] 
2026-02-02 17:39:25,087 [ERROR] LogOutputStream:75 - [STDERR_REDIRECT] [Fatal Error] :1:1: Premature end of file.
2026-02-02 17:39:25,087 [ERROR] LogOutputStream:75 - [STDERR_REDIRECT] 
2026-02-02 17:39:26,088 [ERROR] LogOutputStream:75 - [STDERR_REDIRECT] [Fatal Error] :1:1: Premature end of file.
2026-02-02 17:39:26,088 [ERROR] LogOutputStream:75 - [STDERR_REDIRECT] 
2026-02-02 17:39:27,078 [ERROR] LogOutputStream:75 - [STDERR_REDIRECT] [Fatal Error] :1:1: Premature end of file.
2026-02-02 17:39:27,078 [ERROR] LogOutputStream:75 - [STDERR_REDIRECT] 
2026-02-02 17:39:28,074 [ERROR] LogOutputStream:75 - [STDERR_REDIRECT] [Fatal Error] :1:1: Premature end of file.
2026-02-02 17:39:28,075 [ERROR] LogOutputStream:75 - [STDERR_REDIRECT] 
2026-02-02 17:39:29,088 [ERROR] LogOutputStream:75 - [STDERR_REDIRECT] [Fatal Error] :1:1: Premature end of file.
2026-02-02 17:39:29,088 [ERROR] LogOutputStream:75 - [STDERR_REDIRECT] 
2026-02-02 17:39:30,078 [ERROR] LogOutputStream:75 - [STDERR_REDIRECT] [Fatal Error] :1:1: Premature end of file.
2026-02-02 17:39:30,078 [ERROR] LogOutputStream:75 - [STDERR_REDIRECT] 
2026-02-02 17:39:31,084 [ERROR] LogOutputStream:75 - [STDERR_REDIRECT] [Fatal Error] :1:1: Premature end of file.
2026-02-02 17:39:31,084 [ERROR] LogOutputStream:75 - [STDERR_REDIRECT] 
2026-02-02 17:39:32,072 [ERROR] LogOutputStream:75 - [STDERR_REDIRECT] [Fatal Error] :1:1: Premature end of file.
2026-02-02 17:39:32,072 [ERROR] LogOutputStream:75 - [STDERR_REDIRECT] 
2026-02-02 17:39:33,086 [ERROR] LogOutputStream:75 - [STDERR_REDIRECT] [Fatal Error] :1:1: Premature end of file.
2026-02-02 17:39:33,086 [ERROR] LogOutputStream:75 - [STDERR_REDIRECT] 
2026-02-02 17:39:34,079 [ERROR] LogOutputStream:75 - [STDERR_REDIRECT] [Fatal Error] :1:1: Premature end of file.
2026-02-02 17:39:34,079 [ERROR] LogOutputStream:75 - [STDERR_REDIRECT] 
2026-02-02 17:39:35,073 [ERROR] LogOutputStream:75 - [STDERR_REDIRECT] [Fatal Error] :1:1: Premature end of file.
2026-02-02 17:39:35,073 [ERROR] LogOutputStream:75 - [STDERR_REDIRECT] 
2026-02-02 17:39:36,087 [ERROR] LogOutputStream:75 - [STDERR_REDIRECT] [Fatal Error] :1:1: Premature end of file.
2026-02-02 17:39:36,087 [ERROR] LogOutputStream:75 - [STDERR_REDIRECT] 
2026-02-02 17:39:37,095 [ERROR] LogOutputStream:75 - [STDERR_REDIRECT] [Fatal Error] :1:1: Premature end of file.
2026-02-02 17:39:37,096 [ERROR] LogOutputStream:75 - [STDERR_REDIRECT] 
2026-02-02 17:39:38,076 [ERROR] LogOutputStream:75 - [STDERR_REDIRECT] [Fatal Error] :1:1: Premature end of file.
2026-02-02 17:39:38,076 [ERROR] LogOutputStream:75 - [STDERR_REDIRECT] 
2026-02-02 17:39:39,075 [ERROR] LogOutputStream:75 - [STDERR_REDIRECT] [Fatal Error] :1:1: Premature end of file.
2026-02-02 17:39:39,075 [ERROR] LogOutputStream:75 - [STDERR_REDIRECT] 
2026-02-02 17:39:40,090 [ERROR] LogOutputStream:75 - [STDERR_REDIRECT] [Fatal Error] :1:1: Premature end of file.
2026-02-02 17:39:40,090 [ERROR] LogOutputStream:75 - [STDERR_REDIRECT] 
2026-02-02 17:39:41,082 [ERROR] LogOutputStream:75 - [STDERR_REDIRECT] [Fatal Error] :1:1: Premature end of file.
2026-02-02 17:39:41,083 [ERROR] LogOutputStream:75 - [STDERR_REDIRECT] 
2026-02-02 17:39:42,074 [ERROR] LogOutputStream:75 - [STDERR_REDIRECT] [Fatal Error] :1:1: Premature end of file.
2026-02-02 17:39:42,074 [ERROR] LogOutputStream:75 - [STDERR_REDIRECT] 
2026-02-02 17:39:43,086 [ERROR] LogOutputStream:75 - [STDERR_REDIRECT] [Fatal Error] :1:1: Premature end of file.
2026-02-02 17:39:43,086 [ERROR] LogOutputStream:75 - [STDERR_REDIRECT] 
2026-02-02 17:39:44,074 [ERROR] LogOutputStream:75 - [STDERR_REDIRECT] [Fatal Error] :1:1: Premature end of file.
2026-02-02 17:39:44,074 [ERROR] LogOutputStream:75 - [STDERR_REDIRECT] 
2026-02-02 17:39:45,080 [ERROR] LogOutputStream:75 - [STDERR_REDIRECT] [Fatal Error] :1:1: Premature end of file.
2026-02-02 17:39:45,080 [ERROR] LogOutputStream:75 - [STDERR_REDIRECT] 
2026-02-02 17:39:46,073 [ERROR] LogOutputStream:75 - [STDERR_REDIRECT] [Fatal Error] :1:1: Premature end of file.
2026-02-02 17:39:46,073 [ERROR] LogOutputStream:75 - [STDERR_REDIRECT] 
2026-02-02 17:39:47,074 [ERROR] LogOutputStream:75 - [STDERR_REDIRECT] [Fatal Error] :1:1: Premature end of file.
2026-02-02 17:39:47,074 [ERROR] LogOutputStream:75 - [STDERR_REDIRECT] 
2026-02-02 17:39:48,071 [ERROR] LogOutputStream:75 - [STDERR_REDIRECT] [Fatal Error] :1:1: Premature end of file.
2026-02-02 17:39:48,071 [ERROR] LogOutputStream:75 - [STDERR_REDIRECT] 
2026-02-02 17:39:49,087 [ERROR] LogOutputStream:75 - [STDERR_REDIRECT] [Fatal Error] :1:1: Premature end of file.
2026-02-02 17:39:49,088 [ERROR] LogOutputStream:75 - [STDERR_REDIRECT] 
2026-02-02 17:39:50,079 [ERROR] LogOutputStream:75 - [STDERR_REDIRECT] [Fatal Error] :1:1: Premature end of file.
2026-02-02 17:39:50,079 [ERROR] LogOutputStream:75 - [STDERR_REDIRECT] 
2026-02-02 17:39:51,083 [ERROR] LogOutputStream:75 - [STDERR_REDIRECT] [Fatal Error] :1:1: Premature end of file.
2026-02-02 17:39:51,083 [ERROR] LogOutputStream:75 - [STDERR_REDIRECT] 
2026-02-02 17:39:52,080 [ERROR] LogOutputStream:75 - [STDERR_REDIRECT] [Fatal Error] :1:1: Premature end of file.
2026-02-02 17:39:52,080 [ERROR] LogOutputStream:75 - [STDERR_REDIRECT] 
2026-02-02 17:39:53,078 [ERROR] LogOutputStream:75 - [STDERR_REDIRECT] [Fatal Error] :1:1: Premature end of file.
2026-02-02 17:39:53,078 [ERROR] LogOutputStream:75 - [STDERR_REDIRECT] 
2026-02-02 17:39:54,082 [ERROR] LogOutputStream:75 - [STDERR_REDIRECT] [Fatal Error] :1:1: Premature end of file.
2026-02-02 17:39:54,084 [ERROR] LogOutputStream:75 - [STDERR_REDIRECT] 
2026-02-02 17:39:55,086 [ERROR] LogOutputStream:75 - [STDERR_REDIRECT] [Fatal Error] :1:1: Premature end of file.
2026-02-02 17:39:55,086 [ERROR] LogOutputStream:75 - [STDERR_REDIRECT] 
2026-02-02 17:39:56,078 [ERROR] LogOutputStream:75 - [STDERR_REDIRECT] [Fatal Error] :1:1: Premature end of file.
2026-02-02 17:39:56,079 [ERROR] LogOutputStream:75 - [STDERR_REDIRECT] 
2026-02-02 17:39:57,081 [ERROR] LogOutputStream:75 - [STDERR_REDIRECT] [Fatal Error] :1:1: Premature end of file.
2026-02-02 17:39:57,081 [ERROR] LogOutputStream:75 - [STDERR_REDIRECT] 
2026-02-02 17:39:58,069 [ERROR] LogOutputStream:75 - [STDERR_REDIRECT] [Fatal Error] :1:1: Premature end of file.
2026-02-02 17:39:58,070 [ERROR] LogOutputStream:75 - [STDERR_REDIRECT] 
2026-02-02 17:39:59,082 [ERROR] LogOutputStream:75 - [STDERR_REDIRECT] [Fatal Error] :1:1: Premature end of file.
2026-02-02 17:39:59,082 [ERROR] LogOutputStream:75 - [STDERR_REDIRECT] 
2026-02-02 17:40:00,088 [ERROR] LogOutputStream:75 - [STDERR_REDIRECT] [Fatal Error] :1:1: Premature end of file.
2026-02-02 17:40:00,089 [ERROR] LogOutputStream:75 - [STDERR_REDIRECT] 
2026-02-02 17:40:01,083 [ERROR] LogOutputStream:75 - [STDERR_REDIRECT] [Fatal Error] :1:1: Premature end of file.
2026-02-02 17:40:01,083 [ERROR] LogOutputStream:75 - [STDERR_REDIRECT] 
2026-02-02 17:40:02,080 [ERROR] LogOutputStream:75 - [STDERR_REDIRECT] [Fatal Error] :1:1: Premature end of file.
2026-02-02 17:40:02,080 [ERROR] LogOutputStream:75 - [STDERR_REDIRECT] 
2026-02-02 17:40:03,074 [ERROR] LogOutputStream:75 - [STDERR_REDIRECT] [Fatal Error] :1:1: Premature end of file.
2026-02-02 17:40:03,074 [ERROR] LogOutputStream:75 - [STDERR_REDIRECT] 
2026-02-02 17:40:04,075 [ERROR] LogOutputStream:75 - [STDERR_REDIRECT] [Fatal Error] :1:1: Premature end of file.
2026-02-02 17:40:04,075 [ERROR] LogOutputStream:75 - [STDERR_REDIRECT] 
2026-02-02 17:40:05,091 [ERROR] LogOutputStream:75 - [STDERR_REDIRECT] [Fatal Error] :1:1: Premature end of file.
2026-02-02 17:40:05,091 [ERROR] LogOutputStream:75 - [STDERR_REDIRECT] 
2026-02-02 17:40:06,091 [ERROR] LogOutputStream:75 - [STDERR_REDIRECT] [Fatal Error] :1:1: Premature end of file.
2026-02-02 17:40:06,091 [ERROR] LogOutputStream:75 - [STDERR_REDIRECT] 
2026-02-02 17:40:07,091 [ERROR] LogOutputStream:75 - [STDERR_REDIRECT] [Fatal Error] :1:1: Premature end of file.
2026-02-02 17:40:07,091 [ERROR] LogOutputStream:75 - [STDERR_REDIRECT] 
2026-02-02 17:40:08,076 [ERROR] LogOutputStream:75 - [STDERR_REDIRECT] [Fatal Error] :1:1: Premature end of file.
2026-02-02 17:40:08,076 [ERROR] LogOutputStream:75 - [STDERR_REDIRECT] 
2026-02-02 17:40:09,076 [ERROR] LogOutputStream:75 - [STDERR_REDIRECT] [Fatal Error] :1:1: Premature end of file.
2026-02-02 17:40:09,077 [ERROR] LogOutputStream:75 - [STDERR_REDIRECT] 
2026-02-02 17:40:10,077 [ERROR] LogOutputStream:75 - [STDERR_REDIRECT] [Fatal Error] :1:1: Premature end of file.
2026-02-02 17:40:10,078 [ERROR] LogOutputStream:75 - [STDERR_REDIRECT] 
2026-02-02 17:40:11,088 [ERROR] LogOutputStream:75 - [STDERR_REDIRECT] [Fatal Error] :1:1: Premature end of file.
2026-02-02 17:40:11,088 [ERROR] LogOutputStream:75 - [STDERR_REDIRECT] 
2026-02-02 17:40:12,082 [ERROR] LogOutputStream:75 - [STDERR_REDIRECT] [Fatal Error] :1:1: Premature end of file.
2026-02-02 17:40:12,082 [ERROR] LogOutputStream:75 - [STDERR_REDIRECT] 
2026-02-02 17:40:13,077 [ERROR] LogOutputStream:75 - [STDERR_REDIRECT] [Fatal Error] :1:1: Premature end of file.
2026-02-02 17:40:13,077 [ERROR] LogOutputStream:75 - [STDERR_REDIRECT] 
2026-02-02 17:40:14,082 [ERROR] LogOutputStream:75 - [STDERR_REDIRECT] [Fatal Error] :1:1: Premature end of file.
2026-02-02 17:40:14,082 [ERROR] LogOutputStream:75 - [STDERR_REDIRECT] 
2026-02-02 17:40:15,074 [ERROR] LogOutputStream:75 - [STDERR_REDIRECT] [Fatal Error] :1:1: Premature end of file.
2026-02-02 17:40:15,074 [ERROR] LogOutputStream:75 - [STDERR_REDIRECT] 
2026-02-02 17:40:16,087 [ERROR] LogOutputStream:75 - [STDERR_REDIRECT] [Fatal Error] :1:1: Premature end of file.
2026-02-02 17:40:16,087 [ERROR] LogOutputStream:75 - [STDERR_REDIRECT] 
2026-02-02 17:40:17,089 [ERROR] LogOutputStream:75 - [STDERR_REDIRECT] [Fatal Error] :1:1: Premature end of file.
2026-02-02 17:40:17,089 [ERROR] LogOutputStream:75 - [STDERR_REDIRECT] 
2026-02-02 17:40:18,076 [ERROR] LogOutputStream:75 - [STDERR_REDIRECT] [Fatal Error] :1:1: Premature end of file.
2026-02-02 17:40:18,076 [ERROR] LogOutputStream:75 - [STDERR_REDIRECT] 
2026-02-02 17:40:19,088 [ERROR] LogOutputStream:75 - [STDERR_REDIRECT] [Fatal Error] :1:1: Premature end of file.
2026-02-02 17:40:19,088 [ERROR] LogOutputStream:75 - [STDERR_REDIRECT] 
2026-02-02 17:40:20,076 [ERROR] LogOutputStream:75 - [STDERR_REDIRECT] [Fatal Error] :1:1: Premature end of file.
2026-02-02 17:40:20,076 [ERROR] LogOutputStream:75 - [STDERR_REDIRECT] 
2026-02-02 17:40:21,078 [ERROR] LogOutputStream:75 - [STDERR_REDIRECT] [Fatal Error] :1:1: Premature end of file.
2026-02-02 17:40:21,078 [ERROR] LogOutputStream:75 - [STDERR_REDIRECT] 
2026-02-02 17:40:22,085 [ERROR] LogOutputStream:75 - [STDERR_REDIRECT] [Fatal Error] :1:1: Premature end of file.
2026-02-02 17:40:22,085 [ERROR] LogOutputStream:75 - [STDERR_REDIRECT] 
2026-02-02 17:40:23,075 [ERROR] LogOutputStream:75 - [STDERR_REDIRECT] [Fatal Error] :1:1: Premature end of file.
2026-02-02 17:40:23,075 [ERROR] LogOutputStream:75 - [STDERR_REDIRECT] 
2026-02-02 17:40:24,079 [ERROR] LogOutputStream:75 - [STDERR_REDIRECT] [Fatal Error] :1:1: Premature end of file.
2026-02-02 17:40:24,079 [ERROR] LogOutputStream:75 - [STDERR_REDIRECT] 
2026-02-02 17:40:25,088 [ERROR] LogOutputStream:75 - [STDERR_REDIRECT] [Fatal Error] :1:1: Premature end of file.
2026-02-02 17:40:25,088 [ERROR] LogOutputStream:75 - [STDERR_REDIRECT] 
2026-02-02 17:40:26,075 [ERROR] LogOutputStream:75 - [STDERR_REDIRECT] [Fatal Error] :1:1: Premature end of file.
2026-02-02 17:40:26,075 [ERROR] LogOutputStream:75 - [STDERR_REDIRECT] 
2026-02-02 17:40:27,074 [ERROR] LogOutputStream:75 - [STDERR_REDIRECT] [Fatal Error] :1:1: Premature end of file.
2026-02-02 17:40:27,074 [ERROR] LogOutputStream:75 - [STDERR_REDIRECT] 
2026-02-02 17:40:28,095 [ERROR] LogOutputStream:75 - [STDERR_REDIRECT] [Fatal Error] :1:1: Premature end of file.
2026-02-02 17:40:28,095 [ERROR] LogOutputStream:75 - [STDERR_REDIRECT] 
2026-02-02 17:40:29,073 [ERROR] LogOutputStream:75 - [STDERR_REDIRECT] [Fatal Error] :1:1: Premature end of file.
2026-02-02 17:40:29,073 [ERROR] LogOutputStream:75 - [STDERR_REDIRECT] 
2026-02-02 17:40:30,075 [ERROR] LogOutputStream:75 - [STDERR_REDIRECT] [Fatal Error] :1:1: Premature end of file.
2026-02-02 17:40:30,075 [ERROR] LogOutputStream:75 - [STDERR_REDIRECT] 
2026-02-02 17:40:31,084 [ERROR] LogOutputStream:75 - [STDERR_REDIRECT] [Fatal Error] :1:1: Premature end of file.
2026-02-02 17:40:31,084 [ERROR] LogOutputStream:75 - [STDERR_REDIRECT] 
2026-02-02 17:40:32,071 [ERROR] LogOutputStream:75 - [STDERR_REDIRECT] [Fatal Error] :1:1: Premature end of file.
2026-02-02 17:40:32,071 [ERROR] LogOutputStream:75 - [STDERR_REDIRECT] 
2026-02-02 17:40:33,086 [ERROR] LogOutputStream:75 - [STDERR_REDIRECT] [Fatal Error] :1:1: Premature end of file.
2026-02-02 17:40:33,086 [ERROR] LogOutputStream:75 - [STDERR_REDIRECT] 
2026-02-02 17:40:34,085 [ERROR] LogOutputStream:75 - [STDERR_REDIRECT] [Fatal Error] :1:1: Premature end of file.
2026-02-02 17:40:34,085 [ERROR] LogOutputStream:75 - [STDERR_REDIRECT] 
2026-02-02 17:40:35,072 [ERROR] LogOutputStream:75 - [STDERR_REDIRECT] [Fatal Error] :1:1: Premature end of file.
2026-02-02 17:40:35,072 [ERROR] LogOutputStream:75 - [STDERR_REDIRECT] 
2026-02-02 17:40:36,072 [ERROR] LogOutputStream:75 - [STDERR_REDIRECT] [Fatal Error] :1:1: Premature end of file.
2026-02-02 17:40:36,072 [ERROR] LogOutputStream:75 - [STDERR_REDIRECT] 
2026-02-02 17:40:37,075 [ERROR] LogOutputStream:75 - [STDERR_REDIRECT] [Fatal Error] :1:1: Premature end of file.
2026-02-02 17:40:37,075 [ERROR] LogOutputStream:75 - [STDERR_REDIRECT] 
2026-02-02 17:40:38,074 [ERROR] LogOutputStream:75 - [STDERR_REDIRECT] [Fatal Error] :1:1: Premature end of file.
2026-02-02 17:40:38,074 [ERROR] LogOutputStream:75 - [STDERR_REDIRECT] 
2026-02-02 17:40:39,077 [ERROR] LogOutputStream:75 - [STDERR_REDIRECT] [Fatal Error] :1:1: Premature end of file.
2026-02-02 17:40:39,077 [ERROR] LogOutputStream:75 - [STDERR_REDIRECT] 
2026-02-02 17:40:40,087 [ERROR] LogOutputStream:75 - [STDERR_REDIRECT] [Fatal Error] :1:1: Premature end of file.
2026-02-02 17:40:40,087 [ERROR] LogOutputStream:75 - [STDERR_REDIRECT] 
2026-02-02 17:40:41,072 [ERROR] LogOutputStream:75 - [STDERR_REDIRECT] [Fatal Error] :1:1: Premature end of file.
2026-02-02 17:40:41,072 [ERROR] LogOutputStream:75 - [STDERR_REDIRECT] 
2026-02-02 17:40:42,077 [ERROR] LogOutputStream:75 - [STDERR_REDIRECT] [Fatal Error] :1:1: Premature end of file.
2026-02-02 17:40:42,078 [ERROR] LogOutputStream:75 - [STDERR_REDIRECT] 
2026-02-02 17:40:43,090 [ERROR] LogOutputStream:75 - [STDERR_REDIRECT] [Fatal Error] :1:1: Premature end of file.
2026-02-02 17:40:43,090 [ERROR] LogOutputStream:75 - [STDERR_REDIRECT] 
2026-02-02 17:40:44,092 [ERROR] LogOutputStream:75 - [STDERR_REDIRECT] [Fatal Error] :1:1: Premature end of file.
2026-02-02 17:40:44,092 [ERROR] LogOutputStream:75 - [STDERR_REDIRECT] 
2026-02-02 17:40:45,077 [ERROR] LogOutputStream:75 - [STDERR_REDIRECT] [Fatal Error] :1:1: Premature end of file.
2026-02-02 17:40:45,077 [ERROR] LogOutputStream:75 - [STDERR_REDIRECT] 
2026-02-02 17:40:46,089 [ERROR] LogOutputStream:75 - [STDERR_REDIRECT] [Fatal Error] :1:1: Premature end of file.
2026-02-02 17:40:46,090 [ERROR] LogOutputStream:75 - [STDERR_REDIRECT] 
2026-02-02 17:40:47,073 [ERROR] LogOutputStream:75 - [STDERR_REDIRECT] [Fatal Error] :1:1: Premature end of file.
2026-02-02 17:40:47,073 [ERROR] LogOutputStream:75 - [STDERR_REDIRECT] 
2026-02-02 17:40:48,092 [ERROR] LogOutputStream:75 - [STDERR_REDIRECT] [Fatal Error] :1:1: Premature end of file.
2026-02-02 17:40:48,092 [ERROR] LogOutputStream:75 - [STDERR_REDIRECT] 
2026-02-02 17:40:49,086 [ERROR] LogOutputStream:75 - [STDERR_REDIRECT] [Fatal Error] :1:1: Premature end of file.
2026-02-02 17:40:49,087 [ERROR] LogOutputStream:75 - [STDERR_REDIRECT] 
2026-02-02 17:40:50,080 [ERROR] LogOutputStream:75 - [STDERR_REDIRECT] [Fatal Error] :1:1: Premature end of file.
2026-02-02 17:40:50,081 [ERROR] LogOutputStream:75 - [STDERR_REDIRECT] 
2026-02-02 17:40:51,093 [ERROR] LogOutputStream:75 - [STDERR_REDIRECT] [Fatal Error] :1:1: Premature end of file.
2026-02-02 17:40:51,093 [ERROR] LogOutputStream:75 - [STDERR_REDIRECT] 
2026-02-02 17:40:52,074 [ERROR] LogOutputStream:75 - [STDERR_REDIRECT] [Fatal Error] :1:1: Premature end of file.
2026-02-02 17:40:52,074 [ERROR] LogOutputStream:75 - [STDERR_REDIRECT] 
2026-02-02 17:40:53,075 [ERROR] LogOutputStream:75 - [STDERR_REDIRECT] [Fatal Error] :1:1: Premature end of file.
2026-02-02 17:40:53,075 [ERROR] LogOutputStream:75 - [STDERR_REDIRECT] 
2026-02-02 17:40:54,074 [ERROR] LogOutputStream:75 - [STDERR_REDIRECT] [Fatal Error] :1:1: Premature end of file.
2026-02-02 17:40:54,074 [ERROR] LogOutputStream:75 - [STDERR_REDIRECT] 
2026-02-02 17:40:55,083 [ERROR] LogOutputStream:75 - [STDERR_REDIRECT] [Fatal Error] :1:1: Premature end of file.
2026-02-02 17:40:55,083 [ERROR] LogOutputStream:75 - [STDERR_REDIRECT] 
2026-02-02 17:40:56,081 [ERROR] LogOutputStream:75 - [STDERR_REDIRECT] [Fatal Error] :1:1: Premature end of file.
2026-02-02 17:40:56,081 [ERROR] LogOutputStream:75 - [STDERR_REDIRECT] 
2026-02-02 17:40:57,079 [ERROR] LogOutputStream:75 - [STDERR_REDIRECT] [Fatal Error] :1:1: Premature end of file.
2026-02-02 17:40:57,079 [ERROR] LogOutputStream:75 - [STDERR_REDIRECT] 
2026-02-02 17:40:58,091 [ERROR] LogOutputStream:75 - [STDERR_REDIRECT] [Fatal Error] :1:1: Premature end of file.
2026-02-02 17:40:58,091 [ERROR] LogOutputStream:75 - [STDERR_REDIRECT] 
2026-02-02 17:40:59,074 [ERROR] LogOutputStream:75 - [STDERR_REDIRECT] [Fatal Error] :1:1: Premature end of file.
2026-02-02 17:40:59,074 [ERROR] LogOutputStream:75 - [STDERR_REDIRECT] 
2026-02-02 17:41:00,090 [ERROR] LogOutputStream:75 - [STDERR_REDIRECT] [Fatal Error] :1:1: Premature end of file.
2026-02-02 17:41:00,090 [ERROR] LogOutputStream:75 - [STDERR_REDIRECT] 
2026-02-02 17:41:01,082 [ERROR] LogOutputStream:75 - [STDERR_REDIRECT] [Fatal Error] :1:1: Premature end of file.
2026-02-02 17:41:01,082 [ERROR] LogOutputStream:75 - [STDERR_REDIRECT] 
2026-02-02 17:41:02,074 [ERROR] LogOutputStream:75 - [STDERR_REDIRECT] [Fatal Error] :1:1: Premature end of file.
2026-02-02 17:41:02,074 [ERROR] LogOutputStream:75 - [STDERR_REDIRECT] 
2026-02-02 17:41:03,076 [ERROR] LogOutputStream:75 - [STDERR_REDIRECT] [Fatal Error] :1:1: Premature end of file.
2026-02-02 17:41:03,076 [ERROR] LogOutputStream:75 - [STDERR_REDIRECT] 
2026-02-02 17:41:04,075 [ERROR] LogOutputStream:75 - [STDERR_REDIRECT] [Fatal Error] :1:1: Premature end of file.
2026-02-02 17:41:04,075 [ERROR] LogOutputStream:75 - [STDERR_REDIRECT] 
2026-02-02 17:41:05,087 [ERROR] LogOutputStream:75 - [STDERR_REDIRECT] [Fatal Error] :1:1: Premature end of file.
2026-02-02 17:41:05,087 [ERROR] LogOutputStream:75 - [STDERR_REDIRECT] 
2026-02-02 17:41:06,073 [ERROR] LogOutputStream:75 - [STDERR_REDIRECT] [Fatal Error] :1:1: Premature end of file.
2026-02-02 17:41:06,074 [ERROR] LogOutputStream:75 - [STDERR_REDIRECT] 
2026-02-02 17:41:07,087 [ERROR] LogOutputStream:75 - [STDERR_REDIRECT] [Fatal Error] :1:1: Premature end of file.
2026-02-02 17:41:07,087 [ERROR] LogOutputStream:75 - [STDERR_REDIRECT] 
2026-02-02 17:41:08,073 [ERROR] LogOutputStream:75 - [STDERR_REDIRECT] [Fatal Error] :1:1: Premature end of file.
2026-02-02 17:41:08,073 [ERROR] LogOutputStream:75 - [STDERR_REDIRECT] 
2026-02-02 17:41:09,095 [ERROR] LogOutputStream:75 - [STDERR_REDIRECT] [Fatal Error] :1:1: Premature end of file.
2026-02-02 17:41:09,095 [ERROR] LogOutputStream:75 - [STDERR_REDIRECT] 
2026-02-02 17:41:10,087 [ERROR] LogOutputStream:75 - [STDERR_REDIRECT] [Fatal Error] :1:1: Premature end of file.
2026-02-02 17:41:10,088 [ERROR] LogOutputStream:75 - [STDERR_REDIRECT] 
2026-02-02 17:41:11,073 [ERROR] LogOutputStream:75 - [STDERR_REDIRECT] [Fatal Error] :1:1: Premature end of file.
2026-02-02 17:41:11,073 [ERROR] LogOutputStream:75 - [STDERR_REDIRECT] 
2026-02-02 17:41:12,076 [ERROR] LogOutputStream:75 - [STDERR_REDIRECT] [Fatal Error] :1:1: Premature end of file.
2026-02-02 17:41:12,076 [ERROR] LogOutputStream:75 - [STDERR_REDIRECT] 
2026-02-02 17:41:13,087 [ERROR] LogOutputStream:75 - [STDERR_REDIRECT] [Fatal Error] :1:1: Premature end of file.
2026-02-02 17:41:13,087 [ERROR] LogOutputStream:75 - [STDERR_REDIRECT] 
2026-02-02 17:41:14,077 [ERROR] LogOutputStream:75 - [STDERR_REDIRECT] [Fatal Error] :1:1: Premature end of file.
2026-02-02 17:41:14,077 [ERROR] LogOutputStream:75 - [STDERR_REDIRECT] 
2026-02-02 17:41:15,089 [ERROR] LogOutputStream:75 - [STDERR_REDIRECT] [Fatal Error] :1:1: Premature end of file.
2026-02-02 17:41:15,089 [ERROR] LogOutputStream:75 - [STDERR_REDIRECT] 
2026-02-02 17:41:16,087 [ERROR] LogOutputStream:75 - [STDERR_REDIRECT] [Fatal Error] :1:1: Premature end of file.
2026-02-02 17:41:16,088 [ERROR] LogOutputStream:75 - [STDERR_REDIRECT] 
2026-02-02 17:41:17,073 [ERROR] LogOutputStream:75 - [STDERR_REDIRECT] [Fatal Error] :1:1: Premature end of file.
2026-02-02 17:41:17,073 [ERROR] LogOutputStream:75 - [STDERR_REDIRECT] 
2026-02-02 17:41:18,075 [ERROR] LogOutputStream:75 - [STDERR_REDIRECT] [Fatal Error] :1:1: Premature end of file.
2026-02-02 17:41:18,075 [ERROR] LogOutputStream:75 - [STDERR_REDIRECT] 
2026-02-02 17:41:19,074 [ERROR] LogOutputStream:75 - [STDERR_REDIRECT] [Fatal Error] :1:1: Premature end of file.
2026-02-02 17:41:19,075 [ERROR] LogOutputStream:75 - [STDERR_REDIRECT] 
2026-02-02 17:41:20,078 [ERROR] LogOutputStream:75 - [STDERR_REDIRECT] [Fatal Error] :1:1: Premature end of file.
2026-02-02 17:41:20,078 [ERROR] LogOutputStream:75 - [STDERR_REDIRECT] 
2026-02-02 17:41:21,079 [ERROR] LogOutputStream:75 - [STDERR_REDIRECT] [Fatal Error] :1:1: Premature end of file.
2026-02-02 17:41:21,080 [ERROR] LogOutputStream:75 - [STDERR_REDIRECT] 
2026-02-02 17:41:22,083 [ERROR] LogOutputStream:75 - [STDERR_REDIRECT] [Fatal Error] :1:1: Premature end of file.
2026-02-02 17:41:22,083 [ERROR] LogOutputStream:75 - [STDERR_REDIRECT] 
2026-02-02 17:41:23,075 [ERROR] LogOutputStream:75 - [STDERR_REDIRECT] [Fatal Error] :1:1: Premature end of file.
2026-02-02 17:41:23,075 [ERROR] LogOutputStream:75 - [STDERR_REDIRECT] 
2026-02-02 17:41:24,083 [ERROR] LogOutputStream:75 - [STDERR_REDIRECT] [Fatal Error] :1:1: Premature end of file.
2026-02-02 17:41:24,083 [ERROR] LogOutputStream:75 - [STDERR_REDIRECT] 
2026-02-02 17:41:25,075 [ERROR] LogOutputStream:75 - [STDERR_REDIRECT] [Fatal Error] :1:1: Premature end of file.
2026-02-02 17:41:25,075 [ERROR] LogOutputStream:75 - [STDERR_REDIRECT] 
2026-02-02 17:41:26,079 [ERROR] LogOutputStream:75 - [STDERR_REDIRECT] [Fatal Error] :1:1: Premature end of file.
2026-02-02 17:41:26,079 [ERROR] LogOutputStream:75 - [STDERR_REDIRECT] 
2026-02-02 17:41:27,079 [ERROR] LogOutputStream:75 - [STDERR_REDIRECT] [Fatal Error] :1:1: Premature end of file.
2026-02-02 17:41:27,079 [ERROR] LogOutputStream:75 - [STDERR_REDIRECT] 
2026-02-02 17:41:28,068 [ERROR] LogOutputStream:75 - [STDERR_REDIRECT] [Fatal Error] :1:1: Premature end of file.
2026-02-02 17:41:28,068 [ERROR] LogOutputStream:75 - [STDERR_REDIRECT] 
2026-02-02 17:41:29,076 [ERROR] LogOutputStream:75 - [STDERR_REDIRECT] [Fatal Error] :1:1: Premature end of file.
2026-02-02 17:41:29,076 [ERROR] LogOutputStream:75 - [STDERR_REDIRECT] 
2026-02-02 17:41:30,072 [ERROR] LogOutputStream:75 - [STDERR_REDIRECT] [Fatal Error] :1:1: Premature end of file.
2026-02-02 17:41:30,072 [ERROR] LogOutputStream:75 - [STDERR_REDIRECT] 
2026-02-02 17:41:31,078 [ERROR] LogOutputStream:75 - [STDERR_REDIRECT] [Fatal Error] :1:1: Premature end of file.
2026-02-02 17:41:31,078 [ERROR] LogOutputStream:75 - [STDERR_REDIRECT] 
2026-02-02 17:41:32,079 [ERROR] LogOutputStream:75 - [STDERR_REDIRECT] [Fatal Error] :1:1: Premature end of file.
2026-02-02 17:41:32,079 [ERROR] LogOutputStream:75 - [STDERR_REDIRECT] 
2026-02-02 17:41:33,087 [ERROR] LogOutputStream:75 - [STDERR_REDIRECT] [Fatal Error] :1:1: Premature end of file.
2026-02-02 17:41:33,087 [ERROR] LogOutputStream:75 - [STDERR_REDIRECT] 
2026-02-02 17:41:34,098 [ERROR] LogOutputStream:75 - [STDERR_REDIRECT] [Fatal Error] :1:1: Premature end of file.
2026-02-02 17:41:34,098 [ERROR] LogOutputStream:75 - [STDERR_REDIRECT] 
2026-02-02 17:41:35,095 [ERROR] LogOutputStream:75 - [STDERR_REDIRECT] [Fatal Error] :1:1: Premature end of file.
2026-02-02 17:41:35,096 [ERROR] LogOutputStream:75 - [STDERR_REDIRECT] 
2026-02-02 17:41:36,091 [ERROR] LogOutputStream:75 - [STDERR_REDIRECT] [Fatal Error] :1:1: Premature end of file.
2026-02-02 17:41:36,091 [ERROR] LogOutputStream:75 - [STDERR_REDIRECT] 
2026-02-02 17:41:37,087 [ERROR] LogOutputStream:75 - [STDERR_REDIRECT] [Fatal Error] :1:1: Premature end of file.
2026-02-02 17:41:37,087 [ERROR] LogOutputStream:75 - [STDERR_REDIRECT] 
2026-02-02 17:41:38,104 [ERROR] LogOutputStream:75 - [STDERR_REDIRECT] [Fatal Error] :1:1: Premature end of file.
2026-02-02 17:41:38,104 [ERROR] LogOutputStream:75 - [STDERR_REDIRECT] 
2026-02-02 17:41:39,081 [ERROR] LogOutputStream:75 - [STDERR_REDIRECT] [Fatal Error] :1:1: Premature end of file.
2026-02-02 17:41:39,081 [ERROR] LogOutputStream:75 - [STDERR_REDIRECT] 
2026-02-02 17:41:40,100 [ERROR] LogOutputStream:75 - [STDERR_REDIRECT] [Fatal Error] :1:1: Premature end of file.
2026-02-02 17:41:40,100 [ERROR] LogOutputStream:75 - [STDERR_REDIRECT] 
2026-02-02 17:41:41,082 [ERROR] LogOutputStream:75 - [STDERR_REDIRECT] [Fatal Error] :1:1: Premature end of file.
2026-02-02 17:41:41,082 [ERROR] LogOutputStream:75 - [STDERR_REDIRECT] 
2026-02-02 17:41:42,076 [ERROR] LogOutputStream:75 - [STDERR_REDIRECT] [Fatal Error] :1:1: Premature end of file.
2026-02-02 17:41:42,076 [ERROR] LogOutputStream:75 - [STDERR_REDIRECT] 
2026-02-02 17:41:43,079 [ERROR] LogOutputStream:75 - [STDERR_REDIRECT] [Fatal Error] :1:1: Premature end of file.
2026-02-02 17:41:43,079 [ERROR] LogOutputStream:75 - [STDERR_REDIRECT] 
2026-02-02 17:41:44,085 [ERROR] LogOutputStream:75 - [STDERR_REDIRECT] [Fatal Error] :1:1: Premature end of file.
2026-02-02 17:41:44,086 [ERROR] LogOutputStream:75 - [STDERR_REDIRECT] 
2026-02-02 17:41:45,076 [ERROR] LogOutputStream:75 - [STDERR_REDIRECT] [Fatal Error] :1:1: Premature end of file.
2026-02-02 17:41:45,076 [ERROR] LogOutputStream:75 - [STDERR_REDIRECT] 
2026-02-02 17:41:46,245 [ERROR] LogOutputStream:75 - [STDERR_REDIRECT] [Fatal Error] :1:1: Premature end of file.
2026-02-02 17:41:46,245 [ERROR] LogOutputStream:75 - [STDERR_REDIRECT] 
2026-02-02 17:41:47,073 [ERROR] LogOutputStream:75 - [STDERR_REDIRECT] [Fatal Error] :1:1: Premature end of file.
2026-02-02 17:41:47,073 [ERROR] LogOutputStream:75 - [STDERR_REDIRECT] 
2026-02-02 17:41:48,093 [ERROR] LogOutputStream:75 - [STDERR_REDIRECT] [Fatal Error] :1:1: Premature end of file.
2026-02-02 17:41:48,093 [ERROR] LogOutputStream:75 - [STDERR_REDIRECT] 
2026-02-02 17:41:49,077 [ERROR] LogOutputStream:75 - [STDERR_REDIRECT] [Fatal Error] :1:1: Premature end of file.
2026-02-02 17:41:49,077 [ERROR] LogOutputStream:75 - [STDERR_REDIRECT] 
2026-02-02 17:41:50,076 [ERROR] LogOutputStream:75 - [STDERR_REDIRECT] [Fatal Error] :1:1: Premature end of file.
2026-02-02 17:41:50,076 [ERROR] LogOutputStream:75 - [STDERR_REDIRECT] 
2026-02-02 17:41:51,074 [ERROR] LogOutputStream:75 - [STDERR_REDIRECT] [Fatal Error] :1:1: Premature end of file.
2026-02-02 17:41:51,075 [ERROR] LogOutputStream:75 - [STDERR_REDIRECT] 
2026-02-02 17:41:52,086 [ERROR] LogOutputStream:75 - [STDERR_REDIRECT] [Fatal Error] :1:1: Premature end of file.
2026-02-02 17:41:52,086 [ERROR] LogOutputStream:75 - [STDERR_REDIRECT] 
2026-02-02 17:41:53,089 [ERROR] LogOutputStream:75 - [STDERR_REDIRECT] [Fatal Error] :1:1: Premature end of file.
2026-02-02 17:41:53,089 [ERROR] LogOutputStream:75 - [STDERR_REDIRECT] 
2026-02-02 17:41:54,079 [ERROR] LogOutputStream:75 - [STDERR_REDIRECT] [Fatal Error] :1:1: Premature end of file.
2026-02-02 17:41:54,079 [ERROR] LogOutputStream:75 - [STDERR_REDIRECT] 
2026-02-02 17:41:55,083 [ERROR] LogOutputStream:75 - [STDERR_REDIRECT] [Fatal Error] :1:1: Premature end of file.
2026-02-02 17:41:55,084 [ERROR] LogOutputStream:75 - [STDERR_REDIRECT] 
2026-02-02 17:41:56,075 [ERROR] LogOutputStream:75 - [STDERR_REDIRECT] [Fatal Error] :1:1: Premature end of file.
2026-02-02 17:41:56,075 [ERROR] LogOutputStream:75 - [STDERR_REDIRECT] 
2026-02-02 17:41:57,090 [ERROR] LogOutputStream:75 - [STDERR_REDIRECT] [Fatal Error] :1:1: Premature end of file.
2026-02-02 17:41:57,090 [ERROR] LogOutputStream:75 - [STDERR_REDIRECT] 
2026-02-02 17:41:58,093 [ERROR] LogOutputStream:75 - [STDERR_REDIRECT] [Fatal Error] :1:1: Premature end of file.
2026-02-02 17:41:58,093 [ERROR] LogOutputStream:75 - [STDERR_REDIRECT] 
2026-02-02 17:41:59,072 [ERROR] LogOutputStream:75 - [STDERR_REDIRECT] [Fatal Error] :1:1: Premature end of file.
2026-02-02 17:41:59,072 [ERROR] LogOutputStream:75 - [STDERR_REDIRECT] 
2026-02-02 17:42:00,069 [ERROR] LogOutputStream:75 - [STDERR_REDIRECT] [Fatal Error] :1:1: Premature end of file.
2026-02-02 17:42:00,069 [ERROR] LogOutputStream:75 - [STDERR_REDIRECT] 
2026-02-02 17:42:01,084 [ERROR] LogOutputStream:75 - [STDERR_REDIRECT] [Fatal Error] :1:1: Premature end of file.
2026-02-02 17:42:01,084 [ERROR] LogOutputStream:75 - [STDERR_REDIRECT] 
2026-02-02 17:42:02,073 [ERROR] LogOutputStream:75 - [STDERR_REDIRECT] [Fatal Error] :1:1: Premature end of file.
2026-02-02 17:42:02,073 [ERROR] LogOutputStream:75 - [STDERR_REDIRECT] 
2026-02-02 17:42:03,079 [ERROR] LogOutputStream:75 - [STDERR_REDIRECT] [Fatal Error] :1:1: Premature end of file.
2026-02-02 17:42:03,079 [ERROR] LogOutputStream:75 - [STDERR_REDIRECT] 
2026-02-02 17:42:04,084 [ERROR] LogOutputStream:75 - [STDERR_REDIRECT] [Fatal Error] :1:1: Premature end of file.
2026-02-02 17:42:04,084 [ERROR] LogOutputStream:75 - [STDERR_REDIRECT] 
2026-02-02 17:42:05,076 [ERROR] LogOutputStream:75 - [STDERR_REDIRECT] [Fatal Error] :1:1: Premature end of file.
2026-02-02 17:42:05,076 [ERROR] LogOutputStream:75 - [STDERR_REDIRECT] 
2026-02-02 17:42:06,075 [ERROR] LogOutputStream:75 - [STDERR_REDIRECT] [Fatal Error] :1:1: Premature end of file.
2026-02-02 17:42:06,075 [ERROR] LogOutputStream:75 - [STDERR_REDIRECT] 
2026-02-02 17:42:07,085 [ERROR] LogOutputStream:75 - [STDERR_REDIRECT] [Fatal Error] :1:1: Premature end of file.
2026-02-02 17:42:07,085 [ERROR] LogOutputStream:75 - [STDERR_REDIRECT] 
2026-02-02 17:42:08,075 [ERROR] LogOutputStream:75 - [STDERR_REDIRECT] [Fatal Error] :1:1: Premature end of file.
2026-02-02 17:42:08,075 [ERROR] LogOutputStream:75 - [STDERR_REDIRECT] 
2026-02-02 17:42:09,078 [ERROR] LogOutputStream:75 - [STDERR_REDIRECT] [Fatal Error] :1:1: Premature end of file.
2026-02-02 17:42:09,079 [ERROR] LogOutputStream:75 - [STDERR_REDIRECT] 
2026-02-02 17:42:10,089 [ERROR] LogOutputStream:75 - [STDERR_REDIRECT] [Fatal Error] :1:1: Premature end of file.
2026-02-02 17:42:10,089 [ERROR] LogOutputStream:75 - [STDERR_REDIRECT] 
2026-02-02 17:42:11,076 [ERROR] LogOutputStream:75 - [STDERR_REDIRECT] [Fatal Error] :1:1: Premature end of file.
2026-02-02 17:42:11,076 [ERROR] LogOutputStream:75 - [STDERR_REDIRECT] 
2026-02-02 17:42:12,083 [ERROR] LogOutputStream:75 - [STDERR_REDIRECT] [Fatal Error] :1:1: Premature end of file.
2026-02-02 17:42:12,083 [ERROR] LogOutputStream:75 - [STDERR_REDIRECT] 
2026-02-02 17:42:13,090 [ERROR] LogOutputStream:75 - [STDERR_REDIRECT] [Fatal Error] :1:1: Premature end of file.
2026-02-02 17:42:13,090 [ERROR] LogOutputStream:75 - [STDERR_REDIRECT] 
2026-02-02 17:42:14,075 [ERROR] LogOutputStream:75 - [STDERR_REDIRECT] [Fatal Error] :1:1: Premature end of file.
2026-02-02 17:42:14,075 [ERROR] LogOutputStream:75 - [STDERR_REDIRECT] 
2026-02-02 17:42:15,073 [ERROR] LogOutputStream:75 - [STDERR_REDIRECT] [Fatal Error] :1:1: Premature end of file.
2026-02-02 17:42:15,073 [ERROR] LogOutputStream:75 - [STDERR_REDIRECT] 
2026-02-02 17:42:16,090 [ERROR] LogOutputStream:75 - [STDERR_REDIRECT] [Fatal Error] :1:1: Premature end of file.
2026-02-02 17:42:16,090 [ERROR] LogOutputStream:75 - [STDERR_REDIRECT] 
2026-02-02 17:42:17,079 [ERROR] LogOutputStream:75 - [STDERR_REDIRECT] [Fatal Error] :1:1: Premature end of file.
2026-02-02 17:42:17,079 [ERROR] LogOutputStream:75 - [STDERR_REDIRECT] 
2026-02-02 17:42:18,080 [ERROR] LogOutputStream:75 - [STDERR_REDIRECT] [Fatal Error] :1:1: Premature end of file.
2026-02-02 17:42:18,080 [ERROR] LogOutputStream:75 - [STDERR_REDIRECT] 
2026-02-02 17:42:19,077 [ERROR] LogOutputStream:75 - [STDERR_REDIRECT] [Fatal Error] :1:1: Premature end of file.
2026-02-02 17:42:19,077 [ERROR] LogOutputStream:75 - [STDERR_REDIRECT] 
2026-02-02 17:42:20,086 [ERROR] LogOutputStream:75 - [STDERR_REDIRECT] [Fatal Error] :1:1: Premature end of file.
2026-02-02 17:42:20,086 [ERROR] LogOutputStream:75 - [STDERR_REDIRECT] 
2026-02-02 17:42:21,078 [ERROR] LogOutputStream:75 - [STDERR_REDIRECT] [Fatal Error] :1:1: Premature end of file.
2026-02-02 17:42:21,078 [ERROR] LogOutputStream:75 - [STDERR_REDIRECT] 
2026-02-02 17:42:22,094 [ERROR] LogOutputStream:75 - [STDERR_REDIRECT] [Fatal Error] :1:1: Premature end of file.
2026-02-02 17:42:22,095 [ERROR] LogOutputStream:75 - [STDERR_REDIRECT] 
2026-02-02 17:42:23,077 [ERROR] LogOutputStream:75 - [STDERR_REDIRECT] [Fatal Error] :1:1: Premature end of file.
2026-02-02 17:42:23,077 [ERROR] LogOutputStream:75 - [STDERR_REDIRECT] 
2026-02-02 17:42:24,078 [ERROR] LogOutputStream:75 - [STDERR_REDIRECT] [Fatal Error] :1:1: Premature end of file.
2026-02-02 17:42:24,078 [ERROR] LogOutputStream:75 - [STDERR_REDIRECT] 
2026-02-02 17:42:25,084 [ERROR] LogOutputStream:75 - [STDERR_REDIRECT] [Fatal Error] :1:1: Premature end of file.
2026-02-02 17:42:25,084 [ERROR] LogOutputStream:75 - [STDERR_REDIRECT] 
2026-02-02 17:42:26,093 [ERROR] LogOutputStream:75 - [STDERR_REDIRECT] [Fatal Error] :1:1: Premature end of file.
2026-02-02 17:42:26,093 [ERROR] LogOutputStream:75 - [STDERR_REDIRECT] 
2026-02-02 17:42:27,083 [ERROR] LogOutputStream:75 - [STDERR_REDIRECT] [Fatal Error] :1:1: Premature end of file.
2026-02-02 17:42:27,083 [ERROR] LogOutputStream:75 - [STDERR_REDIRECT] 
2026-02-02 17:42:28,073 [ERROR] LogOutputStream:75 - [STDERR_REDIRECT] [Fatal Error] :1:1: Premature end of file.
2026-02-02 17:42:28,073 [ERROR] LogOutputStream:75 - [STDERR_REDIRECT] 
2026-02-02 17:42:29,075 [ERROR] LogOutputStream:75 - [STDERR_REDIRECT] [Fatal Error] :1:1: Premature end of file.
2026-02-02 17:42:29,075 [ERROR] LogOutputStream:75 - [STDERR_REDIRECT] 
2026-02-02 17:42:30,092 [ERROR] LogOutputStream:75 - [STDERR_REDIRECT] [Fatal Error] :1:1: Premature end of file.
2026-02-02 17:42:30,095 [ERROR] LogOutputStream:75 - [STDERR_REDIRECT] 
2026-02-02 17:42:31,078 [ERROR] LogOutputStream:75 - [STDERR_REDIRECT] [Fatal Error] :1:1: Premature end of file.
2026-02-02 17:42:31,078 [ERROR] LogOutputStream:75 - [STDERR_REDIRECT] 
2026-02-02 17:42:32,089 [ERROR] LogOutputStream:75 - [STDERR_REDIRECT] [Fatal Error] :1:1: Premature end of file.
2026-02-02 17:42:32,089 [ERROR] LogOutputStream:75 - [STDERR_REDIRECT] 
2026-02-02 17:42:33,079 [ERROR] LogOutputStream:75 - [STDERR_REDIRECT] [Fatal Error] :1:1: Premature end of file.
2026-02-02 17:42:33,079 [ERROR] LogOutputStream:75 - [STDERR_REDIRECT] 
2026-02-02 17:42:34,091 [ERROR] LogOutputStream:75 - [STDERR_REDIRECT] [Fatal Error] :1:1: Premature end of file.
2026-02-02 17:42:34,091 [ERROR] LogOutputStream:75 - [STDERR_REDIRECT] 
2026-02-02 17:42:35,075 [ERROR] LogOutputStream:75 - [STDERR_REDIRECT] [Fatal Error] :1:1: Premature end of file.
2026-02-02 17:42:35,075 [ERROR] LogOutputStream:75 - [STDERR_REDIRECT] 
2026-02-02 17:42:36,079 [ERROR] LogOutputStream:75 - [STDERR_REDIRECT] [Fatal Error] :1:1: Premature end of file.
2026-02-02 17:42:36,079 [ERROR] LogOutputStream:75 - [STDERR_REDIRECT] 
2026-02-02 17:42:37,088 [ERROR] LogOutputStream:75 - [STDERR_REDIRECT] [Fatal Error] :1:1: Premature end of file.
2026-02-02 17:42:37,088 [ERROR] LogOutputStream:75 - [STDERR_REDIRECT] 
2026-02-02 17:42:38,077 [ERROR] LogOutputStream:75 - [STDERR_REDIRECT] [Fatal Error] :1:1: Premature end of file.
2026-02-02 17:42:38,077 [ERROR] LogOutputStream:75 - [STDERR_REDIRECT] 
2026-02-02 17:42:39,075 [ERROR] LogOutputStream:75 - [STDERR_REDIRECT] [Fatal Error] :1:1: Premature end of file.
2026-02-02 17:42:39,075 [ERROR] LogOutputStream:75 - [STDERR_REDIRECT] 
2026-02-02 17:42:40,072 [ERROR] LogOutputStream:75 - [STDERR_REDIRECT] [Fatal Error] :1:1: Premature end of file.
2026-02-02 17:42:40,072 [ERROR] LogOutputStream:75 - [STDERR_REDIRECT] 
2026-02-02 17:42:41,086 [ERROR] LogOutputStream:75 - [STDERR_REDIRECT] [Fatal Error] :1:1: Premature end of file.
2026-02-02 17:42:41,086 [ERROR] LogOutputStream:75 - [STDERR_REDIRECT] 
2026-02-02 17:42:42,077 [ERROR] LogOutputStream:75 - [STDERR_REDIRECT] [Fatal Error] :1:1: Premature end of file.
2026-02-02 17:42:42,077 [ERROR] LogOutputStream:75 - [STDERR_REDIRECT] 
2026-02-02 17:42:43,074 [ERROR] LogOutputStream:75 - [STDERR_REDIRECT] [Fatal Error] :1:1: Premature end of file.
2026-02-02 17:42:43,074 [ERROR] LogOutputStream:75 - [STDERR_REDIRECT] 
2026-02-02 17:42:44,074 [ERROR] LogOutputStream:75 - [STDERR_REDIRECT] [Fatal Error] :1:1: Premature end of file.
2026-02-02 17:42:44,074 [ERROR] LogOutputStream:75 - [STDERR_REDIRECT] 
2026-02-02 17:42:45,090 [ERROR] LogOutputStream:75 - [STDERR_REDIRECT] [Fatal Error] :1:1: Premature end of file.
2026-02-02 17:42:45,093 [ERROR] LogOutputStream:75 - [STDERR_REDIRECT] 
2026-02-02 17:42:46,074 [ERROR] LogOutputStream:75 - [STDERR_REDIRECT] [Fatal Error] :1:1: Premature end of file.
2026-02-02 17:42:46,074 [ERROR] LogOutputStream:75 - [STDERR_REDIRECT] 
2026-02-02 17:42:47,093 [ERROR] LogOutputStream:75 - [STDERR_REDIRECT] [Fatal Error] :1:1: Premature end of file.
2026-02-02 17:42:47,093 [ERROR] LogOutputStream:75 - [STDERR_REDIRECT] 
2026-02-02 17:42:48,087 [ERROR] LogOutputStream:75 - [STDERR_REDIRECT] [Fatal Error] :1:1: Premature end of file.
2026-02-02 17:42:48,087 [ERROR] LogOutputStream:75 - [STDERR_REDIRECT] 
2026-02-02 17:42:49,073 [ERROR] LogOutputStream:75 - [STDERR_REDIRECT] [Fatal Error] :1:1: Premature end of file.
2026-02-02 17:42:49,073 [ERROR] LogOutputStream:75 - [STDERR_REDIRECT] 
2026-02-02 17:42:50,089 [ERROR] LogOutputStream:75 - [STDERR_REDIRECT] [Fatal Error] :1:1: Premature end of file.
2026-02-02 17:42:50,089 [ERROR] LogOutputStream:75 - [STDERR_REDIRECT] 
2026-02-02 17:42:51,091 [ERROR] LogOutputStream:75 - [STDERR_REDIRECT] [Fatal Error] :1:1: Premature end of file.
2026-02-02 17:42:51,091 [ERROR] LogOutputStream:75 - [STDERR_REDIRECT] 
2026-02-02 17:42:52,095 [ERROR] LogOutputStream:75 - [STDERR_REDIRECT] [Fatal Error] :1:1: Premature end of file.
2026-02-02 17:42:52,095 [ERROR] LogOutputStream:75 - [STDERR_REDIRECT] 
2026-02-02 17:42:53,074 [ERROR] LogOutputStream:75 - [STDERR_REDIRECT] [Fatal Error] :1:1: Premature end of file.
2026-02-02 17:42:53,074 [ERROR] LogOutputStream:75 - [STDERR_REDIRECT] 
2026-02-02 17:42:54,075 [ERROR] LogOutputStream:75 - [STDERR_REDIRECT] [Fatal Error] :1:1: Premature end of file.
2026-02-02 17:42:54,075 [ERROR] LogOutputStream:75 - [STDERR_REDIRECT] 
2026-02-02 17:42:55,086 [ERROR] LogOutputStream:75 - [STDERR_REDIRECT] [Fatal Error] :1:1: Premature end of file.
2026-02-02 17:42:55,086 [ERROR] LogOutputStream:75 - [STDERR_REDIRECT] 
2026-02-02 17:42:56,076 [ERROR] LogOutputStream:75 - [STDERR_REDIRECT] [Fatal Error] :1:1: Premature end of file.
2026-02-02 17:42:56,076 [ERROR] LogOutputStream:75 - [STDERR_REDIRECT] 
2026-02-02 17:42:57,076 [ERROR] LogOutputStream:75 - [STDERR_REDIRECT] [Fatal Error] :1:1: Premature end of file.
2026-02-02 17:42:57,076 [ERROR] LogOutputStream:75 - [STDERR_REDIRECT] 
2026-02-02 17:42:58,076 [ERROR] LogOutputStream:75 - [STDERR_REDIRECT] [Fatal Error] :1:1: Premature end of file.
2026-02-02 17:42:58,076 [ERROR] LogOutputStream:75 - [STDERR_REDIRECT] 
2026-02-02 17:42:59,091 [ERROR] LogOutputStream:75 - [STDERR_REDIRECT] [Fatal Error] :1:1: Premature end of file.
2026-02-02 17:42:59,091 [ERROR] LogOutputStream:75 - [STDERR_REDIRECT] 
2026-02-02 17:43:00,064 [ERROR] LogOutputStream:75 - [STDERR_REDIRECT] [Fatal Error] :1:1: Premature end of file.
2026-02-02 17:43:00,064 [ERROR] LogOutputStream:75 - [STDERR_REDIRECT] 
2026-02-02 17:43:01,090 [ERROR] LogOutputStream:75 - [STDERR_REDIRECT] [Fatal Error] :1:1: Premature end of file.
2026-02-02 17:43:01,090 [ERROR] LogOutputStream:75 - [STDERR_REDIRECT] 
2026-02-02 17:43:02,082 [ERROR] LogOutputStream:75 - [STDERR_REDIRECT] [Fatal Error] :1:1: Premature end of file.
2026-02-02 17:43:02,082 [ERROR] LogOutputStream:75 - [STDERR_REDIRECT] 
2026-02-02 17:43:03,075 [ERROR] LogOutputStream:75 - [STDERR_REDIRECT] [Fatal Error] :1:1: Premature end of file.
2026-02-02 17:43:03,075 [ERROR] LogOutputStream:75 - [STDERR_REDIRECT] 
2026-02-02 17:43:04,078 [ERROR] LogOutputStream:75 - [STDERR_REDIRECT] [Fatal Error] :1:1: Premature end of file.
2026-02-02 17:43:04,078 [ERROR] LogOutputStream:75 - [STDERR_REDIRECT] 
2026-02-02 17:43:05,078 [ERROR] LogOutputStream:75 - [STDERR_REDIRECT] [Fatal Error] :1:1: Premature end of file.
2026-02-02 17:43:05,078 [ERROR] LogOutputStream:75 - [STDERR_REDIRECT] 
2026-02-02 17:43:06,085 [ERROR] LogOutputStream:75 - [STDERR_REDIRECT] [Fatal Error] :1:1: Premature end of file.
2026-02-02 17:43:06,085 [ERROR] LogOutputStream:75 - [STDERR_REDIRECT] 
2026-02-02 17:43:07,086 [ERROR] LogOutputStream:75 - [STDERR_REDIRECT] [Fatal Error] :1:1: Premature end of file.
2026-02-02 17:43:07,086 [ERROR] LogOutputStream:75 - [STDERR_REDIRECT] 
2026-02-02 17:43:08,074 [ERROR] LogOutputStream:75 - [STDERR_REDIRECT] [Fatal Error] :1:1: Premature end of file.
2026-02-02 17:43:08,074 [ERROR] LogOutputStream:75 - [STDERR_REDIRECT] 
2026-02-02 17:43:09,076 [ERROR] LogOutputStream:75 - [STDERR_REDIRECT] [Fatal Error] :1:1: Premature end of file.
2026-02-02 17:43:09,076 [ERROR] LogOutputStream:75 - [STDERR_REDIRECT] 
2026-02-02 17:43:10,094 [ERROR] LogOutputStream:75 - [STDERR_REDIRECT] [Fatal Error] :1:1: Premature end of file.
2026-02-02 17:43:10,094 [ERROR] LogOutputStream:75 - [STDERR_REDIRECT] 
2026-02-02 17:43:11,075 [ERROR] LogOutputStream:75 - [STDERR_REDIRECT] [Fatal Error] :1:1: Premature end of file.
2026-02-02 17:43:11,075 [ERROR] LogOutputStream:75 - [STDERR_REDIRECT] 
2026-02-02 17:43:12,075 [ERROR] LogOutputStream:75 - [STDERR_REDIRECT] [Fatal Error] :1:1: Premature end of file.
2026-02-02 17:43:12,075 [ERROR] LogOutputStream:75 - [STDERR_REDIRECT] 
2026-02-02 17:43:13,086 [ERROR] LogOutputStream:75 - [STDERR_REDIRECT] [Fatal Error] :1:1: Premature end of file.
2026-02-02 17:43:13,086 [ERROR] LogOutputStream:75 - [STDERR_REDIRECT] 
2026-02-02 17:43:14,088 [ERROR] LogOutputStream:75 - [STDERR_REDIRECT] [Fatal Error] :1:1: Premature end of file.
2026-02-02 17:43:14,088 [ERROR] LogOutputStream:75 - [STDERR_REDIRECT] 
2026-02-02 17:43:15,082 [ERROR] LogOutputStream:75 - [STDERR_REDIRECT] [Fatal Error] :1:1: Premature end of file.
2026-02-02 17:43:15,082 [ERROR] LogOutputStream:75 - [STDERR_REDIRECT] 
2026-02-02 17:43:16,074 [ERROR] LogOutputStream:75 - [STDERR_REDIRECT] [Fatal Error] :1:1: Premature end of file.
2026-02-02 17:43:16,074 [ERROR] LogOutputStream:75 - [STDERR_REDIRECT] 
2026-02-02 17:43:17,087 [ERROR] LogOutputStream:75 - [STDERR_REDIRECT] [Fatal Error] :1:1: Premature end of file.
2026-02-02 17:43:17,087 [ERROR] LogOutputStream:75 - [STDERR_REDIRECT] 
2026-02-02 17:43:18,075 [ERROR] LogOutputStream:75 - [STDERR_REDIRECT] [Fatal Error] :1:1: Premature end of file.
2026-02-02 17:43:18,076 [ERROR] LogOutputStream:75 - [STDERR_REDIRECT] 
2026-02-02 17:43:19,075 [ERROR] LogOutputStream:75 - [STDERR_REDIRECT] [Fatal Error] :1:1: Premature end of file.
2026-02-02 17:43:19,075 [ERROR] LogOutputStream:75 - [STDERR_REDIRECT] 
2026-02-02 17:43:20,077 [ERROR] LogOutputStream:75 - [STDERR_REDIRECT] [Fatal Error] :1:1: Premature end of file.
2026-02-02 17:43:20,077 [ERROR] LogOutputStream:75 - [STDERR_REDIRECT] 
2026-02-02 17:43:21,078 [ERROR] LogOutputStream:75 - [STDERR_REDIRECT] [Fatal Error] :1:1: Premature end of file.
2026-02-02 17:43:21,078 [ERROR] LogOutputStream:75 - [STDERR_REDIRECT] 
2026-02-02 17:43:22,075 [ERROR] LogOutputStream:75 - [STDERR_REDIRECT] [Fatal Error] :1:1: Premature end of file.
2026-02-02 17:43:22,075 [ERROR] LogOutputStream:75 - [STDERR_REDIRECT] 
2026-02-02 17:43:23,089 [ERROR] LogOutputStream:75 - [STDERR_REDIRECT] [Fatal Error] :1:1: Premature end of file.
2026-02-02 17:43:23,089 [ERROR] LogOutputStream:75 - [STDERR_REDIRECT] 
2026-02-02 17:43:24,076 [ERROR] LogOutputStream:75 - [STDERR_REDIRECT] [Fatal Error] :1:1: Premature end of file.
2026-02-02 17:43:24,077 [ERROR] LogOutputStream:75 - [STDERR_REDIRECT] 
2026-02-02 17:43:25,073 [ERROR] LogOutputStream:75 - [STDERR_REDIRECT] [Fatal Error] :1:1: Premature end of file.
2026-02-02 17:43:25,073 [ERROR] LogOutputStream:75 - [STDERR_REDIRECT] 
2026-02-02 17:43:26,075 [ERROR] LogOutputStream:75 - [STDERR_REDIRECT] [Fatal Error] :1:1: Premature end of file.
2026-02-02 17:43:26,075 [ERROR] LogOutputStream:75 - [STDERR_REDIRECT] 
2026-02-02 17:43:27,075 [ERROR] LogOutputStream:75 - [STDERR_REDIRECT] [Fatal Error] :1:1: Premature end of file.
2026-02-02 17:43:27,075 [ERROR] LogOutputStream:75 - [STDERR_REDIRECT] 
2026-02-02 17:43:28,087 [ERROR] LogOutputStream:75 - [STDERR_REDIRECT] [Fatal Error] :1:1: Premature end of file.
2026-02-02 17:43:28,087 [ERROR] LogOutputStream:75 - [STDERR_REDIRECT] 
2026-02-02 17:43:29,083 [ERROR] LogOutputStream:75 - [STDERR_REDIRECT] [Fatal Error] :1:1: Premature end of file.
2026-02-02 17:43:29,083 [ERROR] LogOutputStream:75 - [STDERR_REDIRECT] 
2026-02-02 17:43:30,098 [ERROR] LogOutputStream:75 - [STDERR_REDIRECT] [Fatal Error] :1:1: Premature end of file.
2026-02-02 17:43:30,099 [ERROR] LogOutputStream:75 - [STDERR_REDIRECT] 
2026-02-02 17:43:31,074 [ERROR] LogOutputStream:75 - [STDERR_REDIRECT] [Fatal Error] :1:1: Premature end of file.
2026-02-02 17:43:31,074 [ERROR] LogOutputStream:75 - [STDERR_REDIRECT] 
2026-02-02 17:43:32,124 [ERROR] LogOutputStream:75 - [STDERR_REDIRECT] [Fatal Error] :1:1: Premature end of file.
2026-02-02 17:43:32,124 [ERROR] LogOutputStream:75 - [STDERR_REDIRECT] 
2026-02-02 17:43:33,087 [ERROR] LogOutputStream:75 - [STDERR_REDIRECT] [Fatal Error] :1:1: Premature end of file.
2026-02-02 17:43:33,087 [ERROR] LogOutputStream:75 - [STDERR_REDIRECT] 
2026-02-02 17:43:34,072 [ERROR] LogOutputStream:75 - [STDERR_REDIRECT] [Fatal Error] :1:1: Premature end of file.
2026-02-02 17:43:34,073 [ERROR] LogOutputStream:75 - [STDERR_REDIRECT] 
2026-02-02 17:43:35,077 [ERROR] LogOutputStream:75 - [STDERR_REDIRECT] [Fatal Error] :1:1: Premature end of file.
2026-02-02 17:43:35,077 [ERROR] LogOutputStream:75 - [STDERR_REDIRECT] 
2026-02-02 17:43:36,085 [ERROR] LogOutputStream:75 - [STDERR_REDIRECT] [Fatal Error] :1:1: Premature end of file.
2026-02-02 17:43:36,085 [ERROR] LogOutputStream:75 - [STDERR_REDIRECT] 
2026-02-02 17:43:37,076 [ERROR] LogOutputStream:75 - [STDERR_REDIRECT] [Fatal Error] :1:1: Premature end of file.
2026-02-02 17:43:37,076 [ERROR] LogOutputStream:75 - [STDERR_REDIRECT] 
2026-02-02 17:43:38,083 [ERROR] LogOutputStream:75 - [STDERR_REDIRECT] [Fatal Error] :1:1: Premature end of file.
2026-02-02 17:43:38,083 [ERROR] LogOutputStream:75 - [STDERR_REDIRECT] 
2026-02-02 17:43:39,088 [ERROR] LogOutputStream:75 - [STDERR_REDIRECT] [Fatal Error] :1:1: Premature end of file.
2026-02-02 17:43:39,088 [ERROR] LogOutputStream:75 - [STDERR_REDIRECT] 
2026-02-02 17:43:40,072 [ERROR] LogOutputStream:75 - [STDERR_REDIRECT] [Fatal Error] :1:1: Premature end of file.
2026-02-02 17:43:40,072 [ERROR] LogOutputStream:75 - [STDERR_REDIRECT] 
2026-02-02 17:43:41,074 [ERROR] LogOutputStream:75 - [STDERR_REDIRECT] [Fatal Error] :1:1: Premature end of file.
2026-02-02 17:43:41,074 [ERROR] LogOutputStream:75 - [STDERR_REDIRECT] 
2026-02-02 17:43:42,084 [ERROR] LogOutputStream:75 - [STDERR_REDIRECT] [Fatal Error] :1:1: Premature end of file.
2026-02-02 17:43:42,084 [ERROR] LogOutputStream:75 - [STDERR_REDIRECT] 
2026-02-02 17:43:43,079 [ERROR] LogOutputStream:75 - [STDERR_REDIRECT] [Fatal Error] :1:1: Premature end of file.
2026-02-02 17:43:43,079 [ERROR] LogOutputStream:75 - [STDERR_REDIRECT] 
2026-02-02 17:43:44,077 [ERROR] LogOutputStream:75 - [STDERR_REDIRECT] [Fatal Error] :1:1: Premature end of file.
2026-02-02 17:43:44,078 [ERROR] LogOutputStream:75 - [STDERR_REDIRECT] 
2026-02-02 17:43:45,076 [ERROR] LogOutputStream:75 - [STDERR_REDIRECT] [Fatal Error] :1:1: Premature end of file.
2026-02-02 17:43:45,076 [ERROR] LogOutputStream:75 - [STDERR_REDIRECT] 
2026-02-02 17:43:46,082 [ERROR] LogOutputStream:75 - [STDERR_REDIRECT] [Fatal Error] :1:1: Premature end of file.
2026-02-02 17:43:46,083 [ERROR] LogOutputStream:75 - [STDERR_REDIRECT] 
2026-02-02 17:43:47,085 [ERROR] LogOutputStream:75 - [STDERR_REDIRECT] [Fatal Error] :1:1: Premature end of file.
2026-02-02 17:43:47,085 [ERROR] LogOutputStream:75 - [STDERR_REDIRECT] 
2026-02-02 17:43:48,074 [ERROR] LogOutputStream:75 - [STDERR_REDIRECT] [Fatal Error] :1:1: Premature end of file.
2026-02-02 17:43:48,074 [ERROR] LogOutputStream:75 - [STDERR_REDIRECT] 
2026-02-02 17:43:49,076 [ERROR] LogOutputStream:75 - [STDERR_REDIRECT] [Fatal Error] :1:1: Premature end of file.
2026-02-02 17:43:49,076 [ERROR] LogOutputStream:75 - [STDERR_REDIRECT] 
2026-02-02 17:43:50,086 [ERROR] LogOutputStream:75 - [STDERR_REDIRECT] [Fatal Error] :1:1: Premature end of file.
2026-02-02 17:43:50,087 [ERROR] LogOutputStream:75 - [STDERR_REDIRECT] 
2026-02-02 17:43:51,074 [ERROR] LogOutputStream:75 - [STDERR_REDIRECT] [Fatal Error] :1:1: Premature end of file.
2026-02-02 17:43:51,074 [ERROR] LogOutputStream:75 - [STDERR_REDIRECT] 
2026-02-02 17:43:52,073 [ERROR] LogOutputStream:75 - [STDERR_REDIRECT] [Fatal Error] :1:1: Premature end of file.
2026-02-02 17:43:52,073 [ERROR] LogOutputStream:75 - [STDERR_REDIRECT] 
2026-02-02 17:43:53,073 [ERROR] LogOutputStream:75 - [STDERR_REDIRECT] [Fatal Error] :1:1: Premature end of file.
2026-02-02 17:43:53,073 [ERROR] LogOutputStream:75 - [STDERR_REDIRECT] 
2026-02-02 17:43:54,078 [ERROR] LogOutputStream:75 - [STDERR_REDIRECT] [Fatal Error] :1:1: Premature end of file.
2026-02-02 17:43:54,078 [ERROR] LogOutputStream:75 - [STDERR_REDIRECT] 
2026-02-02 17:43:55,073 [ERROR] LogOutputStream:75 - [STDERR_REDIRECT] [Fatal Error] :1:1: Premature end of file.
2026-02-02 17:43:55,074 [ERROR] LogOutputStream:75 - [STDERR_REDIRECT] 
2026-02-02 17:43:56,081 [ERROR] LogOutputStream:75 - [STDERR_REDIRECT] [Fatal Error] :1:1: Premature end of file.
2026-02-02 17:43:56,082 [ERROR] LogOutputStream:75 - [STDERR_REDIRECT] 
2026-02-02 17:43:57,093 [ERROR] LogOutputStream:75 - [STDERR_REDIRECT] [Fatal Error] :1:1: Premature end of file.
2026-02-02 17:43:57,093 [ERROR] LogOutputStream:75 - [STDERR_REDIRECT] 
2026-02-02 17:43:58,086 [ERROR] LogOutputStream:75 - [STDERR_REDIRECT] [Fatal Error] :1:1: Premature end of file.
2026-02-02 17:43:58,087 [ERROR] LogOutputStream:75 - [STDERR_REDIRECT] 
2026-02-02 17:43:59,075 [ERROR] LogOutputStream:75 - [STDERR_REDIRECT] [Fatal Error] :1:1: Premature end of file.
2026-02-02 17:43:59,075 [ERROR] LogOutputStream:75 - [STDERR_REDIRECT] 
2026-02-02 17:44:00,089 [ERROR] LogOutputStream:75 - [STDERR_REDIRECT] [Fatal Error] :1:1: Premature end of file.
2026-02-02 17:44:00,091 [ERROR] LogOutputStream:75 - [STDERR_REDIRECT] 
2026-02-02 17:44:01,072 [ERROR] LogOutputStream:75 - [STDERR_REDIRECT] [Fatal Error] :1:1: Premature end of file.
2026-02-02 17:44:01,072 [ERROR] LogOutputStream:75 - [STDERR_REDIRECT] 
2026-02-02 17:44:02,075 [ERROR] LogOutputStream:75 - [STDERR_REDIRECT] [Fatal Error] :1:1: Premature end of file.
2026-02-02 17:44:02,075 [ERROR] LogOutputStream:75 - [STDERR_REDIRECT] 
2026-02-02 17:44:03,077 [ERROR] LogOutputStream:75 - [STDERR_REDIRECT] [Fatal Error] :1:1: Premature end of file.
2026-02-02 17:44:03,080 [ERROR] LogOutputStream:75 - [STDERR_REDIRECT] 
2026-02-02 17:44:04,083 [ERROR] LogOutputStream:75 - [STDERR_REDIRECT] [Fatal Error] :1:1: Premature end of file.
2026-02-02 17:44:04,083 [ERROR] LogOutputStream:75 - [STDERR_REDIRECT] 
2026-02-02 17:44:05,084 [ERROR] LogOutputStream:75 - [STDERR_REDIRECT] [Fatal Error] :1:1: Premature end of file.
2026-02-02 17:44:05,085 [ERROR] LogOutputStream:75 - [STDERR_REDIRECT] 
2026-02-02 17:44:06,072 [ERROR] LogOutputStream:75 - [STDERR_REDIRECT] [Fatal Error] :1:1: Premature end of file.
2026-02-02 17:44:06,072 [ERROR] LogOutputStream:75 - [STDERR_REDIRECT] 
2026-02-02 17:44:07,077 [ERROR] LogOutputStream:75 - [STDERR_REDIRECT] [Fatal Error] :1:1: Premature end of file.
2026-02-02 17:44:07,077 [ERROR] LogOutputStream:75 - [STDERR_REDIRECT] 
2026-02-02 17:44:08,075 [ERROR] LogOutputStream:75 - [STDERR_REDIRECT] [Fatal Error] :1:1: Premature end of file.
2026-02-02 17:44:08,075 [ERROR] LogOutputStream:75 - [STDERR_REDIRECT] 
2026-02-02 17:44:09,073 [ERROR] LogOutputStream:75 - [STDERR_REDIRECT] [Fatal Error] :1:1: Premature end of file.
2026-02-02 17:44:09,073 [ERROR] LogOutputStream:75 - [STDERR_REDIRECT] 
2026-02-02 17:44:10,090 [ERROR] LogOutputStream:75 - [STDERR_REDIRECT] [Fatal Error] :1:1: Premature end of file.
2026-02-02 17:44:10,090 [ERROR] LogOutputStream:75 - [STDERR_REDIRECT] 
2026-02-02 17:44:11,088 [ERROR] LogOutputStream:75 - [STDERR_REDIRECT] [Fatal Error] :1:1: Premature end of file.
2026-02-02 17:44:11,088 [ERROR] LogOutputStream:75 - [STDERR_REDIRECT] 
2026-02-02 17:44:12,086 [ERROR] LogOutputStream:75 - [STDERR_REDIRECT] [Fatal Error] :1:1: Premature end of file.
2026-02-02 17:44:12,086 [ERROR] LogOutputStream:75 - [STDERR_REDIRECT] 
2026-02-02 17:44:13,077 [ERROR] LogOutputStream:75 - [STDERR_REDIRECT] [Fatal Error] :1:1: Premature end of file.
2026-02-02 17:44:13,077 [ERROR] LogOutputStream:75 - [STDERR_REDIRECT] 
2026-02-02 17:44:14,075 [ERROR] LogOutputStream:75 - [STDERR_REDIRECT] [Fatal Error] :1:1: Premature end of file.
2026-02-02 17:44:14,075 [ERROR] LogOutputStream:75 - [STDERR_REDIRECT] 
2026-02-02 17:44:15,091 [ERROR] LogOutputStream:75 - [STDERR_REDIRECT] [Fatal Error] :1:1: Premature end of file.
2026-02-02 17:44:15,091 [ERROR] LogOutputStream:75 - [STDERR_REDIRECT] 
2026-02-02 17:44:16,085 [ERROR] LogOutputStream:75 - [STDERR_REDIRECT] [Fatal Error] :1:1: Premature end of file.
2026-02-02 17:44:16,086 [ERROR] LogOutputStream:75 - [STDERR_REDIRECT] 
2026-02-02 17:44:17,072 [ERROR] LogOutputStream:75 - [STDERR_REDIRECT] [Fatal Error] :1:1: Premature end of file.
2026-02-02 17:44:17,073 [ERROR] LogOutputStream:75 - [STDERR_REDIRECT] 
2026-02-02 17:44:18,086 [ERROR] LogOutputStream:75 - [STDERR_REDIRECT] [Fatal Error] :1:1: Premature end of file.
2026-02-02 17:44:18,086 [ERROR] LogOutputStream:75 - [STDERR_REDIRECT] 
2026-02-02 17:44:19,076 [ERROR] LogOutputStream:75 - [STDERR_REDIRECT] [Fatal Error] :1:1: Premature end of file.
2026-02-02 17:44:19,076 [ERROR] LogOutputStream:75 - [STDERR_REDIRECT] 
2026-02-02 17:44:20,084 [ERROR] LogOutputStream:75 - [STDERR_REDIRECT] [Fatal Error] :1:1: Premature end of file.
2026-02-02 17:44:20,084 [ERROR] LogOutputStream:75 - [STDERR_REDIRECT] 
2026-02-02 17:44:21,076 [ERROR] LogOutputStream:75 - [STDERR_REDIRECT] [Fatal Error] :1:1: Premature end of file.
2026-02-02 17:44:21,076 [ERROR] LogOutputStream:75 - [STDERR_REDIRECT] 
2026-02-02 17:44:22,091 [ERROR] LogOutputStream:75 - [STDERR_REDIRECT] [Fatal Error] :1:1: Premature end of file.
2026-02-02 17:44:22,091 [ERROR] LogOutputStream:75 - [STDERR_REDIRECT] 
2026-02-02 17:44:23,080 [ERROR] LogOutputStream:75 - [STDERR_REDIRECT] [Fatal Error] :1:1: Premature end of file.
2026-02-02 17:44:23,080 [ERROR] LogOutputStream:75 - [STDERR_REDIRECT] 
2026-02-02 17:44:24,073 [ERROR] LogOutputStream:75 - [STDERR_REDIRECT] [Fatal Error] :1:1: Premature end of file.
2026-02-02 17:44:24,073 [ERROR] LogOutputStream:75 - [STDERR_REDIRECT] 
2026-02-02 17:44:25,074 [ERROR] LogOutputStream:75 - [STDERR_REDIRECT] [Fatal Error] :1:1: Premature end of file.
2026-02-02 17:44:25,074 [ERROR] LogOutputStream:75 - [STDERR_REDIRECT] 
2026-02-02 17:44:26,083 [ERROR] LogOutputStream:75 - [STDERR_REDIRECT] [Fatal Error] :1:1: Premature end of file.
2026-02-02 17:44:26,084 [ERROR] LogOutputStream:75 - [STDERR_REDIRECT] 
2026-02-02 17:44:27,087 [ERROR] LogOutputStream:75 - [STDERR_REDIRECT] [Fatal Error] :1:1: Premature end of file.
2026-02-02 17:44:27,087 [ERROR] LogOutputStream:75 - [STDERR_REDIRECT] 
2026-02-02 17:44:28,075 [ERROR] LogOutputStream:75 - [STDERR_REDIRECT] [Fatal Error] :1:1: Premature end of file.
2026-02-02 17:44:28,075 [ERROR] LogOutputStream:75 - [STDERR_REDIRECT] 
2026-02-02 17:44:29,072 [ERROR] LogOutputStream:75 - [STDERR_REDIRECT] [Fatal Error] :1:1: Premature end of file.
2026-02-02 17:44:29,072 [ERROR] LogOutputStream:75 - [STDERR_REDIRECT] 
2026-02-02 17:44:30,085 [ERROR] LogOutputStream:75 - [STDERR_REDIRECT] [Fatal Error] :1:1: Premature end of file.
2026-02-02 17:44:30,086 [ERROR] LogOutputStream:75 - [STDERR_REDIRECT] 
2026-02-02 17:44:31,075 [ERROR] LogOutputStream:75 - [STDERR_REDIRECT] [Fatal Error] :1:1: Premature end of file.
2026-02-02 17:44:31,075 [ERROR] LogOutputStream:75 - [STDERR_REDIRECT] 
2026-02-02 17:44:32,075 [ERROR] LogOutputStream:75 - [STDERR_REDIRECT] [Fatal Error] :1:1: Premature end of file.
2026-02-02 17:44:32,075 [ERROR] LogOutputStream:75 - [STDERR_REDIRECT] 
2026-02-02 17:44:33,072 [ERROR] LogOutputStream:75 - [STDERR_REDIRECT] [Fatal Error] :1:1: Premature end of file.
2026-02-02 17:44:33,073 [ERROR] LogOutputStream:75 - [STDERR_REDIRECT] 
2026-02-02 17:44:34,067 [ERROR] LogOutputStream:75 - [STDERR_REDIRECT] [Fatal Error] :1:1: Premature end of file.
2026-02-02 17:44:34,068 [ERROR] LogOutputStream:75 - [STDERR_REDIRECT] 
2026-02-02 17:44:35,075 [ERROR] LogOutputStream:75 - [STDERR_REDIRECT] [Fatal Error] :1:1: Premature end of file.
2026-02-02 17:44:35,075 [ERROR] LogOutputStream:75 - [STDERR_REDIRECT] 
2026-02-02 17:44:36,067 [ERROR] LogOutputStream:75 - [STDERR_REDIRECT] [Fatal Error] :1:1: Premature end of file.
2026-02-02 17:44:36,067 [ERROR] LogOutputStream:75 - [STDERR_REDIRECT] 
2026-02-02 17:44:37,087 [ERROR] LogOutputStream:75 - [STDERR_REDIRECT] [Fatal Error] :1:1: Premature end of file.
2026-02-02 17:44:37,087 [ERROR] LogOutputStream:75 - [STDERR_REDIRECT] 
2026-02-02 17:44:38,076 [ERROR] LogOutputStream:75 - [STDERR_REDIRECT] [Fatal Error] :1:1: Premature end of file.
2026-02-02 17:44:38,076 [ERROR] LogOutputStream:75 - [STDERR_REDIRECT] 
2026-02-02 17:44:39,073 [ERROR] LogOutputStream:75 - [STDERR_REDIRECT] [Fatal Error] :1:1: Premature end of file.
2026-02-02 17:44:39,074 [ERROR] LogOutputStream:75 - [STDERR_REDIRECT] 
2026-02-02 17:44:40,069 [ERROR] LogOutputStream:75 - [STDERR_REDIRECT] [Fatal Error] :1:1: Premature end of file.
2026-02-02 17:44:40,069 [ERROR] LogOutputStream:75 - [STDERR_REDIRECT] 
2026-02-02 17:44:41,069 [ERROR] LogOutputStream:75 - [STDERR_REDIRECT] [Fatal Error] :1:1: Premature end of file.
2026-02-02 17:44:41,069 [ERROR] LogOutputStream:75 - [STDERR_REDIRECT] 
2026-02-02 17:44:42,068 [ERROR] LogOutputStream:75 - [STDERR_REDIRECT] [Fatal Error] :1:1: Premature end of file.
2026-02-02 17:44:42,068 [ERROR] LogOutputStream:75 - [STDERR_REDIRECT] 
2026-02-02 17:44:43,071 [ERROR] LogOutputStream:75 - [STDERR_REDIRECT] [Fatal Error] :1:1: Premature end of file.
2026-02-02 17:44:43,072 [ERROR] LogOutputStream:75 - [STDERR_REDIRECT] 
2026-02-02 17:44:44,075 [ERROR] LogOutputStream:75 - [STDERR_REDIRECT] [Fatal Error] :1:1: Premature end of file.
2026-02-02 17:44:44,076 [ERROR] LogOutputStream:75 - [STDERR_REDIRECT] 
2026-02-02 17:44:45,066 [ERROR] LogOutputStream:75 - [STDERR_REDIRECT] [Fatal Error] :1:1: Premature end of file.
2026-02-02 17:44:45,066 [ERROR] LogOutputStream:75 - [STDERR_REDIRECT] 
2026-02-02 17:44:46,066 [ERROR] LogOutputStream:75 - [STDERR_REDIRECT] [Fatal Error] :1:1: Premature end of file.
2026-02-02 17:44:46,066 [ERROR] LogOutputStream:75 - [STDERR_REDIRECT] 
2026-02-02 17:44:47,073 [ERROR] LogOutputStream:75 - [STDERR_REDIRECT] [Fatal Error] :1:1: Premature end of file.
2026-02-02 17:44:47,073 [ERROR] LogOutputStream:75 - [STDERR_REDIRECT] 
2026-02-02 17:44:48,066 [ERROR] LogOutputStream:75 - [STDERR_REDIRECT] [Fatal Error] :1:1: Premature end of file.
2026-02-02 17:44:48,066 [ERROR] LogOutputStream:75 - [STDERR_REDIRECT] 
2026-02-02 17:44:49,069 [ERROR] LogOutputStream:75 - [STDERR_REDIRECT] [Fatal Error] :1:1: Premature end of file.
2026-02-02 17:44:49,069 [ERROR] LogOutputStream:75 - [STDERR_REDIRECT] 
2026-02-02 17:44:50,070 [ERROR] LogOutputStream:75 - [STDERR_REDIRECT] [Fatal Error] :1:1: Premature end of file.
2026-02-02 17:44:50,070 [ERROR] LogOutputStream:75 - [STDERR_REDIRECT] 
2026-02-02 17:44:51,076 [ERROR] LogOutputStream:75 - [STDERR_REDIRECT] [Fatal Error] :1:1: Premature end of file.
2026-02-02 17:44:51,076 [ERROR] LogOutputStream:75 - [STDERR_REDIRECT] 
2026-02-02 17:44:52,092 [ERROR] LogOutputStream:75 - [STDERR_REDIRECT] [Fatal Error] :1:1: Premature end of file.
2026-02-02 17:44:52,092 [ERROR] LogOutputStream:75 - [STDERR_REDIRECT] 
2026-02-02 17:44:53,083 [ERROR] LogOutputStream:75 - [STDERR_REDIRECT] [Fatal Error] :1:1: Premature end of file.
2026-02-02 17:44:53,084 [ERROR] LogOutputStream:75 - [STDERR_REDIRECT] 
2026-02-02 17:44:54,083 [ERROR] LogOutputStream:75 - [STDERR_REDIRECT] [Fatal Error] :1:1: Premature end of file.
2026-02-02 17:44:54,083 [ERROR] LogOutputStream:75 - [STDERR_REDIRECT] 
2026-02-02 17:44:55,087 [ERROR] LogOutputStream:75 - [STDERR_REDIRECT] [Fatal Error] :1:1: Premature end of file.
2026-02-02 17:44:55,087 [ERROR] LogOutputStream:75 - [STDERR_REDIRECT] 
2026-02-02 17:44:56,104 [ERROR] LogOutputStream:75 - [STDERR_REDIRECT] [Fatal Error] :1:1: Premature end of file.
2026-02-02 17:44:56,104 [ERROR] LogOutputStream:75 - [STDERR_REDIRECT] 
2026-02-02 17:44:57,078 [ERROR] LogOutputStream:75 - [STDERR_REDIRECT] [Fatal Error] :1:1: Premature end of file.
2026-02-02 17:44:57,078 [ERROR] LogOutputStream:75 - [STDERR_REDIRECT] 
2026-02-02 17:44:58,088 [ERROR] LogOutputStream:75 - [STDERR_REDIRECT] [Fatal Error] :1:1: Premature end of file.
2026-02-02 17:44:58,088 [ERROR] LogOutputStream:75 - [STDERR_REDIRECT] 
2026-02-02 17:44:59,089 [ERROR] LogOutputStream:75 - [STDERR_REDIRECT] [Fatal Error] :1:1: Premature end of file.
2026-02-02 17:44:59,089 [ERROR] LogOutputStream:75 - [STDERR_REDIRECT] 
2026-02-02 17:45:00,070 [ERROR] LogOutputStream:75 - [STDERR_REDIRECT] [Fatal Error] :1:1: Premature end of file.
2026-02-02 17:45:00,070 [ERROR] LogOutputStream:75 - [STDERR_REDIRECT] 
2026-02-02 17:45:01,085 [ERROR] LogOutputStream:75 - [STDERR_REDIRECT] [Fatal Error] :1:1: Premature end of file.
2026-02-02 17:45:01,085 [ERROR] LogOutputStream:75 - [STDERR_REDIRECT] 
2026-02-02 17:45:02,087 [ERROR] LogOutputStream:75 - [STDERR_REDIRECT] [Fatal Error] :1:1: Premature end of file.
2026-02-02 17:45:02,087 [ERROR] LogOutputStream:75 - [STDERR_REDIRECT] 
2026-02-02 17:45:03,091 [ERROR] LogOutputStream:75 - [STDERR_REDIRECT] [Fatal Error] :1:1: Premature end of file.
2026-02-02 17:45:03,091 [ERROR] LogOutputStream:75 - [STDERR_REDIRECT] 
2026-02-02 17:45:04,073 [ERROR] LogOutputStream:75 - [STDERR_REDIRECT] [Fatal Error] :1:1: Premature end of file.
2026-02-02 17:45:04,073 [ERROR] LogOutputStream:75 - [STDERR_REDIRECT] 
2026-02-02 17:45:05,089 [ERROR] LogOutputStream:75 - [STDERR_REDIRECT] [Fatal Error] :1:1: Premature end of file.
2026-02-02 17:45:05,089 [ERROR] LogOutputStream:75 - [STDERR_REDIRECT] 
2026-02-02 17:45:06,083 [ERROR] LogOutputStream:75 - [STDERR_REDIRECT] [Fatal Error] :1:1: Premature end of file.
2026-02-02 17:45:06,083 [ERROR] LogOutputStream:75 - [STDERR_REDIRECT] 
2026-02-02 17:45:07,082 [ERROR] LogOutputStream:75 - [STDERR_REDIRECT] [Fatal Error] :1:1: Premature end of file.
2026-02-02 17:45:07,083 [ERROR] LogOutputStream:75 - [STDERR_REDIRECT] 
2026-02-02 17:45:08,095 [ERROR] LogOutputStream:75 - [STDERR_REDIRECT] [Fatal Error] :1:1: Premature end of file.
2026-02-02 17:45:08,095 [ERROR] LogOutputStream:75 - [STDERR_REDIRECT] 
2026-02-02 17:45:09,074 [ERROR] LogOutputStream:75 - [STDERR_REDIRECT] [Fatal Error] :1:1: Premature end of file.
2026-02-02 17:45:09,075 [ERROR] LogOutputStream:75 - [STDERR_REDIRECT] 
2026-02-02 17:45:10,084 [ERROR] LogOutputStream:75 - [STDERR_REDIRECT] [Fatal Error] :1:1: Premature end of file.
2026-02-02 17:45:10,084 [ERROR] LogOutputStream:75 - [STDERR_REDIRECT] 
2026-02-02 17:45:11,086 [ERROR] LogOutputStream:75 - [STDERR_REDIRECT] [Fatal Error] :1:1: Premature end of file.
2026-02-02 17:45:11,086 [ERROR] LogOutputStream:75 - [STDERR_REDIRECT] 
2026-02-02 17:45:12,088 [ERROR] LogOutputStream:75 - [STDERR_REDIRECT] [Fatal Error] :1:1: Premature end of file.
2026-02-02 17:45:12,088 [ERROR] LogOutputStream:75 - [STDERR_REDIRECT] 
2026-02-02 17:45:13,077 [ERROR] LogOutputStream:75 - [STDERR_REDIRECT] [Fatal Error] :1:1: Premature end of file.
2026-02-02 17:45:13,077 [ERROR] LogOutputStream:75 - [STDERR_REDIRECT] 
2026-02-02 17:45:14,074 [ERROR] LogOutputStream:75 - [STDERR_REDIRECT] [Fatal Error] :1:1: Premature end of file.
2026-02-02 17:45:14,074 [ERROR] LogOutputStream:75 - [STDERR_REDIRECT] 
2026-02-02 17:45:15,078 [ERROR] LogOutputStream:75 - [STDERR_REDIRECT] [Fatal Error] :1:1: Premature end of file.
2026-02-02 17:45:15,078 [ERROR] LogOutputStream:75 - [STDERR_REDIRECT] 
2026-02-02 17:45:16,085 [ERROR] LogOutputStream:75 - [STDERR_REDIRECT] [Fatal Error] :1:1: Premature end of file.
2026-02-02 17:45:16,086 [ERROR] LogOutputStream:75 - [STDERR_REDIRECT] 
2026-02-02 17:45:17,085 [ERROR] LogOutputStream:75 - [STDERR_REDIRECT] [Fatal Error] :1:1: Premature end of file.
2026-02-02 17:45:17,086 [ERROR] LogOutputStream:75 - [STDERR_REDIRECT] 
2026-02-02 17:45:18,083 [ERROR] LogOutputStream:75 - [STDERR_REDIRECT] [Fatal Error] :1:1: Premature end of file.
2026-02-02 17:45:18,083 [ERROR] LogOutputStream:75 - [STDERR_REDIRECT] 
2026-02-02 17:45:19,078 [ERROR] LogOutputStream:75 - [STDERR_REDIRECT] [Fatal Error] :1:1: Premature end of file.
2026-02-02 17:45:19,078 [ERROR] LogOutputStream:75 - [STDERR_REDIRECT] 
2026-02-02 17:45:20,085 [ERROR] LogOutputStream:75 - [STDERR_REDIRECT] [Fatal Error] :1:1: Premature end of file.
2026-02-02 17:45:20,085 [ERROR] LogOutputStream:75 - [STDERR_REDIRECT] 
2026-02-02 17:45:21,078 [ERROR] LogOutputStream:75 - [STDERR_REDIRECT] [Fatal Error] :1:1: Premature end of file.
2026-02-02 17:45:21,078 [ERROR] LogOutputStream:75 - [STDERR_REDIRECT] 
2026-02-02 17:45:22,083 [ERROR] LogOutputStream:75 - [STDERR_REDIRECT] [Fatal Error] :1:1: Premature end of file.
2026-02-02 17:45:22,083 [ERROR] LogOutputStream:75 - [STDERR_REDIRECT] 
2026-02-02 17:45:23,086 [ERROR] LogOutputStream:75 - [STDERR_REDIRECT] [Fatal Error] :1:1: Premature end of file.
2026-02-02 17:45:23,087 [ERROR] LogOutputStream:75 - [STDERR_REDIRECT] 
2026-02-02 17:45:24,092 [ERROR] LogOutputStream:75 - [STDERR_REDIRECT] [Fatal Error] :1:1: Premature end of file.
2026-02-02 17:45:24,092 [ERROR] LogOutputStream:75 - [STDERR_REDIRECT] 
2026-02-02 17:45:25,083 [ERROR] LogOutputStream:75 - [STDERR_REDIRECT] [Fatal Error] :1:1: Premature end of file.
2026-02-02 17:45:25,083 [ERROR] LogOutputStream:75 - [STDERR_REDIRECT] 
2026-02-02 17:45:26,082 [ERROR] LogOutputStream:75 - [STDERR_REDIRECT] [Fatal Error] :1:1: Premature end of file.
2026-02-02 17:45:26,082 [ERROR] LogOutputStream:75 - [STDERR_REDIRECT] 
2026-02-02 17:45:27,076 [ERROR] LogOutputStream:75 - [STDERR_REDIRECT] [Fatal Error] :1:1: Premature end of file.
2026-02-02 17:45:27,076 [ERROR] LogOutputStream:75 - [STDERR_REDIRECT] 
2026-02-02 17:45:28,085 [ERROR] LogOutputStream:75 - [STDERR_REDIRECT] [Fatal Error] :1:1: Premature end of file.
2026-02-02 17:45:28,085 [ERROR] LogOutputStream:75 - [STDERR_REDIRECT] 
2026-02-02 17:45:29,071 [ERROR] LogOutputStream:75 - [STDERR_REDIRECT] [Fatal Error] :1:1: Premature end of file.
2026-02-02 17:45:29,072 [ERROR] LogOutputStream:75 - [STDERR_REDIRECT] 
2026-02-02 17:45:30,075 [ERROR] LogOutputStream:75 - [STDERR_REDIRECT] [Fatal Error] :1:1: Premature end of file.
2026-02-02 17:45:30,075 [ERROR] LogOutputStream:75 - [STDERR_REDIRECT] 
2026-02-02 17:45:31,081 [ERROR] LogOutputStream:75 - [STDERR_REDIRECT] [Fatal Error] :1:1: Premature end of file.
2026-02-02 17:45:31,081 [ERROR] LogOutputStream:75 - [STDERR_REDIRECT] 
2026-02-02 17:45:32,085 [ERROR] LogOutputStream:75 - [STDERR_REDIRECT] [Fatal Error] :1:1: Premature end of file.
2026-02-02 17:45:32,085 [ERROR] LogOutputStream:75 - [STDERR_REDIRECT] 
2026-02-02 17:45:33,075 [ERROR] LogOutputStream:75 - [STDERR_REDIRECT] [Fatal Error] :1:1: Premature end of file.
2026-02-02 17:45:33,077 [ERROR] LogOutputStream:75 - [STDERR_REDIRECT] 
2026-02-02 17:45:34,084 [ERROR] LogOutputStream:75 - [STDERR_REDIRECT] [Fatal Error] :1:1: Premature end of file.
2026-02-02 17:45:34,084 [ERROR] LogOutputStream:75 - [STDERR_REDIRECT] 
2026-02-02 17:45:35,083 [ERROR] LogOutputStream:75 - [STDERR_REDIRECT] [Fatal Error] :1:1: Premature end of file.
2026-02-02 17:45:35,085 [ERROR] LogOutputStream:75 - [STDERR_REDIRECT] 
2026-02-02 17:45:36,083 [ERROR] LogOutputStream:75 - [STDERR_REDIRECT] [Fatal Error] :1:1: Premature end of file.
2026-02-02 17:45:36,084 [ERROR] LogOutputStream:75 - [STDERR_REDIRECT] 
2026-02-02 17:45:37,078 [ERROR] LogOutputStream:75 - [STDERR_REDIRECT] [Fatal Error] :1:1: Premature end of file.
2026-02-02 17:45:37,078 [ERROR] LogOutputStream:75 - [STDERR_REDIRECT] 
2026-02-02 17:45:38,082 [ERROR] LogOutputStream:75 - [STDERR_REDIRECT] [Fatal Error] :1:1: Premature end of file.
2026-02-02 17:45:38,082 [ERROR] LogOutputStream:75 - [STDERR_REDIRECT] 
2026-02-02 17:45:39,074 [ERROR] LogOutputStream:75 - [STDERR_REDIRECT] [Fatal Error] :1:1: Premature end of file.
2026-02-02 17:45:39,074 [ERROR] LogOutputStream:75 - [STDERR_REDIRECT] 
2026-02-02 17:45:40,079 [ERROR] LogOutputStream:75 - [STDERR_REDIRECT] [Fatal Error] :1:1: Premature end of file.
2026-02-02 17:45:40,079 [ERROR] LogOutputStream:75 - [STDERR_REDIRECT] 
2026-02-02 17:45:41,085 [ERROR] LogOutputStream:75 - [STDERR_REDIRECT] [Fatal Error] :1:1: Premature end of file.
2026-02-02 17:45:41,085 [ERROR] LogOutputStream:75 - [STDERR_REDIRECT] 
2026-02-02 17:45:42,073 [ERROR] LogOutputStream:75 - [STDERR_REDIRECT] [Fatal Error] :1:1: Premature end of file.
2026-02-02 17:45:42,073 [ERROR] LogOutputStream:75 - [STDERR_REDIRECT] 
2026-02-02 17:45:43,076 [ERROR] LogOutputStream:75 - [STDERR_REDIRECT] [Fatal Error] :1:1: Premature end of file.
2026-02-02 17:45:43,076 [ERROR] LogOutputStream:75 - [STDERR_REDIRECT] 
2026-02-02 17:45:44,074 [ERROR] LogOutputStream:75 - [STDERR_REDIRECT] [Fatal Error] :1:1: Premature end of file.
2026-02-02 17:45:44,074 [ERROR] LogOutputStream:75 - [STDERR_REDIRECT] 
2026-02-02 17:45:45,076 [ERROR] LogOutputStream:75 - [STDERR_REDIRECT] [Fatal Error] :1:1: Premature end of file.
2026-02-02 17:45:45,076 [ERROR] LogOutputStream:75 - [STDERR_REDIRECT] 
2026-02-02 17:45:46,074 [ERROR] LogOutputStream:75 - [STDERR_REDIRECT] [Fatal Error] :1:1: Premature end of file.
2026-02-02 17:45:46,074 [ERROR] LogOutputStream:75 - [STDERR_REDIRECT] 
2026-02-02 17:45:47,082 [ERROR] LogOutputStream:75 - [STDERR_REDIRECT] [Fatal Error] :1:1: Premature end of file.
2026-02-02 17:45:47,083 [ERROR] LogOutputStream:75 - [STDERR_REDIRECT] 
2026-02-02 17:45:48,074 [ERROR] LogOutputStream:75 - [STDERR_REDIRECT] [Fatal Error] :1:1: Premature end of file.
2026-02-02 17:45:48,074 [ERROR] LogOutputStream:75 - [STDERR_REDIRECT] 
2026-02-02 17:45:49,084 [ERROR] LogOutputStream:75 - [STDERR_REDIRECT] [Fatal Error] :1:1: Premature end of file.
2026-02-02 17:45:49,084 [ERROR] LogOutputStream:75 - [STDERR_REDIRECT] 
2026-02-02 17:45:50,084 [ERROR] LogOutputStream:75 - [STDERR_REDIRECT] [Fatal Error] :1:1: Premature end of file.
2026-02-02 17:45:50,084 [ERROR] LogOutputStream:75 - [STDERR_REDIRECT] 
2026-02-02 17:45:51,085 [ERROR] LogOutputStream:75 - [STDERR_REDIRECT] [Fatal Error] :1:1: Premature end of file.
2026-02-02 17:45:51,085 [ERROR] LogOutputStream:75 - [STDERR_REDIRECT] 
2026-02-02 17:45:52,079 [ERROR] LogOutputStream:75 - [STDERR_REDIRECT] [Fatal Error] :1:1: Premature end of file.
2026-02-02 17:45:52,079 [ERROR] LogOutputStream:75 - [STDERR_REDIRECT] 
2026-02-02 17:45:53,086 [ERROR] LogOutputStream:75 - [STDERR_REDIRECT] [Fatal Error] :1:1: Premature end of file.
2026-02-02 17:45:53,086 [ERROR] LogOutputStream:75 - [STDERR_REDIRECT] 
2026-02-02 17:45:54,086 [ERROR] LogOutputStream:75 - [STDERR_REDIRECT] [Fatal Error] :1:1: Premature end of file.
2026-02-02 17:45:54,087 [ERROR] LogOutputStream:75 - [STDERR_REDIRECT] 
2026-02-02 17:45:55,075 [ERROR] LogOutputStream:75 - [STDERR_REDIRECT] [Fatal Error] :1:1: Premature end of file.
2026-02-02 17:45:55,075 [ERROR] LogOutputStream:75 - [STDERR_REDIRECT] 
2026-02-02 17:45:56,083 [ERROR] LogOutputStream:75 - [STDERR_REDIRECT] [Fatal Error] :1:1: Premature end of file.
2026-02-02 17:45:56,083 [ERROR] LogOutputStream:75 - [STDERR_REDIRECT] 
2026-02-02 17:45:57,083 [ERROR] LogOutputStream:75 - [STDERR_REDIRECT] [Fatal Error] :1:1: Premature end of file.
2026-02-02 17:45:57,084 [ERROR] LogOutputStream:75 - [STDERR_REDIRECT] 
2026-02-02 17:45:58,086 [ERROR] LogOutputStream:75 - [STDERR_REDIRECT] [Fatal Error] :1:1: Premature end of file.
2026-02-02 17:45:58,086 [ERROR] LogOutputStream:75 - [STDERR_REDIRECT] 
2026-02-02 17:45:59,071 [ERROR] LogOutputStream:75 - [STDERR_REDIRECT] [Fatal Error] :1:1: Premature end of file.
2026-02-02 17:45:59,072 [ERROR] LogOutputStream:75 - [STDERR_REDIRECT] 
2026-02-02 17:46:00,071 [ERROR] LogOutputStream:75 - [STDERR_REDIRECT] [Fatal Error] :1:1: Premature end of file.
2026-02-02 17:46:00,071 [ERROR] LogOutputStream:75 - [STDERR_REDIRECT] 
2026-02-02 17:46:01,077 [ERROR] LogOutputStream:75 - [STDERR_REDIRECT] [Fatal Error] :1:1: Premature end of file.
2026-02-02 17:46:01,077 [ERROR] LogOutputStream:75 - [STDERR_REDIRECT] 
2026-02-02 17:46:02,088 [ERROR] LogOutputStream:75 - [STDERR_REDIRECT] [Fatal Error] :1:1: Premature end of file.
2026-02-02 17:46:02,088 [ERROR] LogOutputStream:75 - [STDERR_REDIRECT] 
2026-02-02 17:46:03,091 [ERROR] LogOutputStream:75 - [STDERR_REDIRECT] [Fatal Error] :1:1: Premature end of file.
2026-02-02 17:46:03,093 [ERROR] LogOutputStream:75 - [STDERR_REDIRECT] 
2026-02-02 17:46:04,088 [ERROR] LogOutputStream:75 - [STDERR_REDIRECT] [Fatal Error] :1:1: Premature end of file.
2026-02-02 17:46:04,088 [ERROR] LogOutputStream:75 - [STDERR_REDIRECT] 
2026-02-02 17:46:05,074 [ERROR] LogOutputStream:75 - [STDERR_REDIRECT] [Fatal Error] :1:1: Premature end of file.
2026-02-02 17:46:05,074 [ERROR] LogOutputStream:75 - [STDERR_REDIRECT] 
2026-02-02 17:46:06,081 [ERROR] LogOutputStream:75 - [STDERR_REDIRECT] [Fatal Error] :1:1: Premature end of file.
2026-02-02 17:46:06,081 [ERROR] LogOutputStream:75 - [STDERR_REDIRECT] 
2026-02-02 17:46:07,077 [ERROR] LogOutputStream:75 - [STDERR_REDIRECT] [Fatal Error] :1:1: Premature end of file.
2026-02-02 17:46:07,077 [ERROR] LogOutputStream:75 - [STDERR_REDIRECT] 
2026-02-02 17:46:08,091 [ERROR] LogOutputStream:75 - [STDERR_REDIRECT] [Fatal Error] :1:1: Premature end of file.
2026-02-02 17:46:08,092 [ERROR] LogOutputStream:75 - [STDERR_REDIRECT] 
2026-02-02 17:46:09,083 [ERROR] LogOutputStream:75 - [STDERR_REDIRECT] [Fatal Error] :1:1: Premature end of file.
2026-02-02 17:46:09,083 [ERROR] LogOutputStream:75 - [STDERR_REDIRECT] 
2026-02-02 17:46:10,078 [ERROR] LogOutputStream:75 - [STDERR_REDIRECT] [Fatal Error] :1:1: Premature end of file.
2026-02-02 17:46:10,078 [ERROR] LogOutputStream:75 - [STDERR_REDIRECT] 
2026-02-02 17:46:11,079 [ERROR] LogOutputStream:75 - [STDERR_REDIRECT] [Fatal Error] :1:1: Premature end of file.
2026-02-02 17:46:11,079 [ERROR] LogOutputStream:75 - [STDERR_REDIRECT] 
2026-02-02 17:46:12,084 [ERROR] LogOutputStream:75 - [STDERR_REDIRECT] [Fatal Error] :1:1: Premature end of file.
2026-02-02 17:46:12,084 [ERROR] LogOutputStream:75 - [STDERR_REDIRECT] 
2026-02-02 17:46:13,075 [ERROR] LogOutputStream:75 - [STDERR_REDIRECT] [Fatal Error] :1:1: Premature end of file.
2026-02-02 17:46:13,075 [ERROR] LogOutputStream:75 - [STDERR_REDIRECT] 
2026-02-02 17:46:14,087 [ERROR] LogOutputStream:75 - [STDERR_REDIRECT] [Fatal Error] :1:1: Premature end of file.
2026-02-02 17:46:14,087 [ERROR] LogOutputStream:75 - [STDERR_REDIRECT] 
2026-02-02 17:46:15,083 [ERROR] LogOutputStream:75 - [STDERR_REDIRECT] [Fatal Error] :1:1: Premature end of file.
2026-02-02 17:46:15,083 [ERROR] LogOutputStream:75 - [STDERR_REDIRECT] 
2026-02-02 17:46:16,073 [ERROR] LogOutputStream:75 - [STDERR_REDIRECT] [Fatal Error] :1:1: Premature end of file.
2026-02-02 17:46:16,073 [ERROR] LogOutputStream:75 - [STDERR_REDIRECT] 
2026-02-02 17:46:17,077 [ERROR] LogOutputStream:75 - [STDERR_REDIRECT] [Fatal Error] :1:1: Premature end of file.
2026-02-02 17:46:17,077 [ERROR] LogOutputStream:75 - [STDERR_REDIRECT] 
2026-02-02 17:46:18,088 [ERROR] LogOutputStream:75 - [STDERR_REDIRECT] [Fatal Error] :1:1: Premature end of file.
2026-02-02 17:46:18,088 [ERROR] LogOutputStream:75 - [STDERR_REDIRECT] 
2026-02-02 17:46:19,084 [ERROR] LogOutputStream:75 - [STDERR_REDIRECT] [Fatal Error] :1:1: Premature end of file.
2026-02-02 17:46:19,091 [ERROR] LogOutputStream:75 - [STDERR_REDIRECT] 
2026-02-02 17:46:20,084 [ERROR] LogOutputStream:75 - [STDERR_REDIRECT] [Fatal Error] :1:1: Premature end of file.
2026-02-02 17:46:20,084 [ERROR] LogOutputStream:75 - [STDERR_REDIRECT] 
2026-02-02 17:46:21,080 [ERROR] LogOutputStream:75 - [STDERR_REDIRECT] [Fatal Error] :1:1: Premature end of file.
2026-02-02 17:46:21,080 [ERROR] LogOutputStream:75 - [STDERR_REDIRECT] 
2026-02-02 17:46:22,078 [ERROR] LogOutputStream:75 - [STDERR_REDIRECT] [Fatal Error] :1:1: Premature end of file.
2026-02-02 17:46:22,078 [ERROR] LogOutputStream:75 - [STDERR_REDIRECT] 
2026-02-02 17:46:23,082 [ERROR] LogOutputStream:75 - [STDERR_REDIRECT] [Fatal Error] :1:1: Premature end of file.
2026-02-02 17:46:23,082 [ERROR] LogOutputStream:75 - [STDERR_REDIRECT] 
2026-02-02 17:46:24,078 [ERROR] LogOutputStream:75 - [STDERR_REDIRECT] [Fatal Error] :1:1: Premature end of file.
2026-02-02 17:46:24,078 [ERROR] LogOutputStream:75 - [STDERR_REDIRECT] 
2026-02-02 17:46:25,077 [ERROR] LogOutputStream:75 - [STDERR_REDIRECT] [Fatal Error] :1:1: Premature end of file.
2026-02-02 17:46:25,077 [ERROR] LogOutputStream:75 - [STDERR_REDIRECT] 
2026-02-02 17:46:26,078 [ERROR] LogOutputStream:75 - [STDERR_REDIRECT] [Fatal Error] :1:1: Premature end of file.
2026-02-02 17:46:26,078 [ERROR] LogOutputStream:75 - [STDERR_REDIRECT] 
2026-02-02 17:46:27,083 [ERROR] LogOutputStream:75 - [STDERR_REDIRECT] [Fatal Error] :1:1: Premature end of file.
2026-02-02 17:46:27,084 [ERROR] LogOutputStream:75 - [STDERR_REDIRECT] 
2026-02-02 17:46:28,077 [ERROR] LogOutputStream:75 - [STDERR_REDIRECT] [Fatal Error] :1:1: Premature end of file.
2026-02-02 17:46:28,077 [ERROR] LogOutputStream:75 - [STDERR_REDIRECT] 
2026-02-02 17:46:29,087 [ERROR] LogOutputStream:75 - [STDERR_REDIRECT] [Fatal Error] :1:1: Premature end of file.
2026-02-02 17:46:29,087 [ERROR] LogOutputStream:75 - [STDERR_REDIRECT] 
2026-02-02 17:46:30,079 [ERROR] LogOutputStream:75 - [STDERR_REDIRECT] [Fatal Error] :1:1: Premature end of file.
2026-02-02 17:46:30,079 [ERROR] LogOutputStream:75 - [STDERR_REDIRECT] 
2026-02-02 17:46:31,076 [ERROR] LogOutputStream:75 - [STDERR_REDIRECT] [Fatal Error] :1:1: Premature end of file.
2026-02-02 17:46:31,076 [ERROR] LogOutputStream:75 - [STDERR_REDIRECT] 
2026-02-02 17:46:32,075 [ERROR] LogOutputStream:75 - [STDERR_REDIRECT] [Fatal Error] :1:1: Premature end of file.
2026-02-02 17:46:32,075 [ERROR] LogOutputStream:75 - [STDERR_REDIRECT] 
2026-02-02 17:46:33,078 [ERROR] LogOutputStream:75 - [STDERR_REDIRECT] [Fatal Error] :1:1: Premature end of file.
2026-02-02 17:46:33,078 [ERROR] LogOutputStream:75 - [STDERR_REDIRECT] 
2026-02-02 17:46:34,075 [ERROR] LogOutputStream:75 - [STDERR_REDIRECT] [Fatal Error] :1:1: Premature end of file.
2026-02-02 17:46:34,076 [ERROR] LogOutputStream:75 - [STDERR_REDIRECT] 
2026-02-02 17:46:35,087 [ERROR] LogOutputStream:75 - [STDERR_REDIRECT] [Fatal Error] :1:1: Premature end of file.
2026-02-02 17:46:35,087 [ERROR] LogOutputStream:75 - [STDERR_REDIRECT] 
2026-02-02 17:46:36,085 [ERROR] LogOutputStream:75 - [STDERR_REDIRECT] [Fatal Error] :1:1: Premature end of file.
2026-02-02 17:46:36,085 [ERROR] LogOutputStream:75 - [STDERR_REDIRECT] 
2026-02-02 17:46:37,078 [ERROR] LogOutputStream:75 - [STDERR_REDIRECT] [Fatal Error] :1:1: Premature end of file.
2026-02-02 17:46:37,078 [ERROR] LogOutputStream:75 - [STDERR_REDIRECT] 
2026-02-02 17:46:38,089 [ERROR] LogOutputStream:75 - [STDERR_REDIRECT] [Fatal Error] :1:1: Premature end of file.
2026-02-02 17:46:38,089 [ERROR] LogOutputStream:75 - [STDERR_REDIRECT] 
2026-02-02 17:46:39,087 [ERROR] LogOutputStream:75 - [STDERR_REDIRECT] [Fatal Error] :1:1: Premature end of file.
2026-02-02 17:46:39,088 [ERROR] LogOutputStream:75 - [STDERR_REDIRECT] 
2026-02-02 17:46:40,083 [ERROR] LogOutputStream:75 - [STDERR_REDIRECT] [Fatal Error] :1:1: Premature end of file.
2026-02-02 17:46:40,083 [ERROR] LogOutputStream:75 - [STDERR_REDIRECT] 
2026-02-02 17:46:41,087 [ERROR] LogOutputStream:75 - [STDERR_REDIRECT] [Fatal Error] :1:1: Premature end of file.
2026-02-02 17:46:41,087 [ERROR] LogOutputStream:75 - [STDERR_REDIRECT] 
2026-02-02 17:46:42,083 [ERROR] LogOutputStream:75 - [STDERR_REDIRECT] [Fatal Error] :1:1: Premature end of file.
2026-02-02 17:46:42,083 [ERROR] LogOutputStream:75 - [STDERR_REDIRECT] 
2026-02-02 17:46:43,076 [ERROR] LogOutputStream:75 - [STDERR_REDIRECT] [Fatal Error] :1:1: Premature end of file.
2026-02-02 17:46:43,076 [ERROR] LogOutputStream:75 - [STDERR_REDIRECT] 
2026-02-02 17:46:44,070 [ERROR] LogOutputStream:75 - [STDERR_REDIRECT] [Fatal Error] :1:1: Premature end of file.
2026-02-02 17:46:44,070 [ERROR] LogOutputStream:75 - [STDERR_REDIRECT] 
2026-02-02 17:46:45,086 [ERROR] LogOutputStream:75 - [STDERR_REDIRECT] [Fatal Error] :1:1: Premature end of file.
2026-02-02 17:46:45,087 [ERROR] LogOutputStream:75 - [STDERR_REDIRECT] 
2026-02-02 17:46:46,078 [ERROR] LogOutputStream:75 - [STDERR_REDIRECT] [Fatal Error] :1:1: Premature end of file.
2026-02-02 17:46:46,078 [ERROR] LogOutputStream:75 - [STDERR_REDIRECT] 
2026-02-02 17:46:47,087 [ERROR] LogOutputStream:75 - [STDERR_REDIRECT] [Fatal Error] :1:1: Premature end of file.
2026-02-02 17:46:47,087 [ERROR] LogOutputStream:75 - [STDERR_REDIRECT] 
2026-02-02 17:46:48,078 [ERROR] LogOutputStream:75 - [STDERR_REDIRECT] [Fatal Error] :1:1: Premature end of file.
2026-02-02 17:46:48,079 [ERROR] LogOutputStream:75 - [STDERR_REDIRECT] 
2026-02-02 17:46:49,088 [ERROR] LogOutputStream:75 - [STDERR_REDIRECT] [Fatal Error] :1:1: Premature end of file.
2026-02-02 17:46:49,095 [ERROR] LogOutputStream:75 - [STDERR_REDIRECT] 
2026-02-02 17:46:50,086 [ERROR] LogOutputStream:75 - [STDERR_REDIRECT] [Fatal Error] :1:1: Premature end of file.
2026-02-02 17:46:50,088 [ERROR] LogOutputStream:75 - [STDERR_REDIRECT] 
2026-02-02 17:46:51,082 [ERROR] LogOutputStream:75 - [STDERR_REDIRECT] [Fatal Error] :1:1: Premature end of file.
2026-02-02 17:46:51,082 [ERROR] LogOutputStream:75 - [STDERR_REDIRECT] 
2026-02-02 17:46:52,078 [ERROR] LogOutputStream:75 - [STDERR_REDIRECT] [Fatal Error] :1:1: Premature end of file.
2026-02-02 17:46:52,078 [ERROR] LogOutputStream:75 - [STDERR_REDIRECT] 
2026-02-02 17:46:53,072 [ERROR] LogOutputStream:75 - [STDERR_REDIRECT] [Fatal Error] :1:1: Premature end of file.
2026-02-02 17:46:53,072 [ERROR] LogOutputStream:75 - [STDERR_REDIRECT] 
2026-02-02 17:46:54,079 [ERROR] LogOutputStream:75 - [STDERR_REDIRECT] [Fatal Error] :1:1: Premature end of file.
2026-02-02 17:46:54,079 [ERROR] LogOutputStream:75 - [STDERR_REDIRECT] 
2026-02-02 17:46:55,079 [ERROR] LogOutputStream:75 - [STDERR_REDIRECT] [Fatal Error] :1:1: Premature end of file.
2026-02-02 17:46:55,079 [ERROR] LogOutputStream:75 - [STDERR_REDIRECT] 
2026-02-02 17:46:56,085 [ERROR] LogOutputStream:75 - [STDERR_REDIRECT] [Fatal Error] :1:1: Premature end of file.
2026-02-02 17:46:56,085 [ERROR] LogOutputStream:75 - [STDERR_REDIRECT] 
2026-02-02 17:46:57,083 [ERROR] LogOutputStream:75 - [STDERR_REDIRECT] [Fatal Error] :1:1: Premature end of file.
2026-02-02 17:46:57,083 [ERROR] LogOutputStream:75 - [STDERR_REDIRECT] 
2026-02-02 17:46:58,081 [ERROR] LogOutputStream:75 - [STDERR_REDIRECT] [Fatal Error] :1:1: Premature end of file.
2026-02-02 17:46:58,082 [ERROR] LogOutputStream:75 - [STDERR_REDIRECT] 
2026-02-02 17:46:59,094 [ERROR] LogOutputStream:75 - [STDERR_REDIRECT] [Fatal Error] :1:1: Premature end of file.
2026-02-02 17:46:59,094 [ERROR] LogOutputStream:75 - [STDERR_REDIRECT] 
2026-02-02 17:47:00,100 [ERROR] LogOutputStream:75 - [STDERR_REDIRECT] [Fatal Error] :1:1: Premature end of file.
2026-02-02 17:47:00,100 [ERROR] LogOutputStream:75 - [STDERR_REDIRECT] 
2026-02-02 17:47:01,075 [ERROR] LogOutputStream:75 - [STDERR_REDIRECT] [Fatal Error] :1:1: Premature end of file.
2026-02-02 17:47:01,075 [ERROR] LogOutputStream:75 - [STDERR_REDIRECT] 
2026-02-02 17:47:02,071 [ERROR] LogOutputStream:75 - [STDERR_REDIRECT] [Fatal Error] :1:1: Premature end of file.
2026-02-02 17:47:02,071 [ERROR] LogOutputStream:75 - [STDERR_REDIRECT] 
2026-02-02 17:47:03,077 [ERROR] LogOutputStream:75 - [STDERR_REDIRECT] [Fatal Error] :1:1: Premature end of file.
2026-02-02 17:47:03,077 [ERROR] LogOutputStream:75 - [STDERR_REDIRECT] 
2026-02-02 17:47:04,074 [ERROR] LogOutputStream:75 - [STDERR_REDIRECT] [Fatal Error] :1:1: Premature end of file.
2026-02-02 17:47:04,074 [ERROR] LogOutputStream:75 - [STDERR_REDIRECT] 
2026-02-02 17:47:05,073 [ERROR] LogOutputStream:75 - [STDERR_REDIRECT] [Fatal Error] :1:1: Premature end of file.
2026-02-02 17:47:05,073 [ERROR] LogOutputStream:75 - [STDERR_REDIRECT] 
2026-02-02 17:47:06,081 [ERROR] LogOutputStream:75 - [STDERR_REDIRECT] [Fatal Error] :1:1: Premature end of file.
2026-02-02 17:47:06,081 [ERROR] LogOutputStream:75 - [STDERR_REDIRECT] 
2026-02-02 17:47:07,083 [ERROR] LogOutputStream:75 - [STDERR_REDIRECT] [Fatal Error] :1:1: Premature end of file.
2026-02-02 17:47:07,083 [ERROR] LogOutputStream:75 - [STDERR_REDIRECT] 
2026-02-02 17:47:08,085 [ERROR] LogOutputStream:75 - [STDERR_REDIRECT] [Fatal Error] :1:1: Premature end of file.
2026-02-02 17:47:08,085 [ERROR] LogOutputStream:75 - [STDERR_REDIRECT] 
2026-02-02 17:47:09,080 [ERROR] LogOutputStream:75 - [STDERR_REDIRECT] [Fatal Error] :1:1: Premature end of file.
2026-02-02 17:47:09,080 [ERROR] LogOutputStream:75 - [STDERR_REDIRECT] 
2026-02-02 17:47:10,074 [ERROR] LogOutputStream:75 - [STDERR_REDIRECT] [Fatal Error] :1:1: Premature end of file.
2026-02-02 17:47:10,074 [ERROR] LogOutputStream:75 - [STDERR_REDIRECT] 
2026-02-02 17:47:11,084 [ERROR] LogOutputStream:75 - [STDERR_REDIRECT] [Fatal Error] :1:1: Premature end of file.
2026-02-02 17:47:11,084 [ERROR] LogOutputStream:75 - [STDERR_REDIRECT] 
2026-02-02 17:47:12,072 [ERROR] LogOutputStream:75 - [STDERR_REDIRECT] [Fatal Error] :1:1: Premature end of file.
2026-02-02 17:47:12,072 [ERROR] LogOutputStream:75 - [STDERR_REDIRECT] 
2026-02-02 17:47:13,072 [ERROR] LogOutputStream:75 - [STDERR_REDIRECT] [Fatal Error] :1:1: Premature end of file.
2026-02-02 17:47:13,072 [ERROR] LogOutputStream:75 - [STDERR_REDIRECT] 
2026-02-02 17:47:14,082 [ERROR] LogOutputStream:75 - [STDERR_REDIRECT] [Fatal Error] :1:1: Premature end of file.
2026-02-02 17:47:14,083 [ERROR] LogOutputStream:75 - [STDERR_REDIRECT] 
2026-02-02 17:47:15,087 [ERROR] LogOutputStream:75 - [STDERR_REDIRECT] [Fatal Error] :1:1: Premature end of file.
2026-02-02 17:47:15,088 [ERROR] LogOutputStream:75 - [STDERR_REDIRECT] 
2026-02-02 17:47:16,085 [ERROR] LogOutputStream:75 - [STDERR_REDIRECT] [Fatal Error] :1:1: Premature end of file.
2026-02-02 17:47:16,085 [ERROR] LogOutputStream:75 - [STDERR_REDIRECT] 
2026-02-02 17:47:17,085 [ERROR] LogOutputStream:75 - [STDERR_REDIRECT] [Fatal Error] :1:1: Premature end of file.
2026-02-02 17:47:17,085 [ERROR] LogOutputStream:75 - [STDERR_REDIRECT] 
2026-02-02 17:47:18,088 [ERROR] LogOutputStream:75 - [STDERR_REDIRECT] [Fatal Error] :1:1: Premature end of file.
2026-02-02 17:47:18,088 [ERROR] LogOutputStream:75 - [STDERR_REDIRECT] 
2026-02-02 17:47:19,072 [ERROR] LogOutputStream:75 - [STDERR_REDIRECT] [Fatal Error] :1:1: Premature end of file.
2026-02-02 17:47:19,088 [ERROR] LogOutputStream:75 - [STDERR_REDIRECT] 
2026-02-02 17:47:20,087 [ERROR] LogOutputStream:75 - [STDERR_REDIRECT] [Fatal Error] :1:1: Premature end of file.
2026-02-02 17:47:20,088 [ERROR] LogOutputStream:75 - [STDERR_REDIRECT] 
2026-02-02 17:47:21,087 [ERROR] LogOutputStream:75 - [STDERR_REDIRECT] [Fatal Error] :1:1: Premature end of file.
2026-02-02 17:47:21,087 [ERROR] LogOutputStream:75 - [STDERR_REDIRECT] 
2026-02-02 17:47:22,073 [ERROR] LogOutputStream:75 - [STDERR_REDIRECT] [Fatal Error] :1:1: Premature end of file.
2026-02-02 17:47:22,073 [ERROR] LogOutputStream:75 - [STDERR_REDIRECT] 
2026-02-02 17:47:23,079 [ERROR] LogOutputStream:75 - [STDERR_REDIRECT] [Fatal Error] :1:1: Premature end of file.
2026-02-02 17:47:23,080 [ERROR] LogOutputStream:75 - [STDERR_REDIRECT] 
2026-02-02 17:47:24,079 [ERROR] LogOutputStream:75 - [STDERR_REDIRECT] [Fatal Error] :1:1: Premature end of file.
2026-02-02 17:47:24,079 [ERROR] LogOutputStream:75 - [STDERR_REDIRECT] 
2026-02-02 17:47:25,075 [ERROR] LogOutputStream:75 - [STDERR_REDIRECT] [Fatal Error] :1:1: Premature end of file.
2026-02-02 17:47:25,075 [ERROR] LogOutputStream:75 - [STDERR_REDIRECT] 
2026-02-02 17:47:26,084 [ERROR] LogOutputStream:75 - [STDERR_REDIRECT] [Fatal Error] :1:1: Premature end of file.
2026-02-02 17:47:26,084 [ERROR] LogOutputStream:75 - [STDERR_REDIRECT] 
2026-02-02 17:47:27,082 [ERROR] LogOutputStream:75 - [STDERR_REDIRECT] [Fatal Error] :1:1: Premature end of file.
2026-02-02 17:47:27,082 [ERROR] LogOutputStream:75 - [STDERR_REDIRECT] 
2026-02-02 17:47:28,077 [ERROR] LogOutputStream:75 - [STDERR_REDIRECT] [Fatal Error] :1:1: Premature end of file.
2026-02-02 17:47:28,077 [ERROR] LogOutputStream:75 - [STDERR_REDIRECT] 
2026-02-02 17:47:29,084 [ERROR] LogOutputStream:75 - [STDERR_REDIRECT] [Fatal Error] :1:1: Premature end of file.
2026-02-02 17:47:29,084 [ERROR] LogOutputStream:75 - [STDERR_REDIRECT] 
2026-02-02 17:47:30,078 [ERROR] LogOutputStream:75 - [STDERR_REDIRECT] [Fatal Error] :1:1: Premature end of file.
2026-02-02 17:47:30,079 [ERROR] LogOutputStream:75 - [STDERR_REDIRECT] 
2026-02-02 17:47:31,097 [ERROR] LogOutputStream:75 - [STDERR_REDIRECT] [Fatal Error] :1:1: Premature end of file.
2026-02-02 17:47:31,097 [ERROR] LogOutputStream:75 - [STDERR_REDIRECT] 
2026-02-02 17:47:32,095 [ERROR] LogOutputStream:75 - [STDERR_REDIRECT] [Fatal Error] :1:1: Premature end of file.
2026-02-02 17:47:32,095 [ERROR] LogOutputStream:75 - [STDERR_REDIRECT] 
2026-02-02 17:47:33,080 [ERROR] LogOutputStream:75 - [STDERR_REDIRECT] [Fatal Error] :1:1: Premature end of file.
2026-02-02 17:47:33,080 [ERROR] LogOutputStream:75 - [STDERR_REDIRECT] 
2026-02-02 17:47:34,081 [ERROR] LogOutputStream:75 - [STDERR_REDIRECT] [Fatal Error] :1:1: Premature end of file.
2026-02-02 17:47:34,084 [ERROR] LogOutputStream:75 - [STDERR_REDIRECT] 
2026-02-02 17:47:35,085 [ERROR] LogOutputStream:75 - [STDERR_REDIRECT] [Fatal Error] :1:1: Premature end of file.
2026-02-02 17:47:35,085 [ERROR] LogOutputStream:75 - [STDERR_REDIRECT] 
2026-02-02 17:47:36,099 [ERROR] LogOutputStream:75 - [STDERR_REDIRECT] [Fatal Error] :1:1: Premature end of file.
2026-02-02 17:47:36,099 [ERROR] LogOutputStream:75 - [STDERR_REDIRECT] 
2026-02-02 17:47:37,088 [ERROR] LogOutputStream:75 - [STDERR_REDIRECT] [Fatal Error] :1:1: Premature end of file.
2026-02-02 17:47:37,088 [ERROR] LogOutputStream:75 - [STDERR_REDIRECT] 
2026-02-02 17:47:38,074 [ERROR] LogOutputStream:75 - [STDERR_REDIRECT] [Fatal Error] :1:1: Premature end of file.
2026-02-02 17:47:38,074 [ERROR] LogOutputStream:75 - [STDERR_REDIRECT] 
2026-02-02 17:47:39,083 [ERROR] LogOutputStream:75 - [STDERR_REDIRECT] [Fatal Error] :1:1: Premature end of file.
2026-02-02 17:47:39,083 [ERROR] LogOutputStream:75 - [STDERR_REDIRECT] 
2026-02-02 17:47:40,083 [ERROR] LogOutputStream:75 - [STDERR_REDIRECT] [Fatal Error] :1:1: Premature end of file.
2026-02-02 17:47:40,083 [ERROR] LogOutputStream:75 - [STDERR_REDIRECT] 
2026-02-02 17:47:41,094 [ERROR] LogOutputStream:75 - [STDERR_REDIRECT] [Fatal Error] :1:1: Premature end of file.
2026-02-02 17:47:41,095 [ERROR] LogOutputStream:75 - [STDERR_REDIRECT] 
2026-02-02 17:47:42,091 [ERROR] LogOutputStream:75 - [STDERR_REDIRECT] [Fatal Error] :1:1: Premature end of file.
2026-02-02 17:47:42,092 [ERROR] LogOutputStream:75 - [STDERR_REDIRECT] 
2026-02-02 17:47:43,078 [ERROR] LogOutputStream:75 - [STDERR_REDIRECT] [Fatal Error] :1:1: Premature end of file.
2026-02-02 17:47:43,078 [ERROR] LogOutputStream:75 - [STDERR_REDIRECT] 
2026-02-02 17:47:44,085 [ERROR] LogOutputStream:75 - [STDERR_REDIRECT] [Fatal Error] :1:1: Premature end of file.
2026-02-02 17:47:44,085 [ERROR] LogOutputStream:75 - [STDERR_REDIRECT] 
2026-02-02 17:47:45,091 [ERROR] LogOutputStream:75 - [STDERR_REDIRECT] [Fatal Error] :1:1: Premature end of file.
2026-02-02 17:47:45,091 [ERROR] LogOutputStream:75 - [STDERR_REDIRECT] 
2026-02-02 17:47:46,069 [ERROR] LogOutputStream:75 - [STDERR_REDIRECT] [Fatal Error] :1:1: Premature end of file.
2026-02-02 17:47:46,069 [ERROR] LogOutputStream:75 - [STDERR_REDIRECT] 
2026-02-02 17:47:47,085 [ERROR] LogOutputStream:75 - [STDERR_REDIRECT] [Fatal Error] :1:1: Premature end of file.
2026-02-02 17:47:47,085 [ERROR] LogOutputStream:75 - [STDERR_REDIRECT] 
2026-02-02 17:47:48,091 [ERROR] LogOutputStream:75 - [STDERR_REDIRECT] [Fatal Error] :1:1: Premature end of file.
2026-02-02 17:47:48,091 [ERROR] LogOutputStream:75 - [STDERR_REDIRECT] 
2026-02-02 17:47:49,078 [ERROR] LogOutputStream:75 - [STDERR_REDIRECT] [Fatal Error] :1:1: Premature end of file.
2026-02-02 17:47:49,078 [ERROR] LogOutputStream:75 - [STDERR_REDIRECT] 
2026-02-02 17:47:50,086 [ERROR] LogOutputStream:75 - [STDERR_REDIRECT] [Fatal Error] :1:1: Premature end of file.
2026-02-02 17:47:50,087 [ERROR] LogOutputStream:75 - [STDERR_REDIRECT] 
2026-02-02 17:47:51,067 [ERROR] LogOutputStream:75 - [STDERR_REDIRECT] [Fatal Error] :1:1: Premature end of file.
2026-02-02 17:47:51,067 [ERROR] LogOutputStream:75 - [STDERR_REDIRECT] 
2026-02-02 17:47:52,071 [ERROR] LogOutputStream:75 - [STDERR_REDIRECT] [Fatal Error] :1:1: Premature end of file.
2026-02-02 17:47:52,071 [ERROR] LogOutputStream:75 - [STDERR_REDIRECT] 
2026-02-02 17:47:53,069 [ERROR] LogOutputStream:75 - [STDERR_REDIRECT] [Fatal Error] :1:1: Premature end of file.
2026-02-02 17:47:53,069 [ERROR] LogOutputStream:75 - [STDERR_REDIRECT] 
2026-02-02 17:47:54,092 [ERROR] LogOutputStream:75 - [STDERR_REDIRECT] [Fatal Error] :1:1: Premature end of file.
2026-02-02 17:47:54,092 [ERROR] LogOutputStream:75 - [STDERR_REDIRECT] 
2026-02-02 17:47:55,065 [ERROR] LogOutputStream:75 - [STDERR_REDIRECT] [Fatal Error] :1:1: Premature end of file.
2026-02-02 17:47:55,065 [ERROR] LogOutputStream:75 - [STDERR_REDIRECT] 
2026-02-02 17:47:56,070 [ERROR] LogOutputStream:75 - [STDERR_REDIRECT] [Fatal Error] :1:1: Premature end of file.
2026-02-02 17:47:56,070 [ERROR] LogOutputStream:75 - [STDERR_REDIRECT] 
2026-02-02 17:47:57,066 [ERROR] LogOutputStream:75 - [STDERR_REDIRECT] [Fatal Error] :1:1: Premature end of file.
2026-02-02 17:47:57,066 [ERROR] LogOutputStream:75 - [STDERR_REDIRECT] 
2026-02-02 17:47:58,073 [ERROR] LogOutputStream:75 - [STDERR_REDIRECT] [Fatal Error] :1:1: Premature end of file.
2026-02-02 17:47:58,073 [ERROR] LogOutputStream:75 - [STDERR_REDIRECT] 
2026-02-02 17:47:59,068 [ERROR] LogOutputStream:75 - [STDERR_REDIRECT] [Fatal Error] :1:1: Premature end of file.
2026-02-02 17:47:59,069 [ERROR] LogOutputStream:75 - [STDERR_REDIRECT] 
2026-02-02 17:48:00,071 [ERROR] LogOutputStream:75 - [STDERR_REDIRECT] [Fatal Error] :1:1: Premature end of file.
2026-02-02 17:48:00,071 [ERROR] LogOutputStream:75 - [STDERR_REDIRECT] 
2026-02-02 17:48:01,065 [ERROR] LogOutputStream:75 - [STDERR_REDIRECT] [Fatal Error] :1:1: Premature end of file.
2026-02-02 17:48:01,065 [ERROR] LogOutputStream:75 - [STDERR_REDIRECT] 
2026-02-02 17:48:02,077 [ERROR] LogOutputStream:75 - [STDERR_REDIRECT] [Fatal Error] :1:1: Premature end of file.
2026-02-02 17:48:02,077 [ERROR] LogOutputStream:75 - [STDERR_REDIRECT] 
2026-02-02 17:48:03,064 [ERROR] LogOutputStream:75 - [STDERR_REDIRECT] [Fatal Error] :1:1: Premature end of file.
2026-02-02 17:48:03,064 [ERROR] LogOutputStream:75 - [STDERR_REDIRECT] 
2026-02-02 17:48:04,063 [ERROR] LogOutputStream:75 - [STDERR_REDIRECT] [Fatal Error] :1:1: Premature end of file.
2026-02-02 17:48:04,065 [ERROR] LogOutputStream:75 - [STDERR_REDIRECT] 
2026-02-02 17:48:05,068 [ERROR] LogOutputStream:75 - [STDERR_REDIRECT] [Fatal Error] :1:1: Premature end of file.
2026-02-02 17:48:05,068 [ERROR] LogOutputStream:75 - [STDERR_REDIRECT] 
2026-02-02 17:48:06,083 [ERROR] LogOutputStream:75 - [STDERR_REDIRECT] [Fatal Error] :1:1: Premature end of file.
2026-02-02 17:48:06,083 [ERROR] LogOutputStream:75 - [STDERR_REDIRECT] 
2026-02-02 17:48:07,083 [ERROR] LogOutputStream:75 - [STDERR_REDIRECT] [Fatal Error] :1:1: Premature end of file.
2026-02-02 17:48:07,083 [ERROR] LogOutputStream:75 - [STDERR_REDIRECT] 
2026-02-02 17:48:08,095 [ERROR] LogOutputStream:75 - [STDERR_REDIRECT] [Fatal Error] :1:1: Premature end of file.
2026-02-02 17:48:08,095 [ERROR] LogOutputStream:75 - [STDERR_REDIRECT] 
2026-02-02 17:48:09,080 [ERROR] LogOutputStream:75 - [STDERR_REDIRECT] [Fatal Error] :1:1: Premature end of file.
2026-02-02 17:48:09,080 [ERROR] LogOutputStream:75 - [STDERR_REDIRECT] 
2026-02-02 17:48:10,093 [ERROR] LogOutputStream:75 - [STDERR_REDIRECT] [Fatal Error] :1:1: Premature end of file.
2026-02-02 17:48:10,093 [ERROR] LogOutputStream:75 - [STDERR_REDIRECT] 
2026-02-02 17:48:11,095 [ERROR] LogOutputStream:75 - [STDERR_REDIRECT] [Fatal Error] :1:1: Premature end of file.
2026-02-02 17:48:11,095 [ERROR] LogOutputStream:75 - [STDERR_REDIRECT] 
2026-02-02 17:48:12,088 [ERROR] LogOutputStream:75 - [STDERR_REDIRECT] [Fatal Error] :1:1: Premature end of file.
2026-02-02 17:48:12,089 [ERROR] LogOutputStream:75 - [STDERR_REDIRECT] 
2026-02-02 17:48:13,084 [ERROR] LogOutputStream:75 - [STDERR_REDIRECT] [Fatal Error] :1:1: Premature end of file.
2026-02-02 17:48:13,084 [ERROR] LogOutputStream:75 - [STDERR_REDIRECT] 
2026-02-02 17:48:14,083 [ERROR] LogOutputStream:75 - [STDERR_REDIRECT] [Fatal Error] :1:1: Premature end of file.
2026-02-02 17:48:14,083 [ERROR] LogOutputStream:75 - [STDERR_REDIRECT] 
2026-02-02 17:48:15,086 [ERROR] LogOutputStream:75 - [STDERR_REDIRECT] [Fatal Error] :1:1: Premature end of file.
2026-02-02 17:48:15,086 [ERROR] LogOutputStream:75 - [STDERR_REDIRECT] 
2026-02-02 17:48:16,081 [ERROR] LogOutputStream:75 - [STDERR_REDIRECT] [Fatal Error] :1:1: Premature end of file.
2026-02-02 17:48:16,081 [ERROR] LogOutputStream:75 - [STDERR_REDIRECT] 
2026-02-02 17:48:17,073 [ERROR] LogOutputStream:75 - [STDERR_REDIRECT] [Fatal Error] :1:1: Premature end of file.
2026-02-02 17:48:17,073 [ERROR] LogOutputStream:75 - [STDERR_REDIRECT] 
2026-02-02 17:48:18,076 [ERROR] LogOutputStream:75 - [STDERR_REDIRECT] [Fatal Error] :1:1: Premature end of file.
2026-02-02 17:48:18,076 [ERROR] LogOutputStream:75 - [STDERR_REDIRECT] 
2026-02-02 17:48:19,079 [ERROR] LogOutputStream:75 - [STDERR_REDIRECT] [Fatal Error] :1:1: Premature end of file.
2026-02-02 17:48:19,079 [ERROR] LogOutputStream:75 - [STDERR_REDIRECT] 
2026-02-02 17:48:20,074 [ERROR] LogOutputStream:75 - [STDERR_REDIRECT] [Fatal Error] :1:1: Premature end of file.
2026-02-02 17:48:20,075 [ERROR] LogOutputStream:75 - [STDERR_REDIRECT] 
2026-02-02 17:48:21,076 [ERROR] LogOutputStream:75 - [STDERR_REDIRECT] [Fatal Error] :1:1: Premature end of file.
2026-02-02 17:48:21,076 [ERROR] LogOutputStream:75 - [STDERR_REDIRECT] 
2026-02-02 17:48:22,084 [ERROR] LogOutputStream:75 - [STDERR_REDIRECT] [Fatal Error] :1:1: Premature end of file.
2026-02-02 17:48:22,084 [ERROR] LogOutputStream:75 - [STDERR_REDIRECT] 
2026-02-02 17:48:23,089 [ERROR] LogOutputStream:75 - [STDERR_REDIRECT] [Fatal Error] :1:1: Premature end of file.
2026-02-02 17:48:23,089 [ERROR] LogOutputStream:75 - [STDERR_REDIRECT] 
2026-02-02 17:48:24,109 [ERROR] LogOutputStream:75 - [STDERR_REDIRECT] [Fatal Error] :1:1: Premature end of file.
2026-02-02 17:48:24,109 [ERROR] LogOutputStream:75 - [STDERR_REDIRECT] 
2026-02-02 17:48:25,081 [ERROR] LogOutputStream:75 - [STDERR_REDIRECT] [Fatal Error] :1:1: Premature end of file.
2026-02-02 17:48:25,081 [ERROR] LogOutputStream:75 - [STDERR_REDIRECT] 
2026-02-02 17:48:26,087 [ERROR] LogOutputStream:75 - [STDERR_REDIRECT] [Fatal Error] :1:1: Premature end of file.
2026-02-02 17:48:26,087 [ERROR] LogOutputStream:75 - [STDERR_REDIRECT] 
2026-02-02 17:48:27,078 [ERROR] LogOutputStream:75 - [STDERR_REDIRECT] [Fatal Error] :1:1: Premature end of file.
2026-02-02 17:48:27,078 [ERROR] LogOutputStream:75 - [STDERR_REDIRECT] 
2026-02-02 17:48:28,080 [ERROR] LogOutputStream:75 - [STDERR_REDIRECT] [Fatal Error] :1:1: Premature end of file.
2026-02-02 17:48:28,080 [ERROR] LogOutputStream:75 - [STDERR_REDIRECT] 
2026-02-02 17:48:29,080 [ERROR] LogOutputStream:75 - [STDERR_REDIRECT] [Fatal Error] :1:1: Premature end of file.
2026-02-02 17:48:29,080 [ERROR] LogOutputStream:75 - [STDERR_REDIRECT] 
2026-02-02 17:48:30,082 [ERROR] LogOutputStream:75 - [STDERR_REDIRECT] [Fatal Error] :1:1: Premature end of file.
2026-02-02 17:48:30,082 [ERROR] LogOutputStream:75 - [STDERR_REDIRECT] 
2026-02-02 17:48:31,083 [ERROR] LogOutputStream:75 - [STDERR_REDIRECT] [Fatal Error] :1:1: Premature end of file.
2026-02-02 17:48:31,083 [ERROR] LogOutputStream:75 - [STDERR_REDIRECT] 
2026-02-02 17:48:32,081 [ERROR] LogOutputStream:75 - [STDERR_REDIRECT] [Fatal Error] :1:1: Premature end of file.
2026-02-02 17:48:32,081 [ERROR] LogOutputStream:75 - [STDERR_REDIRECT] 
2026-02-02 17:48:33,084 [ERROR] LogOutputStream:75 - [STDERR_REDIRECT] [Fatal Error] :1:1: Premature end of file.
2026-02-02 17:48:33,084 [ERROR] LogOutputStream:75 - [STDERR_REDIRECT] 
2026-02-02 17:48:34,076 [ERROR] LogOutputStream:75 - [STDERR_REDIRECT] [Fatal Error] :1:1: Premature end of file.
2026-02-02 17:48:34,076 [ERROR] LogOutputStream:75 - [STDERR_REDIRECT] 
2026-02-02 17:48:35,082 [ERROR] LogOutputStream:75 - [STDERR_REDIRECT] [Fatal Error] :1:1: Premature end of file.
2026-02-02 17:48:35,082 [ERROR] LogOutputStream:75 - [STDERR_REDIRECT] 
2026-02-02 17:48:36,076 [ERROR] LogOutputStream:75 - [STDERR_REDIRECT] [Fatal Error] :1:1: Premature end of file.
2026-02-02 17:48:36,076 [ERROR] LogOutputStream:75 - [STDERR_REDIRECT] 
2026-02-02 17:48:37,074 [ERROR] LogOutputStream:75 - [STDERR_REDIRECT] [Fatal Error] :1:1: Premature end of file.
2026-02-02 17:48:37,075 [ERROR] LogOutputStream:75 - [STDERR_REDIRECT] 
2026-02-02 17:48:38,081 [ERROR] LogOutputStream:75 - [STDERR_REDIRECT] [Fatal Error] :1:1: Premature end of file.
2026-02-02 17:48:38,081 [ERROR] LogOutputStream:75 - [STDERR_REDIRECT] 
2026-02-02 17:48:39,081 [ERROR] LogOutputStream:75 - [STDERR_REDIRECT] [Fatal Error] :1:1: Premature end of file.
2026-02-02 17:48:39,081 [ERROR] LogOutputStream:75 - [STDERR_REDIRECT] 
2026-02-02 17:48:40,084 [ERROR] LogOutputStream:75 - [STDERR_REDIRECT] [Fatal Error] :1:1: Premature end of file.
2026-02-02 17:48:40,084 [ERROR] LogOutputStream:75 - [STDERR_REDIRECT] 
2026-02-02 17:48:41,079 [ERROR] LogOutputStream:75 - [STDERR_REDIRECT] [Fatal Error] :1:1: Premature end of file.
2026-02-02 17:48:41,079 [ERROR] LogOutputStream:75 - [STDERR_REDIRECT] 
2026-02-02 17:48:42,072 [ERROR] LogOutputStream:75 - [STDERR_REDIRECT] [Fatal Error] :1:1: Premature end of file.
2026-02-02 17:48:42,072 [ERROR] LogOutputStream:75 - [STDERR_REDIRECT] 
2026-02-02 17:48:43,083 [ERROR] LogOutputStream:75 - [STDERR_REDIRECT] [Fatal Error] :1:1: Premature end of file.
2026-02-02 17:48:43,083 [ERROR] LogOutputStream:75 - [STDERR_REDIRECT] 
2026-02-02 17:48:44,077 [ERROR] LogOutputStream:75 - [STDERR_REDIRECT] [Fatal Error] :1:1: Premature end of file.
2026-02-02 17:48:44,077 [ERROR] LogOutputStream:75 - [STDERR_REDIRECT] 
2026-02-02 17:48:45,085 [ERROR] LogOutputStream:75 - [STDERR_REDIRECT] [Fatal Error] :1:1: Premature end of file.
2026-02-02 17:48:45,086 [ERROR] LogOutputStream:75 - [STDERR_REDIRECT] 
2026-02-02 17:48:46,087 [ERROR] LogOutputStream:75 - [STDERR_REDIRECT] [Fatal Error] :1:1: Premature end of file.
2026-02-02 17:48:46,087 [ERROR] LogOutputStream:75 - [STDERR_REDIRECT] 
2026-02-02 17:48:47,093 [ERROR] LogOutputStream:75 - [STDERR_REDIRECT] [Fatal Error] :1:1: Premature end of file.
2026-02-02 17:48:47,094 [ERROR] LogOutputStream:75 - [STDERR_REDIRECT] 
2026-02-02 17:48:48,083 [ERROR] LogOutputStream:75 - [STDERR_REDIRECT] [Fatal Error] :1:1: Premature end of file.
2026-02-02 17:48:48,083 [ERROR] LogOutputStream:75 - [STDERR_REDIRECT] 
2026-02-02 17:48:49,080 [ERROR] LogOutputStream:75 - [STDERR_REDIRECT] [Fatal Error] :1:1: Premature end of file.
2026-02-02 17:48:49,080 [ERROR] LogOutputStream:75 - [STDERR_REDIRECT] 
2026-02-02 17:48:50,083 [ERROR] LogOutputStream:75 - [STDERR_REDIRECT] [Fatal Error] :1:1: Premature end of file.
2026-02-02 17:48:50,083 [ERROR] LogOutputStream:75 - [STDERR_REDIRECT] 
2026-02-02 17:48:51,087 [ERROR] LogOutputStream:75 - [STDERR_REDIRECT] [Fatal Error] :1:1: Premature end of file.
2026-02-02 17:48:51,087 [ERROR] LogOutputStream:75 - [STDERR_REDIRECT] 
2026-02-02 17:48:52,086 [ERROR] LogOutputStream:75 - [STDERR_REDIRECT] [Fatal Error] :1:1: Premature end of file.
2026-02-02 17:48:52,086 [ERROR] LogOutputStream:75 - [STDERR_REDIRECT] 
2026-02-02 17:48:53,082 [ERROR] LogOutputStream:75 - [STDERR_REDIRECT] [Fatal Error] :1:1: Premature end of file.
2026-02-02 17:48:53,082 [ERROR] LogOutputStream:75 - [STDERR_REDIRECT] 
2026-02-02 17:48:54,090 [ERROR] LogOutputStream:75 - [STDERR_REDIRECT] [Fatal Error] :1:1: Premature end of file.
2026-02-02 17:48:54,090 [ERROR] LogOutputStream:75 - [STDERR_REDIRECT] 
2026-02-02 17:48:55,068 [ERROR] LogOutputStream:75 - [STDERR_REDIRECT] [Fatal Error] :1:1: Premature end of file.
2026-02-02 17:48:55,068 [ERROR] LogOutputStream:75 - [STDERR_REDIRECT] 
2026-02-02 17:48:56,090 [ERROR] LogOutputStream:75 - [STDERR_REDIRECT] [Fatal Error] :1:1: Premature end of file.
2026-02-02 17:48:56,090 [ERROR] LogOutputStream:75 - [STDERR_REDIRECT] 
2026-02-02 17:48:57,076 [ERROR] LogOutputStream:75 - [STDERR_REDIRECT] [Fatal Error] :1:1: Premature end of file.
2026-02-02 17:48:57,077 [ERROR] LogOutputStream:75 - [STDERR_REDIRECT] 
2026-02-02 17:48:58,076 [ERROR] LogOutputStream:75 - [STDERR_REDIRECT] [Fatal Error] :1:1: Premature end of file.
2026-02-02 17:48:58,076 [ERROR] LogOutputStream:75 - [STDERR_REDIRECT] 
2026-02-02 17:48:59,080 [ERROR] LogOutputStream:75 - [STDERR_REDIRECT] [Fatal Error] :1:1: Premature end of file.
2026-02-02 17:48:59,080 [ERROR] LogOutputStream:75 - [STDERR_REDIRECT] 
2026-02-02 17:49:00,083 [ERROR] LogOutputStream:75 - [STDERR_REDIRECT] [Fatal Error] :1:1: Premature end of file.
2026-02-02 17:49:00,084 [ERROR] LogOutputStream:75 - [STDERR_REDIRECT] 
2026-02-02 17:49:01,086 [ERROR] LogOutputStream:75 - [STDERR_REDIRECT] [Fatal Error] :1:1: Premature end of file.
2026-02-02 17:49:01,086 [ERROR] LogOutputStream:75 - [STDERR_REDIRECT] 
2026-02-02 17:49:02,096 [ERROR] LogOutputStream:75 - [STDERR_REDIRECT] [Fatal Error] :1:1: Premature end of file.
2026-02-02 17:49:02,096 [ERROR] LogOutputStream:75 - [STDERR_REDIRECT] 
2026-02-02 17:49:03,072 [ERROR] LogOutputStream:75 - [STDERR_REDIRECT] [Fatal Error] :1:1: Premature end of file.
2026-02-02 17:49:03,072 [ERROR] LogOutputStream:75 - [STDERR_REDIRECT] 
2026-02-02 17:49:04,076 [ERROR] LogOutputStream:75 - [STDERR_REDIRECT] [Fatal Error] :1:1: Premature end of file.
2026-02-02 17:49:04,076 [ERROR] LogOutputStream:75 - [STDERR_REDIRECT] 
2026-02-02 17:49:05,078 [ERROR] LogOutputStream:75 - [STDERR_REDIRECT] [Fatal Error] :1:1: Premature end of file.
2026-02-02 17:49:05,078 [ERROR] LogOutputStream:75 - [STDERR_REDIRECT] 
2026-02-02 17:49:06,073 [ERROR] LogOutputStream:75 - [STDERR_REDIRECT] [Fatal Error] :1:1: Premature end of file.
2026-02-02 17:49:06,073 [ERROR] LogOutputStream:75 - [STDERR_REDIRECT] 
2026-02-02 17:49:07,084 [ERROR] LogOutputStream:75 - [STDERR_REDIRECT] [Fatal Error] :1:1: Premature end of file.
2026-02-02 17:49:07,084 [ERROR] LogOutputStream:75 - [STDERR_REDIRECT] 
2026-02-02 17:49:08,085 [ERROR] LogOutputStream:75 - [STDERR_REDIRECT] [Fatal Error] :1:1: Premature end of file.
2026-02-02 17:49:08,085 [ERROR] LogOutputStream:75 - [STDERR_REDIRECT] 
2026-02-02 17:49:09,070 [ERROR] LogOutputStream:75 - [STDERR_REDIRECT] [Fatal Error] :1:1: Premature end of file.
2026-02-02 17:49:09,070 [ERROR] LogOutputStream:75 - [STDERR_REDIRECT] 
2026-02-02 17:49:10,082 [ERROR] LogOutputStream:75 - [STDERR_REDIRECT] [Fatal Error] :1:1: Premature end of file.
2026-02-02 17:49:10,082 [ERROR] LogOutputStream:75 - [STDERR_REDIRECT] 
2026-02-02 17:49:11,088 [ERROR] LogOutputStream:75 - [STDERR_REDIRECT] [Fatal Error] :1:1: Premature end of file.
2026-02-02 17:49:11,089 [ERROR] LogOutputStream:75 - [STDERR_REDIRECT] 
2026-02-02 17:49:12,087 [ERROR] LogOutputStream:75 - [STDERR_REDIRECT] [Fatal Error] :1:1: Premature end of file.
2026-02-02 17:49:12,087 [ERROR] LogOutputStream:75 - [STDERR_REDIRECT] 
2026-02-02 17:49:13,080 [ERROR] LogOutputStream:75 - [STDERR_REDIRECT] [Fatal Error] :1:1: Premature end of file.
2026-02-02 17:49:13,080 [ERROR] LogOutputStream:75 - [STDERR_REDIRECT] 
2026-02-02 17:49:14,079 [ERROR] LogOutputStream:75 - [STDERR_REDIRECT] [Fatal Error] :1:1: Premature end of file.
2026-02-02 17:49:14,081 [ERROR] LogOutputStream:75 - [STDERR_REDIRECT] 
2026-02-02 17:49:15,069 [ERROR] LogOutputStream:75 - [STDERR_REDIRECT] [Fatal Error] :1:1: Premature end of file.
2026-02-02 17:49:15,070 [ERROR] LogOutputStream:75 - [STDERR_REDIRECT] 
2026-02-02 17:49:16,082 [ERROR] LogOutputStream:75 - [STDERR_REDIRECT] [Fatal Error] :1:1: Premature end of file.
2026-02-02 17:49:16,082 [ERROR] LogOutputStream:75 - [STDERR_REDIRECT] 
2026-02-02 17:49:17,080 [ERROR] LogOutputStream:75 - [STDERR_REDIRECT] [Fatal Error] :1:1: Premature end of file.
2026-02-02 17:49:17,081 [ERROR] LogOutputStream:75 - [STDERR_REDIRECT] 
2026-02-02 17:49:18,075 [ERROR] LogOutputStream:75 - [STDERR_REDIRECT] [Fatal Error] :1:1: Premature end of file.
2026-02-02 17:49:18,075 [ERROR] LogOutputStream:75 - [STDERR_REDIRECT] 
2026-02-02 17:49:19,074 [ERROR] LogOutputStream:75 - [STDERR_REDIRECT] [Fatal Error] :1:1: Premature end of file.
2026-02-02 17:49:19,074 [ERROR] LogOutputStream:75 - [STDERR_REDIRECT] 
2026-02-02 17:49:20,085 [ERROR] LogOutputStream:75 - [STDERR_REDIRECT] [Fatal Error] :1:1: Premature end of file.
2026-02-02 17:49:20,085 [ERROR] LogOutputStream:75 - [STDERR_REDIRECT] 
2026-02-02 17:49:21,074 [ERROR] LogOutputStream:75 - [STDERR_REDIRECT] [Fatal Error] :1:1: Premature end of file.
2026-02-02 17:49:21,074 [ERROR] LogOutputStream:75 - [STDERR_REDIRECT] 
2026-02-02 17:49:22,086 [ERROR] LogOutputStream:75 - [STDERR_REDIRECT] [Fatal Error] :1:1: Premature end of file.
2026-02-02 17:49:22,086 [ERROR] LogOutputStream:75 - [STDERR_REDIRECT] 
2026-02-02 17:49:23,078 [ERROR] LogOutputStream:75 - [STDERR_REDIRECT] [Fatal Error] :1:1: Premature end of file.
2026-02-02 17:49:23,078 [ERROR] LogOutputStream:75 - [STDERR_REDIRECT] 
2026-02-02 17:49:24,074 [ERROR] LogOutputStream:75 - [STDERR_REDIRECT] [Fatal Error] :1:1: Premature end of file.
2026-02-02 17:49:24,074 [ERROR] LogOutputStream:75 - [STDERR_REDIRECT] 
2026-02-02 17:49:25,077 [ERROR] LogOutputStream:75 - [STDERR_REDIRECT] [Fatal Error] :1:1: Premature end of file.
2026-02-02 17:49:25,077 [ERROR] LogOutputStream:75 - [STDERR_REDIRECT] 
2026-02-02 17:49:26,074 [ERROR] LogOutputStream:75 - [STDERR_REDIRECT] [Fatal Error] :1:1: Premature end of file.
2026-02-02 17:49:26,074 [ERROR] LogOutputStream:75 - [STDERR_REDIRECT] 
2026-02-02 17:49:27,089 [ERROR] LogOutputStream:75 - [STDERR_REDIRECT] [Fatal Error] :1:1: Premature end of file.
2026-02-02 17:49:27,089 [ERROR] LogOutputStream:75 - [STDERR_REDIRECT] 
2026-02-02 17:49:28,084 [ERROR] LogOutputStream:75 - [STDERR_REDIRECT] [Fatal Error] :1:1: Premature end of file.
2026-02-02 17:49:28,084 [ERROR] LogOutputStream:75 - [STDERR_REDIRECT] 
2026-02-02 17:49:29,081 [ERROR] LogOutputStream:75 - [STDERR_REDIRECT] [Fatal Error] :1:1: Premature end of file.
2026-02-02 17:49:29,081 [ERROR] LogOutputStream:75 - [STDERR_REDIRECT] 
2026-02-02 17:49:30,075 [ERROR] LogOutputStream:75 - [STDERR_REDIRECT] [Fatal Error] :1:1: Premature end of file.
2026-02-02 17:49:30,075 [ERROR] LogOutputStream:75 - [STDERR_REDIRECT] 
2026-02-02 17:49:31,086 [ERROR] LogOutputStream:75 - [STDERR_REDIRECT] [Fatal Error] :1:1: Premature end of file.
2026-02-02 17:49:31,087 [ERROR] LogOutputStream:75 - [STDERR_REDIRECT] 
2026-02-02 17:49:32,079 [ERROR] LogOutputStream:75 - [STDERR_REDIRECT] [Fatal Error] :1:1: Premature end of file.
2026-02-02 17:49:32,079 [ERROR] LogOutputStream:75 - [STDERR_REDIRECT] 
2026-02-02 17:49:33,078 [ERROR] LogOutputStream:75 - [STDERR_REDIRECT] [Fatal Error] :1:1: Premature end of file.
2026-02-02 17:49:33,078 [ERROR] LogOutputStream:75 - [STDERR_REDIRECT] 
2026-02-02 17:49:34,082 [ERROR] LogOutputStream:75 - [STDERR_REDIRECT] [Fatal Error] :1:1: Premature end of file.
2026-02-02 17:49:34,082 [ERROR] LogOutputStream:75 - [STDERR_REDIRECT] 
2026-02-02 17:49:35,082 [ERROR] LogOutputStream:75 - [STDERR_REDIRECT] [Fatal Error] :1:1: Premature end of file.
2026-02-02 17:49:35,082 [ERROR] LogOutputStream:75 - [STDERR_REDIRECT] 
2026-02-02 17:49:36,078 [ERROR] LogOutputStream:75 - [STDERR_REDIRECT] [Fatal Error] :1:1: Premature end of file.
2026-02-02 17:49:36,078 [ERROR] LogOutputStream:75 - [STDERR_REDIRECT] 
2026-02-02 17:49:37,086 [ERROR] LogOutputStream:75 - [STDERR_REDIRECT] [Fatal Error] :1:1: Premature end of file.
2026-02-02 17:49:37,087 [ERROR] LogOutputStream:75 - [STDERR_REDIRECT] 
2026-02-02 17:49:38,090 [ERROR] LogOutputStream:75 - [STDERR_REDIRECT] [Fatal Error] :1:1: Premature end of file.
2026-02-02 17:49:38,092 [ERROR] LogOutputStream:75 - [STDERR_REDIRECT] 
2026-02-02 17:49:39,077 [ERROR] LogOutputStream:75 - [STDERR_REDIRECT] [Fatal Error] :1:1: Premature end of file.
2026-02-02 17:49:39,077 [ERROR] LogOutputStream:75 - [STDERR_REDIRECT] 
2026-02-02 17:49:40,077 [ERROR] LogOutputStream:75 - [STDERR_REDIRECT] [Fatal Error] :1:1: Premature end of file.
2026-02-02 17:49:40,077 [ERROR] LogOutputStream:75 - [STDERR_REDIRECT] 
2026-02-02 17:49:41,081 [ERROR] LogOutputStream:75 - [STDERR_REDIRECT] [Fatal Error] :1:1: Premature end of file.
2026-02-02 17:49:41,081 [ERROR] LogOutputStream:75 - [STDERR_REDIRECT] 
2026-02-02 17:49:42,080 [ERROR] LogOutputStream:75 - [STDERR_REDIRECT] [Fatal Error] :1:1: Premature end of file.
2026-02-02 17:49:42,080 [ERROR] LogOutputStream:75 - [STDERR_REDIRECT] 
2026-02-02 17:49:43,082 [ERROR] LogOutputStream:75 - [STDERR_REDIRECT] [Fatal Error] :1:1: Premature end of file.
2026-02-02 17:49:43,082 [ERROR] LogOutputStream:75 - [STDERR_REDIRECT] 
2026-02-02 17:49:44,081 [ERROR] LogOutputStream:75 - [STDERR_REDIRECT] [Fatal Error] :1:1: Premature end of file.
2026-02-02 17:49:44,081 [ERROR] LogOutputStream:75 - [STDERR_REDIRECT] 
2026-02-02 17:49:45,073 [ERROR] LogOutputStream:75 - [STDERR_REDIRECT] [Fatal Error] :1:1: Premature end of file.
2026-02-02 17:49:45,073 [ERROR] LogOutputStream:75 - [STDERR_REDIRECT] 
2026-02-02 17:49:46,076 [ERROR] LogOutputStream:75 - [STDERR_REDIRECT] [Fatal Error] :1:1: Premature end of file.
2026-02-02 17:49:46,076 [ERROR] LogOutputStream:75 - [STDERR_REDIRECT] 
2026-02-02 17:49:47,080 [ERROR] LogOutputStream:75 - [STDERR_REDIRECT] [Fatal Error] :1:1: Premature end of file.
2026-02-02 17:49:47,080 [ERROR] LogOutputStream:75 - [STDERR_REDIRECT] 
2026-02-02 17:49:48,073 [ERROR] LogOutputStream:75 - [STDERR_REDIRECT] [Fatal Error] :1:1: Premature end of file.
2026-02-02 17:49:48,074 [ERROR] LogOutputStream:75 - [STDERR_REDIRECT] 
2026-02-02 17:49:49,088 [ERROR] LogOutputStream:75 - [STDERR_REDIRECT] [Fatal Error] :1:1: Premature end of file.
2026-02-02 17:49:49,088 [ERROR] LogOutputStream:75 - [STDERR_REDIRECT] 
2026-02-02 17:49:50,073 [ERROR] LogOutputStream:75 - [STDERR_REDIRECT] [Fatal Error] :1:1: Premature end of file.
2026-02-02 17:49:50,073 [ERROR] LogOutputStream:75 - [STDERR_REDIRECT] 
2026-02-02 17:49:51,074 [ERROR] LogOutputStream:75 - [STDERR_REDIRECT] [Fatal Error] :1:1: Premature end of file.
2026-02-02 17:49:51,074 [ERROR] LogOutputStream:75 - [STDERR_REDIRECT] 
2026-02-02 17:49:52,082 [ERROR] LogOutputStream:75 - [STDERR_REDIRECT] [Fatal Error] :1:1: Premature end of file.
2026-02-02 17:49:52,082 [ERROR] LogOutputStream:75 - [STDERR_REDIRECT] 
2026-02-02 17:49:53,074 [ERROR] LogOutputStream:75 - [STDERR_REDIRECT] [Fatal Error] :1:1: Premature end of file.
2026-02-02 17:49:53,074 [ERROR] LogOutputStream:75 - [STDERR_REDIRECT] 
2026-02-02 17:49:54,073 [ERROR] LogOutputStream:75 - [STDERR_REDIRECT] [Fatal Error] :1:1: Premature end of file.
2026-02-02 17:49:54,073 [ERROR] LogOutputStream:75 - [STDERR_REDIRECT] 
2026-02-02 17:49:55,083 [ERROR] LogOutputStream:75 - [STDERR_REDIRECT] [Fatal Error] :1:1: Premature end of file.
2026-02-02 17:49:55,083 [ERROR] LogOutputStream:75 - [STDERR_REDIRECT] 
2026-02-02 17:49:56,084 [ERROR] LogOutputStream:75 - [STDERR_REDIRECT] [Fatal Error] :1:1: Premature end of file.
2026-02-02 17:49:56,084 [ERROR] LogOutputStream:75 - [STDERR_REDIRECT] 
2026-02-02 17:49:57,079 [ERROR] LogOutputStream:75 - [STDERR_REDIRECT] [Fatal Error] :1:1: Premature end of file.
2026-02-02 17:49:57,079 [ERROR] LogOutputStream:75 - [STDERR_REDIRECT] 
2026-02-02 17:49:58,084 [ERROR] LogOutputStream:75 - [STDERR_REDIRECT] [Fatal Error] :1:1: Premature end of file.
2026-02-02 17:49:58,084 [ERROR] LogOutputStream:75 - [STDERR_REDIRECT] 
2026-02-02 17:49:59,086 [ERROR] LogOutputStream:75 - [STDERR_REDIRECT] [Fatal Error] :1:1: Premature end of file.
2026-02-02 17:49:59,086 [ERROR] LogOutputStream:75 - [STDERR_REDIRECT] 
2026-02-02 17:50:00,073 [ERROR] LogOutputStream:75 - [STDERR_REDIRECT] [Fatal Error] :1:1: Premature end of file.
2026-02-02 17:50:00,073 [ERROR] LogOutputStream:75 - [STDERR_REDIRECT] 
2026-02-02 17:50:01,077 [ERROR] LogOutputStream:75 - [STDERR_REDIRECT] [Fatal Error] :1:1: Premature end of file.
2026-02-02 17:50:01,077 [ERROR] LogOutputStream:75 - [STDERR_REDIRECT] 
2026-02-02 17:50:02,073 [ERROR] LogOutputStream:75 - [STDERR_REDIRECT] [Fatal Error] :1:1: Premature end of file.
2026-02-02 17:50:02,073 [ERROR] LogOutputStream:75 - [STDERR_REDIRECT] 
2026-02-02 17:50:03,076 [ERROR] LogOutputStream:75 - [STDERR_REDIRECT] [Fatal Error] :1:1: Premature end of file.
2026-02-02 17:50:03,076 [ERROR] LogOutputStream:75 - [STDERR_REDIRECT] 
2026-02-02 17:50:04,079 [ERROR] LogOutputStream:75 - [STDERR_REDIRECT] [Fatal Error] :1:1: Premature end of file.
2026-02-02 17:50:04,079 [ERROR] LogOutputStream:75 - [STDERR_REDIRECT] 
2026-02-02 17:50:05,075 [ERROR] LogOutputStream:75 - [STDERR_REDIRECT] [Fatal Error] :1:1: Premature end of file.
2026-02-02 17:50:05,075 [ERROR] LogOutputStream:75 - [STDERR_REDIRECT] 
2026-02-02 17:50:06,075 [ERROR] LogOutputStream:75 - [STDERR_REDIRECT] [Fatal Error] :1:1: Premature end of file.
2026-02-02 17:50:06,076 [ERROR] LogOutputStream:75 - [STDERR_REDIRECT] 
2026-02-02 17:50:07,082 [ERROR] LogOutputStream:75 - [STDERR_REDIRECT] [Fatal Error] :1:1: Premature end of file.
2026-02-02 17:50:07,082 [ERROR] LogOutputStream:75 - [STDERR_REDIRECT] 
2026-02-02 17:50:08,078 [ERROR] LogOutputStream:75 - [STDERR_REDIRECT] [Fatal Error] :1:1: Premature end of file.
2026-02-02 17:50:08,078 [ERROR] LogOutputStream:75 - [STDERR_REDIRECT] 
2026-02-02 17:50:09,075 [ERROR] LogOutputStream:75 - [STDERR_REDIRECT] [Fatal Error] :1:1: Premature end of file.
2026-02-02 17:50:09,075 [ERROR] LogOutputStream:75 - [STDERR_REDIRECT] 
2026-02-02 17:50:10,075 [ERROR] LogOutputStream:75 - [STDERR_REDIRECT] [Fatal Error] :1:1: Premature end of file.
2026-02-02 17:50:10,075 [ERROR] LogOutputStream:75 - [STDERR_REDIRECT] 
2026-02-02 17:50:11,084 [ERROR] LogOutputStream:75 - [STDERR_REDIRECT] [Fatal Error] :1:1: Premature end of file.
2026-02-02 17:50:11,085 [ERROR] LogOutputStream:75 - [STDERR_REDIRECT] 
2026-02-02 17:50:12,081 [ERROR] LogOutputStream:75 - [STDERR_REDIRECT] [Fatal Error] :1:1: Premature end of file.
2026-02-02 17:50:12,081 [ERROR] LogOutputStream:75 - [STDERR_REDIRECT] 
2026-02-02 17:50:13,084 [ERROR] LogOutputStream:75 - [STDERR_REDIRECT] [Fatal Error] :1:1: Premature end of file.
2026-02-02 17:50:13,084 [ERROR] LogOutputStream:75 - [STDERR_REDIRECT] 
2026-02-02 17:50:14,078 [ERROR] LogOutputStream:75 - [STDERR_REDIRECT] [Fatal Error] :1:1: Premature end of file.
2026-02-02 17:50:14,078 [ERROR] LogOutputStream:75 - [STDERR_REDIRECT] 
2026-02-02 17:50:15,082 [ERROR] LogOutputStream:75 - [STDERR_REDIRECT] [Fatal Error] :1:1: Premature end of file.
2026-02-02 17:50:15,082 [ERROR] LogOutputStream:75 - [STDERR_REDIRECT] 
2026-02-02 17:50:16,070 [ERROR] LogOutputStream:75 - [STDERR_REDIRECT] [Fatal Error] :1:1: Premature end of file.
2026-02-02 17:50:16,071 [ERROR] LogOutputStream:75 - [STDERR_REDIRECT] 
2026-02-02 17:50:17,073 [ERROR] LogOutputStream:75 - [STDERR_REDIRECT] [Fatal Error] :1:1: Premature end of file.
2026-02-02 17:50:17,073 [ERROR] LogOutputStream:75 - [STDERR_REDIRECT] 
2026-02-02 17:50:18,078 [ERROR] LogOutputStream:75 - [STDERR_REDIRECT] [Fatal Error] :1:1: Premature end of file.
2026-02-02 17:50:18,078 [ERROR] LogOutputStream:75 - [STDERR_REDIRECT] 
2026-02-02 17:50:19,077 [ERROR] LogOutputStream:75 - [STDERR_REDIRECT] [Fatal Error] :1:1: Premature end of file.
2026-02-02 17:50:19,077 [ERROR] LogOutputStream:75 - [STDERR_REDIRECT] 
2026-02-02 17:50:20,084 [ERROR] LogOutputStream:75 - [STDERR_REDIRECT] [Fatal Error] :1:1: Premature end of file.
2026-02-02 17:50:20,085 [ERROR] LogOutputStream:75 - [STDERR_REDIRECT] 
2026-02-02 17:50:21,073 [ERROR] LogOutputStream:75 - [STDERR_REDIRECT] [Fatal Error] :1:1: Premature end of file.
2026-02-02 17:50:21,073 [ERROR] LogOutputStream:75 - [STDERR_REDIRECT] 
2026-02-02 17:50:22,073 [ERROR] LogOutputStream:75 - [STDERR_REDIRECT] [Fatal Error] :1:1: Premature end of file.
2026-02-02 17:50:22,073 [ERROR] LogOutputStream:75 - [STDERR_REDIRECT] 
2026-02-02 17:50:23,074 [ERROR] LogOutputStream:75 - [STDERR_REDIRECT] [Fatal Error] :1:1: Premature end of file.
2026-02-02 17:50:23,074 [ERROR] LogOutputStream:75 - [STDERR_REDIRECT] 
2026-02-02 17:50:24,078 [ERROR] LogOutputStream:75 - [STDERR_REDIRECT] [Fatal Error] :1:1: Premature end of file.
2026-02-02 17:50:24,078 [ERROR] LogOutputStream:75 - [STDERR_REDIRECT] 
2026-02-02 17:50:25,080 [ERROR] LogOutputStream:75 - [STDERR_REDIRECT] [Fatal Error] :1:1: Premature end of file.
2026-02-02 17:50:25,080 [ERROR] LogOutputStream:75 - [STDERR_REDIRECT] 
2026-02-02 17:50:26,074 [ERROR] LogOutputStream:75 - [STDERR_REDIRECT] [Fatal Error] :1:1: Premature end of file.
2026-02-02 17:50:26,074 [ERROR] LogOutputStream:75 - [STDERR_REDIRECT] 
2026-02-02 17:50:27,076 [ERROR] LogOutputStream:75 - [STDERR_REDIRECT] [Fatal Error] :1:1: Premature end of file.
2026-02-02 17:50:27,077 [ERROR] LogOutputStream:75 - [STDERR_REDIRECT] 
2026-02-02 17:50:28,085 [ERROR] LogOutputStream:75 - [STDERR_REDIRECT] [Fatal Error] :1:1: Premature end of file.
2026-02-02 17:50:28,085 [ERROR] LogOutputStream:75 - [STDERR_REDIRECT] 
2026-02-02 17:50:29,076 [ERROR] LogOutputStream:75 - [STDERR_REDIRECT] [Fatal Error] :1:1: Premature end of file.
2026-02-02 17:50:29,077 [ERROR] LogOutputStream:75 - [STDERR_REDIRECT] 
2026-02-02 17:50:30,077 [ERROR] LogOutputStream:75 - [STDERR_REDIRECT] [Fatal Error] :1:1: Premature end of file.
2026-02-02 17:50:30,077 [ERROR] LogOutputStream:75 - [STDERR_REDIRECT] 
2026-02-02 17:50:31,084 [ERROR] LogOutputStream:75 - [STDERR_REDIRECT] [Fatal Error] :1:1: Premature end of file.
2026-02-02 17:50:31,086 [ERROR] LogOutputStream:75 - [STDERR_REDIRECT] 
2026-02-02 17:50:32,074 [ERROR] LogOutputStream:75 - [STDERR_REDIRECT] [Fatal Error] :1:1: Premature end of file.
2026-02-02 17:50:32,074 [ERROR] LogOutputStream:75 - [STDERR_REDIRECT] 
2026-02-02 17:50:33,082 [ERROR] LogOutputStream:75 - [STDERR_REDIRECT] [Fatal Error] :1:1: Premature end of file.
2026-02-02 17:50:33,083 [ERROR] LogOutputStream:75 - [STDERR_REDIRECT] 
2026-02-02 17:50:34,087 [ERROR] LogOutputStream:75 - [STDERR_REDIRECT] [Fatal Error] :1:1: Premature end of file.
2026-02-02 17:50:34,087 [ERROR] LogOutputStream:75 - [STDERR_REDIRECT] 
2026-02-02 17:50:35,075 [ERROR] LogOutputStream:75 - [STDERR_REDIRECT] [Fatal Error] :1:1: Premature end of file.
2026-02-02 17:50:35,075 [ERROR] LogOutputStream:75 - [STDERR_REDIRECT] 
2026-02-02 17:50:36,076 [ERROR] LogOutputStream:75 - [STDERR_REDIRECT] [Fatal Error] :1:1: Premature end of file.
2026-02-02 17:50:36,076 [ERROR] LogOutputStream:75 - [STDERR_REDIRECT] 
2026-02-02 17:50:37,075 [ERROR] LogOutputStream:75 - [STDERR_REDIRECT] [Fatal Error] :1:1: Premature end of file.
2026-02-02 17:50:37,075 [ERROR] LogOutputStream:75 - [STDERR_REDIRECT] 
2026-02-02 17:50:38,076 [ERROR] LogOutputStream:75 - [STDERR_REDIRECT] [Fatal Error] :1:1: Premature end of file.
2026-02-02 17:50:38,076 [ERROR] LogOutputStream:75 - [STDERR_REDIRECT] 
2026-02-02 17:50:39,075 [ERROR] LogOutputStream:75 - [STDERR_REDIRECT] [Fatal Error] :1:1: Premature end of file.
2026-02-02 17:50:39,075 [ERROR] LogOutputStream:75 - [STDERR_REDIRECT] 
2026-02-02 17:50:40,085 [ERROR] LogOutputStream:75 - [STDERR_REDIRECT] [Fatal Error] :1:1: Premature end of file.
2026-02-02 17:50:40,085 [ERROR] LogOutputStream:75 - [STDERR_REDIRECT] 
2026-02-02 17:50:41,084 [ERROR] LogOutputStream:75 - [STDERR_REDIRECT] [Fatal Error] :1:1: Premature end of file.
2026-02-02 17:50:41,084 [ERROR] LogOutputStream:75 - [STDERR_REDIRECT] 
2026-02-02 17:50:42,084 [ERROR] LogOutputStream:75 - [STDERR_REDIRECT] [Fatal Error] :1:1: Premature end of file.
2026-02-02 17:50:42,085 [ERROR] LogOutputStream:75 - [STDERR_REDIRECT] 
2026-02-02 17:50:43,084 [ERROR] LogOutputStream:75 - [STDERR_REDIRECT] [Fatal Error] :1:1: Premature end of file.
2026-02-02 17:50:43,084 [ERROR] LogOutputStream:75 - [STDERR_REDIRECT] 
2026-02-02 17:50:44,073 [ERROR] LogOutputStream:75 - [STDERR_REDIRECT] [Fatal Error] :1:1: Premature end of file.
2026-02-02 17:50:44,073 [ERROR] LogOutputStream:75 - [STDERR_REDIRECT] 
2026-02-02 17:50:45,079 [ERROR] LogOutputStream:75 - [STDERR_REDIRECT] [Fatal Error] :1:1: Premature end of file.
2026-02-02 17:50:45,079 [ERROR] LogOutputStream:75 - [STDERR_REDIRECT] 
2026-02-02 17:50:46,074 [ERROR] LogOutputStream:75 - [STDERR_REDIRECT] [Fatal Error] :1:1: Premature end of file.
2026-02-02 17:50:46,074 [ERROR] LogOutputStream:75 - [STDERR_REDIRECT] 
2026-02-02 17:50:47,074 [ERROR] LogOutputStream:75 - [STDERR_REDIRECT] [Fatal Error] :1:1: Premature end of file.
2026-02-02 17:50:47,074 [ERROR] LogOutputStream:75 - [STDERR_REDIRECT] 
2026-02-02 17:50:48,079 [ERROR] LogOutputStream:75 - [STDERR_REDIRECT] [Fatal Error] :1:1: Premature end of file.
2026-02-02 17:50:48,079 [ERROR] LogOutputStream:75 - [STDERR_REDIRECT] 
2026-02-02 17:50:49,085 [ERROR] LogOutputStream:75 - [STDERR_REDIRECT] [Fatal Error] :1:1: Premature end of file.
2026-02-02 17:50:49,086 [ERROR] LogOutputStream:75 - [STDERR_REDIRECT] 
2026-02-02 17:50:50,075 [ERROR] LogOutputStream:75 - [STDERR_REDIRECT] [Fatal Error] :1:1: Premature end of file.
2026-02-02 17:50:50,076 [ERROR] LogOutputStream:75 - [STDERR_REDIRECT] 
2026-02-02 17:50:51,071 [ERROR] LogOutputStream:75 - [STDERR_REDIRECT] [Fatal Error] :1:1: Premature end of file.
2026-02-02 17:50:51,071 [ERROR] LogOutputStream:75 - [STDERR_REDIRECT] 
2026-02-02 17:50:52,074 [ERROR] LogOutputStream:75 - [STDERR_REDIRECT] [Fatal Error] :1:1: Premature end of file.
2026-02-02 17:50:52,074 [ERROR] LogOutputStream:75 - [STDERR_REDIRECT] 
2026-02-02 17:50:53,068 [ERROR] LogOutputStream:75 - [STDERR_REDIRECT] [Fatal Error] :1:1: Premature end of file.
2026-02-02 17:50:53,069 [ERROR] LogOutputStream:75 - [STDERR_REDIRECT] 
2026-02-02 17:50:54,075 [ERROR] LogOutputStream:75 - [STDERR_REDIRECT] [Fatal Error] :1:1: Premature end of file.
2026-02-02 17:50:54,075 [ERROR] LogOutputStream:75 - [STDERR_REDIRECT] 
2026-02-02 17:50:55,073 [ERROR] LogOutputStream:75 - [STDERR_REDIRECT] [Fatal Error] :1:1: Premature end of file.
2026-02-02 17:50:55,073 [ERROR] LogOutputStream:75 - [STDERR_REDIRECT] 
2026-02-02 17:50:56,073 [ERROR] LogOutputStream:75 - [STDERR_REDIRECT] [Fatal Error] :1:1: Premature end of file.
2026-02-02 17:50:56,073 [ERROR] LogOutputStream:75 - [STDERR_REDIRECT] 
2026-02-02 17:50:57,076 [ERROR] LogOutputStream:75 - [STDERR_REDIRECT] [Fatal Error] :1:1: Premature end of file.
2026-02-02 17:50:57,077 [ERROR] LogOutputStream:75 - [STDERR_REDIRECT] 
2026-02-02 17:50:58,065 [ERROR] LogOutputStream:75 - [STDERR_REDIRECT] [Fatal Error] :1:1: Premature end of file.
2026-02-02 17:50:58,065 [ERROR] LogOutputStream:75 - [STDERR_REDIRECT] 
2026-02-02 17:50:59,081 [ERROR] LogOutputStream:75 - [STDERR_REDIRECT] [Fatal Error] :1:1: Premature end of file.
2026-02-02 17:50:59,081 [ERROR] LogOutputStream:75 - [STDERR_REDIRECT] 
2026-02-02 17:51:00,072 [ERROR] LogOutputStream:75 - [STDERR_REDIRECT] [Fatal Error] :1:1: Premature end of file.
2026-02-02 17:51:00,072 [ERROR] LogOutputStream:75 - [STDERR_REDIRECT] 
2026-02-02 17:51:01,075 [ERROR] LogOutputStream:75 - [STDERR_REDIRECT] [Fatal Error] :1:1: Premature end of file.
2026-02-02 17:51:01,075 [ERROR] LogOutputStream:75 - [STDERR_REDIRECT] 
2026-02-02 17:51:02,070 [ERROR] LogOutputStream:75 - [STDERR_REDIRECT] [Fatal Error] :1:1: Premature end of file.
2026-02-02 17:51:02,070 [ERROR] LogOutputStream:75 - [STDERR_REDIRECT] 
2026-02-02 17:51:03,070 [ERROR] LogOutputStream:75 - [STDERR_REDIRECT] [Fatal Error] :1:1: Premature end of file.
2026-02-02 17:51:03,070 [ERROR] LogOutputStream:75 - [STDERR_REDIRECT] 
2026-02-02 17:51:04,081 [ERROR] LogOutputStream:75 - [STDERR_REDIRECT] [Fatal Error] :1:1: Premature end of file.
2026-02-02 17:51:04,081 [ERROR] LogOutputStream:75 - [STDERR_REDIRECT] 
2026-02-02 17:51:05,078 [ERROR] LogOutputStream:75 - [STDERR_REDIRECT] [Fatal Error] :1:1: Premature end of file.
2026-02-02 17:51:05,078 [ERROR] LogOutputStream:75 - [STDERR_REDIRECT] 
2026-02-02 17:51:06,069 [ERROR] LogOutputStream:75 - [STDERR_REDIRECT] [Fatal Error] :1:1: Premature end of file.
2026-02-02 17:51:06,070 [ERROR] LogOutputStream:75 - [STDERR_REDIRECT] 
2026-02-02 17:51:07,080 [ERROR] LogOutputStream:75 - [STDERR_REDIRECT] [Fatal Error] :1:1: Premature end of file.
2026-02-02 17:51:07,080 [ERROR] LogOutputStream:75 - [STDERR_REDIRECT] 
2026-02-02 17:51:08,072 [ERROR] LogOutputStream:75 - [STDERR_REDIRECT] [Fatal Error] :1:1: Premature end of file.
2026-02-02 17:51:08,085 [ERROR] LogOutputStream:75 - [STDERR_REDIRECT] 
2026-02-02 17:51:09,079 [ERROR] LogOutputStream:75 - [STDERR_REDIRECT] [Fatal Error] :1:1: Premature end of file.
2026-02-02 17:51:09,079 [ERROR] LogOutputStream:75 - [STDERR_REDIRECT] 
2026-02-02 17:51:10,099 [ERROR] LogOutputStream:75 - [STDERR_REDIRECT] [Fatal Error] :1:1: Premature end of file.
2026-02-02 17:51:10,099 [ERROR] LogOutputStream:75 - [STDERR_REDIRECT] 
2026-02-02 17:51:11,091 [ERROR] LogOutputStream:75 - [STDERR_REDIRECT] [Fatal Error] :1:1: Premature end of file.
2026-02-02 17:51:11,091 [ERROR] LogOutputStream:75 - [STDERR_REDIRECT] 
2026-02-02 17:51:12,087 [ERROR] LogOutputStream:75 - [STDERR_REDIRECT] [Fatal Error] :1:1: Premature end of file.
2026-02-02 17:51:12,087 [ERROR] LogOutputStream:75 - [STDERR_REDIRECT] 
2026-02-02 17:51:13,094 [ERROR] LogOutputStream:75 - [STDERR_REDIRECT] [Fatal Error] :1:1: Premature end of file.
2026-02-02 17:51:13,094 [ERROR] LogOutputStream:75 - [STDERR_REDIRECT] 
2026-02-02 17:51:14,099 [ERROR] LogOutputStream:75 - [STDERR_REDIRECT] [Fatal Error] :1:1: Premature end of file.
2026-02-02 17:51:14,099 [ERROR] LogOutputStream:75 - [STDERR_REDIRECT] 
2026-02-02 17:51:15,085 [ERROR] LogOutputStream:75 - [STDERR_REDIRECT] [Fatal Error] :1:1: Premature end of file.
2026-02-02 17:51:15,085 [ERROR] LogOutputStream:75 - [STDERR_REDIRECT] 
2026-02-02 17:51:16,095 [ERROR] LogOutputStream:75 - [STDERR_REDIRECT] [Fatal Error] :1:1: Premature end of file.
2026-02-02 17:51:16,095 [ERROR] LogOutputStream:75 - [STDERR_REDIRECT] 
2026-02-02 17:51:17,082 [ERROR] LogOutputStream:75 - [STDERR_REDIRECT] [Fatal Error] :1:1: Premature end of file.
2026-02-02 17:51:17,082 [ERROR] LogOutputStream:75 - [STDERR_REDIRECT] 
2026-02-02 17:51:18,077 [ERROR] LogOutputStream:75 - [STDERR_REDIRECT] [Fatal Error] :1:1: Premature end of file.
2026-02-02 17:51:18,077 [ERROR] LogOutputStream:75 - [STDERR_REDIRECT] 
2026-02-02 17:51:19,087 [ERROR] LogOutputStream:75 - [STDERR_REDIRECT] [Fatal Error] :1:1: Premature end of file.
2026-02-02 17:51:19,088 [ERROR] LogOutputStream:75 - [STDERR_REDIRECT] 
2026-02-02 17:51:20,079 [ERROR] LogOutputStream:75 - [STDERR_REDIRECT] [Fatal Error] :1:1: Premature end of file.
2026-02-02 17:51:20,080 [ERROR] LogOutputStream:75 - [STDERR_REDIRECT] 
2026-02-02 17:51:21,087 [ERROR] LogOutputStream:75 - [STDERR_REDIRECT] [Fatal Error] :1:1: Premature end of file.
2026-02-02 17:51:21,087 [ERROR] LogOutputStream:75 - [STDERR_REDIRECT] 
2026-02-02 17:51:22,073 [ERROR] LogOutputStream:75 - [STDERR_REDIRECT] [Fatal Error] :1:1: Premature end of file.
2026-02-02 17:51:22,074 [ERROR] LogOutputStream:75 - [STDERR_REDIRECT] 
2026-02-02 17:51:23,073 [ERROR] LogOutputStream:75 - [STDERR_REDIRECT] [Fatal Error] :1:1: Premature end of file.
2026-02-02 17:51:23,073 [ERROR] LogOutputStream:75 - [STDERR_REDIRECT] 
2026-02-02 17:51:24,073 [ERROR] LogOutputStream:75 - [STDERR_REDIRECT] [Fatal Error] :1:1: Premature end of file.
2026-02-02 17:51:24,073 [ERROR] LogOutputStream:75 - [STDERR_REDIRECT] 
2026-02-02 17:51:25,090 [ERROR] LogOutputStream:75 - [STDERR_REDIRECT] [Fatal Error] :1:1: Premature end of file.
2026-02-02 17:51:25,090 [ERROR] LogOutputStream:75 - [STDERR_REDIRECT] 
2026-02-02 17:51:26,078 [ERROR] LogOutputStream:75 - [STDERR_REDIRECT] [Fatal Error] :1:1: Premature end of file.
2026-02-02 17:51:26,078 [ERROR] LogOutputStream:75 - [STDERR_REDIRECT] 
2026-02-02 17:51:27,075 [ERROR] LogOutputStream:75 - [STDERR_REDIRECT] [Fatal Error] :1:1: Premature end of file.
2026-02-02 17:51:27,075 [ERROR] LogOutputStream:75 - [STDERR_REDIRECT] 
2026-02-02 17:51:28,083 [ERROR] LogOutputStream:75 - [STDERR_REDIRECT] [Fatal Error] :1:1: Premature end of file.
2026-02-02 17:51:28,084 [ERROR] LogOutputStream:75 - [STDERR_REDIRECT] 
2026-02-02 17:51:29,073 [ERROR] LogOutputStream:75 - [STDERR_REDIRECT] [Fatal Error] :1:1: Premature end of file.
2026-02-02 17:51:29,073 [ERROR] LogOutputStream:75 - [STDERR_REDIRECT] 
2026-02-02 17:51:30,080 [ERROR] LogOutputStream:75 - [STDERR_REDIRECT] [Fatal Error] :1:1: Premature end of file.
2026-02-02 17:51:30,081 [ERROR] LogOutputStream:75 - [STDERR_REDIRECT] 
2026-02-02 17:51:31,086 [ERROR] LogOutputStream:75 - [STDERR_REDIRECT] [Fatal Error] :1:1: Premature end of file.
2026-02-02 17:51:31,087 [ERROR] LogOutputStream:75 - [STDERR_REDIRECT] 
2026-02-02 17:51:32,074 [ERROR] LogOutputStream:75 - [STDERR_REDIRECT] [Fatal Error] :1:1: Premature end of file.
2026-02-02 17:51:32,074 [ERROR] LogOutputStream:75 - [STDERR_REDIRECT] 
2026-02-02 17:51:33,074 [ERROR] LogOutputStream:75 - [STDERR_REDIRECT] [Fatal Error] :1:1: Premature end of file.
2026-02-02 17:51:33,075 [ERROR] LogOutputStream:75 - [STDERR_REDIRECT] 
2026-02-02 17:51:34,086 [ERROR] LogOutputStream:75 - [STDERR_REDIRECT] [Fatal Error] :1:1: Premature end of file.
2026-02-02 17:51:34,086 [ERROR] LogOutputStream:75 - [STDERR_REDIRECT] 
2026-02-02 17:51:35,091 [ERROR] LogOutputStream:75 - [STDERR_REDIRECT] [Fatal Error] :1:1: Premature end of file.
2026-02-02 17:51:35,091 [ERROR] LogOutputStream:75 - [STDERR_REDIRECT] 
2026-02-02 17:51:36,088 [ERROR] LogOutputStream:75 - [STDERR_REDIRECT] [Fatal Error] :1:1: Premature end of file.
2026-02-02 17:51:36,088 [ERROR] LogOutputStream:75 - [STDERR_REDIRECT] 
2026-02-02 17:51:37,074 [ERROR] LogOutputStream:75 - [STDERR_REDIRECT] [Fatal Error] :1:1: Premature end of file.
2026-02-02 17:51:37,074 [ERROR] LogOutputStream:75 - [STDERR_REDIRECT] 
2026-02-02 17:51:38,077 [ERROR] LogOutputStream:75 - [STDERR_REDIRECT] [Fatal Error] :1:1: Premature end of file.
2026-02-02 17:51:38,083 [ERROR] LogOutputStream:75 - [STDERR_REDIRECT] 
2026-02-02 17:51:39,076 [ERROR] LogOutputStream:75 - [STDERR_REDIRECT] [Fatal Error] :1:1: Premature end of file.
2026-02-02 17:51:39,076 [ERROR] LogOutputStream:75 - [STDERR_REDIRECT] 
2026-02-02 17:51:40,091 [ERROR] LogOutputStream:75 - [STDERR_REDIRECT] [Fatal Error] :1:1: Premature end of file.
2026-02-02 17:51:40,091 [ERROR] LogOutputStream:75 - [STDERR_REDIRECT] 
2026-02-02 17:51:41,076 [ERROR] LogOutputStream:75 - [STDERR_REDIRECT] [Fatal Error] :1:1: Premature end of file.
2026-02-02 17:51:41,077 [ERROR] LogOutputStream:75 - [STDERR_REDIRECT] 
2026-02-02 17:51:42,083 [ERROR] LogOutputStream:75 - [STDERR_REDIRECT] [Fatal Error] :1:1: Premature end of file.
2026-02-02 17:51:42,083 [ERROR] LogOutputStream:75 - [STDERR_REDIRECT] 
2026-02-02 17:51:43,076 [ERROR] LogOutputStream:75 - [STDERR_REDIRECT] [Fatal Error] :1:1: Premature end of file.
2026-02-02 17:51:43,076 [ERROR] LogOutputStream:75 - [STDERR_REDIRECT] 
2026-02-02 17:51:44,079 [ERROR] LogOutputStream:75 - [STDERR_REDIRECT] [Fatal Error] :1:1: Premature end of file.
2026-02-02 17:51:44,079 [ERROR] LogOutputStream:75 - [STDERR_REDIRECT] 
2026-02-02 17:51:45,088 [ERROR] LogOutputStream:75 - [STDERR_REDIRECT] [Fatal Error] :1:1: Premature end of file.
2026-02-02 17:51:45,088 [ERROR] LogOutputStream:75 - [STDERR_REDIRECT] 
2026-02-02 17:51:46,080 [ERROR] LogOutputStream:75 - [STDERR_REDIRECT] [Fatal Error] :1:1: Premature end of file.
2026-02-02 17:51:46,080 [ERROR] LogOutputStream:75 - [STDERR_REDIRECT] 
2026-02-02 17:51:47,075 [ERROR] LogOutputStream:75 - [STDERR_REDIRECT] [Fatal Error] :1:1: Premature end of file.
2026-02-02 17:51:47,075 [ERROR] LogOutputStream:75 - [STDERR_REDIRECT] 
2026-02-02 17:51:48,074 [ERROR] LogOutputStream:75 - [STDERR_REDIRECT] [Fatal Error] :1:1: Premature end of file.
2026-02-02 17:51:48,074 [ERROR] LogOutputStream:75 - [STDERR_REDIRECT] 
2026-02-02 17:51:49,085 [ERROR] LogOutputStream:75 - [STDERR_REDIRECT] [Fatal Error] :1:1: Premature end of file.
2026-02-02 17:51:49,085 [ERROR] LogOutputStream:75 - [STDERR_REDIRECT] 
2026-02-02 17:51:50,072 [ERROR] LogOutputStream:75 - [STDERR_REDIRECT] [Fatal Error] :1:1: Premature end of file.
2026-02-02 17:51:50,073 [ERROR] LogOutputStream:75 - [STDERR_REDIRECT] 
2026-02-02 17:51:51,088 [ERROR] LogOutputStream:75 - [STDERR_REDIRECT] [Fatal Error] :1:1: Premature end of file.
2026-02-02 17:51:51,088 [ERROR] LogOutputStream:75 - [STDERR_REDIRECT] 
2026-02-02 17:51:52,086 [ERROR] LogOutputStream:75 - [STDERR_REDIRECT] [Fatal Error] :1:1: Premature end of file.
2026-02-02 17:51:52,086 [ERROR] LogOutputStream:75 - [STDERR_REDIRECT] 
2026-02-02 17:51:53,080 [ERROR] LogOutputStream:75 - [STDERR_REDIRECT] [Fatal Error] :1:1: Premature end of file.
2026-02-02 17:51:53,080 [ERROR] LogOutputStream:75 - [STDERR_REDIRECT] 
2026-02-02 17:51:54,073 [ERROR] LogOutputStream:75 - [STDERR_REDIRECT] [Fatal Error] :1:1: Premature end of file.
2026-02-02 17:51:54,073 [ERROR] LogOutputStream:75 - [STDERR_REDIRECT] 
2026-02-02 17:51:55,078 [ERROR] LogOutputStream:75 - [STDERR_REDIRECT] [Fatal Error] :1:1: Premature end of file.
2026-02-02 17:51:55,078 [ERROR] LogOutputStream:75 - [STDERR_REDIRECT] 
2026-02-02 17:51:56,078 [ERROR] LogOutputStream:75 - [STDERR_REDIRECT] [Fatal Error] :1:1: Premature end of file.
2026-02-02 17:51:56,078 [ERROR] LogOutputStream:75 - [STDERR_REDIRECT] 
2026-02-02 17:51:57,075 [ERROR] LogOutputStream:75 - [STDERR_REDIRECT] [Fatal Error] :1:1: Premature end of file.
2026-02-02 17:51:57,075 [ERROR] LogOutputStream:75 - [STDERR_REDIRECT] 
2026-02-02 17:51:58,074 [ERROR] LogOutputStream:75 - [STDERR_REDIRECT] [Fatal Error] :1:1: Premature end of file.
2026-02-02 17:51:58,074 [ERROR] LogOutputStream:75 - [STDERR_REDIRECT] 
2026-02-02 17:51:59,073 [ERROR] LogOutputStream:75 - [STDERR_REDIRECT] [Fatal Error] :1:1: Premature end of file.
2026-02-02 17:51:59,073 [ERROR] LogOutputStream:75 - [STDERR_REDIRECT] 
2026-02-02 17:52:00,085 [ERROR] LogOutputStream:75 - [STDERR_REDIRECT] [Fatal Error] :1:1: Premature end of file.
2026-02-02 17:52:00,085 [ERROR] LogOutputStream:75 - [STDERR_REDIRECT] 
2026-02-02 17:52:01,086 [ERROR] LogOutputStream:75 - [STDERR_REDIRECT] [Fatal Error] :1:1: Premature end of file.
2026-02-02 17:52:01,086 [ERROR] LogOutputStream:75 - [STDERR_REDIRECT] 
2026-02-02 17:52:02,083 [ERROR] LogOutputStream:75 - [STDERR_REDIRECT] [Fatal Error] :1:1: Premature end of file.
2026-02-02 17:52:02,083 [ERROR] LogOutputStream:75 - [STDERR_REDIRECT] 
2026-02-02 17:52:03,073 [ERROR] LogOutputStream:75 - [STDERR_REDIRECT] [Fatal Error] :1:1: Premature end of file.
2026-02-02 17:52:03,073 [ERROR] LogOutputStream:75 - [STDERR_REDIRECT] 
2026-02-02 17:52:04,076 [ERROR] LogOutputStream:75 - [STDERR_REDIRECT] [Fatal Error] :1:1: Premature end of file.
2026-02-02 17:52:04,076 [ERROR] LogOutputStream:75 - [STDERR_REDIRECT] 
2026-02-02 17:52:05,083 [ERROR] LogOutputStream:75 - [STDERR_REDIRECT] [Fatal Error] :1:1: Premature end of file.
2026-02-02 17:52:05,083 [ERROR] LogOutputStream:75 - [STDERR_REDIRECT] 
2026-02-02 17:52:06,073 [ERROR] LogOutputStream:75 - [STDERR_REDIRECT] [Fatal Error] :1:1: Premature end of file.
2026-02-02 17:52:06,073 [ERROR] LogOutputStream:75 - [STDERR_REDIRECT] 
2026-02-02 17:52:07,088 [ERROR] LogOutputStream:75 - [STDERR_REDIRECT] [Fatal Error] :1:1: Premature end of file.
2026-02-02 17:52:07,088 [ERROR] LogOutputStream:75 - [STDERR_REDIRECT] 
2026-02-02 17:52:08,072 [ERROR] LogOutputStream:75 - [STDERR_REDIRECT] [Fatal Error] :1:1: Premature end of file.
2026-02-02 17:52:08,072 [ERROR] LogOutputStream:75 - [STDERR_REDIRECT] 
2026-02-02 17:52:09,077 [ERROR] LogOutputStream:75 - [STDERR_REDIRECT] [Fatal Error] :1:1: Premature end of file.
2026-02-02 17:52:09,077 [ERROR] LogOutputStream:75 - [STDERR_REDIRECT] 
2026-02-02 17:52:10,090 [ERROR] LogOutputStream:75 - [STDERR_REDIRECT] [Fatal Error] :1:1: Premature end of file.
2026-02-02 17:52:10,090 [ERROR] LogOutputStream:75 - [STDERR_REDIRECT] 
2026-02-02 17:52:11,083 [ERROR] LogOutputStream:75 - [STDERR_REDIRECT] [Fatal Error] :1:1: Premature end of file.
2026-02-02 17:52:11,083 [ERROR] LogOutputStream:75 - [STDERR_REDIRECT] 
2026-02-02 17:52:12,085 [ERROR] LogOutputStream:75 - [STDERR_REDIRECT] [Fatal Error] :1:1: Premature end of file.
2026-02-02 17:52:12,086 [ERROR] LogOutputStream:75 - [STDERR_REDIRECT] 
2026-02-02 17:52:13,089 [ERROR] LogOutputStream:75 - [STDERR_REDIRECT] [Fatal Error] :1:1: Premature end of file.
2026-02-02 17:52:13,089 [ERROR] LogOutputStream:75 - [STDERR_REDIRECT] 
2026-02-02 17:52:14,075 [ERROR] LogOutputStream:75 - [STDERR_REDIRECT] [Fatal Error] :1:1: Premature end of file.
2026-02-02 17:52:14,075 [ERROR] LogOutputStream:75 - [STDERR_REDIRECT] 
2026-02-02 17:52:15,080 [ERROR] LogOutputStream:75 - [STDERR_REDIRECT] [Fatal Error] :1:1: Premature end of file.
2026-02-02 17:52:15,080 [ERROR] LogOutputStream:75 - [STDERR_REDIRECT] 
2026-02-02 17:52:16,089 [ERROR] LogOutputStream:75 - [STDERR_REDIRECT] [Fatal Error] :1:1: Premature end of file.
2026-02-02 17:52:16,090 [ERROR] LogOutputStream:75 - [STDERR_REDIRECT] 
2026-02-02 17:52:17,073 [ERROR] LogOutputStream:75 - [STDERR_REDIRECT] [Fatal Error] :1:1: Premature end of file.
2026-02-02 17:52:17,073 [ERROR] LogOutputStream:75 - [STDERR_REDIRECT] 
2026-02-02 17:52:18,077 [ERROR] LogOutputStream:75 - [STDERR_REDIRECT] [Fatal Error] :1:1: Premature end of file.
2026-02-02 17:52:18,077 [ERROR] LogOutputStream:75 - [STDERR_REDIRECT] 
2026-02-02 17:52:19,087 [ERROR] LogOutputStream:75 - [STDERR_REDIRECT] [Fatal Error] :1:1: Premature end of file.
2026-02-02 17:52:19,087 [ERROR] LogOutputStream:75 - [STDERR_REDIRECT] 
2026-02-02 17:52:20,086 [ERROR] LogOutputStream:75 - [STDERR_REDIRECT] [Fatal Error] :1:1: Premature end of file.
2026-02-02 17:52:20,086 [ERROR] LogOutputStream:75 - [STDERR_REDIRECT] 
2026-02-02 17:52:21,076 [ERROR] LogOutputStream:75 - [STDERR_REDIRECT] [Fatal Error] :1:1: Premature end of file.
2026-02-02 17:52:21,076 [ERROR] LogOutputStream:75 - [STDERR_REDIRECT] 
2026-02-02 17:52:22,087 [ERROR] LogOutputStream:75 - [STDERR_REDIRECT] [Fatal Error] :1:1: Premature end of file.
2026-02-02 17:52:22,087 [ERROR] LogOutputStream:75 - [STDERR_REDIRECT] 
2026-02-02 17:52:23,076 [ERROR] LogOutputStream:75 - [STDERR_REDIRECT] [Fatal Error] :1:1: Premature end of file.
2026-02-02 17:52:23,076 [ERROR] LogOutputStream:75 - [STDERR_REDIRECT] 
2026-02-02 17:52:24,086 [ERROR] LogOutputStream:75 - [STDERR_REDIRECT] [Fatal Error] :1:1: Premature end of file.
2026-02-02 17:52:24,086 [ERROR] LogOutputStream:75 - [STDERR_REDIRECT] 
2026-02-02 17:52:25,073 [ERROR] LogOutputStream:75 - [STDERR_REDIRECT] [Fatal Error] :1:1: Premature end of file.
2026-02-02 17:52:25,074 [ERROR] LogOutputStream:75 - [STDERR_REDIRECT] 
2026-02-02 17:52:26,074 [ERROR] LogOutputStream:75 - [STDERR_REDIRECT] [Fatal Error] :1:1: Premature end of file.
2026-02-02 17:52:26,074 [ERROR] LogOutputStream:75 - [STDERR_REDIRECT] 
2026-02-02 17:52:27,080 [ERROR] LogOutputStream:75 - [STDERR_REDIRECT] [Fatal Error] :1:1: Premature end of file.
2026-02-02 17:52:27,080 [ERROR] LogOutputStream:75 - [STDERR_REDIRECT] 
2026-02-02 17:52:28,072 [ERROR] LogOutputStream:75 - [STDERR_REDIRECT] [Fatal Error] :1:1: Premature end of file.
2026-02-02 17:52:28,072 [ERROR] LogOutputStream:75 - [STDERR_REDIRECT] 
2026-02-02 17:52:29,075 [ERROR] LogOutputStream:75 - [STDERR_REDIRECT] [Fatal Error] :1:1: Premature end of file.
2026-02-02 17:52:29,075 [ERROR] LogOutputStream:75 - [STDERR_REDIRECT] 
2026-02-02 17:52:30,082 [ERROR] LogOutputStream:75 - [STDERR_REDIRECT] [Fatal Error] :1:1: Premature end of file.
2026-02-02 17:52:30,083 [ERROR] LogOutputStream:75 - [STDERR_REDIRECT] 
2026-02-02 17:52:31,091 [ERROR] LogOutputStream:75 - [STDERR_REDIRECT] [Fatal Error] :1:1: Premature end of file.
2026-02-02 17:52:31,091 [ERROR] LogOutputStream:75 - [STDERR_REDIRECT] 
2026-02-02 17:52:32,090 [ERROR] LogOutputStream:75 - [STDERR_REDIRECT] [Fatal Error] :1:1: Premature end of file.
2026-02-02 17:52:32,091 [ERROR] LogOutputStream:75 - [STDERR_REDIRECT] 
2026-02-02 17:52:33,076 [ERROR] LogOutputStream:75 - [STDERR_REDIRECT] [Fatal Error] :1:1: Premature end of file.
2026-02-02 17:52:33,076 [ERROR] LogOutputStream:75 - [STDERR_REDIRECT] 
2026-02-02 17:52:34,088 [ERROR] LogOutputStream:75 - [STDERR_REDIRECT] [Fatal Error] :1:1: Premature end of file.
2026-02-02 17:52:34,088 [ERROR] LogOutputStream:75 - [STDERR_REDIRECT] 
2026-02-02 17:52:35,074 [ERROR] LogOutputStream:75 - [STDERR_REDIRECT] [Fatal Error] :1:1: Premature end of file.
2026-02-02 17:52:35,074 [ERROR] LogOutputStream:75 - [STDERR_REDIRECT] 
2026-02-02 17:52:36,075 [ERROR] LogOutputStream:75 - [STDERR_REDIRECT] [Fatal Error] :1:1: Premature end of file.
2026-02-02 17:52:36,076 [ERROR] LogOutputStream:75 - [STDERR_REDIRECT] 
2026-02-02 17:52:37,078 [ERROR] LogOutputStream:75 - [STDERR_REDIRECT] [Fatal Error] :1:1: Premature end of file.
2026-02-02 17:52:37,078 [ERROR] LogOutputStream:75 - [STDERR_REDIRECT] 
2026-02-02 17:52:38,073 [ERROR] LogOutputStream:75 - [STDERR_REDIRECT] [Fatal Error] :1:1: Premature end of file.
2026-02-02 17:52:38,073 [ERROR] LogOutputStream:75 - [STDERR_REDIRECT] 
2026-02-02 17:52:39,076 [ERROR] LogOutputStream:75 - [STDERR_REDIRECT] [Fatal Error] :1:1: Premature end of file.
2026-02-02 17:52:39,076 [ERROR] LogOutputStream:75 - [STDERR_REDIRECT] 
2026-02-02 17:52:40,072 [ERROR] LogOutputStream:75 - [STDERR_REDIRECT] [Fatal Error] :1:1: Premature end of file.
2026-02-02 17:52:40,072 [ERROR] LogOutputStream:75 - [STDERR_REDIRECT] 
2026-02-02 17:52:41,077 [ERROR] LogOutputStream:75 - [STDERR_REDIRECT] [Fatal Error] :1:1: Premature end of file.
2026-02-02 17:52:41,077 [ERROR] LogOutputStream:75 - [STDERR_REDIRECT] 
2026-02-02 17:52:42,082 [ERROR] LogOutputStream:75 - [STDERR_REDIRECT] [Fatal Error] :1:1: Premature end of file.
2026-02-02 17:52:42,083 [ERROR] LogOutputStream:75 - [STDERR_REDIRECT] 
2026-02-02 17:52:43,080 [ERROR] LogOutputStream:75 - [STDERR_REDIRECT] [Fatal Error] :1:1: Premature end of file.
2026-02-02 17:52:43,081 [ERROR] LogOutputStream:75 - [STDERR_REDIRECT] 
2026-02-02 17:52:44,071 [ERROR] LogOutputStream:75 - [STDERR_REDIRECT] [Fatal Error] :1:1: Premature end of file.
2026-02-02 17:52:44,071 [ERROR] LogOutputStream:75 - [STDERR_REDIRECT] 
2026-02-02 17:52:45,074 [ERROR] LogOutputStream:75 - [STDERR_REDIRECT] [Fatal Error] :1:1: Premature end of file.
2026-02-02 17:52:45,074 [ERROR] LogOutputStream:75 - [STDERR_REDIRECT] 
2026-02-02 17:52:46,085 [ERROR] LogOutputStream:75 - [STDERR_REDIRECT] [Fatal Error] :1:1: Premature end of file.
2026-02-02 17:52:46,085 [ERROR] LogOutputStream:75 - [STDERR_REDIRECT] 
2026-02-02 17:52:47,076 [ERROR] LogOutputStream:75 - [STDERR_REDIRECT] [Fatal Error] :1:1: Premature end of file.
2026-02-02 17:52:47,076 [ERROR] LogOutputStream:75 - [STDERR_REDIRECT] 
2026-02-02 17:52:48,077 [ERROR] LogOutputStream:75 - [STDERR_REDIRECT] [Fatal Error] :1:1: Premature end of file.
2026-02-02 17:52:48,077 [ERROR] LogOutputStream:75 - [STDERR_REDIRECT] 
2026-02-02 17:52:49,102 [ERROR] LogOutputStream:75 - [STDERR_REDIRECT] [Fatal Error] :1:1: Premature end of file.
2026-02-02 17:52:49,102 [ERROR] LogOutputStream:75 - [STDERR_REDIRECT] 
2026-02-02 17:52:50,080 [ERROR] LogOutputStream:75 - [STDERR_REDIRECT] [Fatal Error] :1:1: Premature end of file.
2026-02-02 17:52:50,080 [ERROR] LogOutputStream:75 - [STDERR_REDIRECT] 
2026-02-02 17:52:51,074 [ERROR] LogOutputStream:75 - [STDERR_REDIRECT] [Fatal Error] :1:1: Premature end of file.
2026-02-02 17:52:51,074 [ERROR] LogOutputStream:75 - [STDERR_REDIRECT] 
2026-02-02 17:52:52,091 [ERROR] LogOutputStream:75 - [STDERR_REDIRECT] [Fatal Error] :1:1: Premature end of file.
2026-02-02 17:52:52,091 [ERROR] LogOutputStream:75 - [STDERR_REDIRECT] 
2026-02-02 17:52:53,076 [ERROR] LogOutputStream:75 - [STDERR_REDIRECT] [Fatal Error] :1:1: Premature end of file.
2026-02-02 17:52:53,077 [ERROR] LogOutputStream:75 - [STDERR_REDIRECT] 
2026-02-02 17:52:54,075 [ERROR] LogOutputStream:75 - [STDERR_REDIRECT] [Fatal Error] :1:1: Premature end of file.
2026-02-02 17:52:54,075 [ERROR] LogOutputStream:75 - [STDERR_REDIRECT] 
2026-02-02 17:52:55,090 [ERROR] LogOutputStream:75 - [STDERR_REDIRECT] [Fatal Error] :1:1: Premature end of file.
2026-02-02 17:52:55,090 [ERROR] LogOutputStream:75 - [STDERR_REDIRECT] 
2026-02-02 17:52:56,074 [ERROR] LogOutputStream:75 - [STDERR_REDIRECT] [Fatal Error] :1:1: Premature end of file.
2026-02-02 17:52:56,074 [ERROR] LogOutputStream:75 - [STDERR_REDIRECT] 
2026-02-02 17:52:57,094 [ERROR] LogOutputStream:75 - [STDERR_REDIRECT] [Fatal Error] :1:1: Premature end of file.
2026-02-02 17:52:57,094 [ERROR] LogOutputStream:75 - [STDERR_REDIRECT] 
2026-02-02 17:52:58,088 [ERROR] LogOutputStream:75 - [STDERR_REDIRECT] [Fatal Error] :1:1: Premature end of file.
2026-02-02 17:52:58,088 [ERROR] LogOutputStream:75 - [STDERR_REDIRECT] 
2026-02-02 17:52:59,073 [ERROR] LogOutputStream:75 - [STDERR_REDIRECT] [Fatal Error] :1:1: Premature end of file.
2026-02-02 17:52:59,073 [ERROR] LogOutputStream:75 - [STDERR_REDIRECT] 
2026-02-02 17:53:00,093 [ERROR] LogOutputStream:75 - [STDERR_REDIRECT] [Fatal Error] :1:1: Premature end of file.
2026-02-02 17:53:00,093 [ERROR] LogOutputStream:75 - [STDERR_REDIRECT] 
2026-02-02 17:53:01,093 [ERROR] LogOutputStream:75 - [STDERR_REDIRECT] [Fatal Error] :1:1: Premature end of file.
2026-02-02 17:53:01,093 [ERROR] LogOutputStream:75 - [STDERR_REDIRECT] 
2026-02-02 17:53:02,080 [ERROR] LogOutputStream:75 - [STDERR_REDIRECT] [Fatal Error] :1:1: Premature end of file.
2026-02-02 17:53:02,080 [ERROR] LogOutputStream:75 - [STDERR_REDIRECT] 
2026-02-02 17:53:03,074 [ERROR] LogOutputStream:75 - [STDERR_REDIRECT] [Fatal Error] :1:1: Premature end of file.
2026-02-02 17:53:03,074 [ERROR] LogOutputStream:75 - [STDERR_REDIRECT] 
2026-02-02 17:53:04,099 [ERROR] LogOutputStream:75 - [STDERR_REDIRECT] [Fatal Error] :1:1: Premature end of file.
2026-02-02 17:53:04,099 [ERROR] LogOutputStream:75 - [STDERR_REDIRECT] 
2026-02-02 17:53:05,075 [ERROR] LogOutputStream:75 - [STDERR_REDIRECT] [Fatal Error] :1:1: Premature end of file.
2026-02-02 17:53:05,075 [ERROR] LogOutputStream:75 - [STDERR_REDIRECT] 
2026-02-02 17:53:06,077 [ERROR] LogOutputStream:75 - [STDERR_REDIRECT] [Fatal Error] :1:1: Premature end of file.
2026-02-02 17:53:06,077 [ERROR] LogOutputStream:75 - [STDERR_REDIRECT] 
2026-02-02 17:53:07,089 [ERROR] LogOutputStream:75 - [STDERR_REDIRECT] [Fatal Error] :1:1: Premature end of file.
2026-02-02 17:53:07,089 [ERROR] LogOutputStream:75 - [STDERR_REDIRECT] 
2026-02-02 17:53:08,089 [ERROR] LogOutputStream:75 - [STDERR_REDIRECT] [Fatal Error] :1:1: Premature end of file.
2026-02-02 17:53:08,090 [ERROR] LogOutputStream:75 - [STDERR_REDIRECT] 
2026-02-02 17:53:09,072 [ERROR] LogOutputStream:75 - [STDERR_REDIRECT] [Fatal Error] :1:1: Premature end of file.
2026-02-02 17:53:09,072 [ERROR] LogOutputStream:75 - [STDERR_REDIRECT] 
2026-02-02 17:53:10,088 [ERROR] LogOutputStream:75 - [STDERR_REDIRECT] [Fatal Error] :1:1: Premature end of file.
2026-02-02 17:53:10,088 [ERROR] LogOutputStream:75 - [STDERR_REDIRECT] 
2026-02-02 17:53:11,076 [ERROR] LogOutputStream:75 - [STDERR_REDIRECT] [Fatal Error] :1:1: Premature end of file.
2026-02-02 17:53:11,076 [ERROR] LogOutputStream:75 - [STDERR_REDIRECT] 
2026-02-02 17:53:12,084 [ERROR] LogOutputStream:75 - [STDERR_REDIRECT] [Fatal Error] :1:1: Premature end of file.
2026-02-02 17:53:12,084 [ERROR] LogOutputStream:75 - [STDERR_REDIRECT] 
2026-02-02 17:53:13,095 [ERROR] LogOutputStream:75 - [STDERR_REDIRECT] [Fatal Error] :1:1: Premature end of file.
2026-02-02 17:53:13,095 [ERROR] LogOutputStream:75 - [STDERR_REDIRECT] 
2026-02-02 17:53:14,086 [ERROR] LogOutputStream:75 - [STDERR_REDIRECT] [Fatal Error] :1:1: Premature end of file.
2026-02-02 17:53:14,086 [ERROR] LogOutputStream:75 - [STDERR_REDIRECT] 
2026-02-02 17:53:15,091 [ERROR] LogOutputStream:75 - [STDERR_REDIRECT] [Fatal Error] :1:1: Premature end of file.
2026-02-02 17:53:15,091 [ERROR] LogOutputStream:75 - [STDERR_REDIRECT] 
2026-02-02 17:53:16,086 [ERROR] LogOutputStream:75 - [STDERR_REDIRECT] [Fatal Error] :1:1: Premature end of file.
2026-02-02 17:53:16,086 [ERROR] LogOutputStream:75 - [STDERR_REDIRECT] 
2026-02-02 17:53:17,093 [ERROR] LogOutputStream:75 - [STDERR_REDIRECT] [Fatal Error] :1:1: Premature end of file.
2026-02-02 17:53:17,093 [ERROR] LogOutputStream:75 - [STDERR_REDIRECT] 
2026-02-02 17:53:18,077 [ERROR] LogOutputStream:75 - [STDERR_REDIRECT] [Fatal Error] :1:1: Premature end of file.
2026-02-02 17:53:18,077 [ERROR] LogOutputStream:75 - [STDERR_REDIRECT] 
2026-02-02 17:53:19,086 [ERROR] LogOutputStream:75 - [STDERR_REDIRECT] [Fatal Error] :1:1: Premature end of file.
2026-02-02 17:53:19,087 [ERROR] LogOutputStream:75 - [STDERR_REDIRECT] 
2026-02-02 17:53:20,078 [ERROR] LogOutputStream:75 - [STDERR_REDIRECT] [Fatal Error] :1:1: Premature end of file.
2026-02-02 17:53:20,078 [ERROR] LogOutputStream:75 - [STDERR_REDIRECT] 
2026-02-02 17:53:21,079 [ERROR] LogOutputStream:75 - [STDERR_REDIRECT] [Fatal Error] :1:1: Premature end of file.
2026-02-02 17:53:21,079 [ERROR] LogOutputStream:75 - [STDERR_REDIRECT] 
2026-02-02 17:53:22,087 [ERROR] LogOutputStream:75 - [STDERR_REDIRECT] [Fatal Error] :1:1: Premature end of file.
2026-02-02 17:53:22,087 [ERROR] LogOutputStream:75 - [STDERR_REDIRECT] 
2026-02-02 17:53:23,080 [ERROR] LogOutputStream:75 - [STDERR_REDIRECT] [Fatal Error] :1:1: Premature end of file.
2026-02-02 17:53:23,080 [ERROR] LogOutputStream:75 - [STDERR_REDIRECT] 
2026-02-02 17:53:24,076 [ERROR] LogOutputStream:75 - [STDERR_REDIRECT] [Fatal Error] :1:1: Premature end of file.
2026-02-02 17:53:24,076 [ERROR] LogOutputStream:75 - [STDERR_REDIRECT] 
2026-02-02 17:53:25,085 [ERROR] LogOutputStream:75 - [STDERR_REDIRECT] [Fatal Error] :1:1: Premature end of file.
2026-02-02 17:53:25,085 [ERROR] LogOutputStream:75 - [STDERR_REDIRECT] 
2026-02-02 17:53:26,071 [ERROR] LogOutputStream:75 - [STDERR_REDIRECT] [Fatal Error] :1:1: Premature end of file.
2026-02-02 17:53:26,071 [ERROR] LogOutputStream:75 - [STDERR_REDIRECT] 
2026-02-02 17:53:27,081 [ERROR] LogOutputStream:75 - [STDERR_REDIRECT] [Fatal Error] :1:1: Premature end of file.
2026-02-02 17:53:27,082 [ERROR] LogOutputStream:75 - [STDERR_REDIRECT] 
2026-02-02 17:53:28,087 [ERROR] LogOutputStream:75 - [STDERR_REDIRECT] [Fatal Error] :1:1: Premature end of file.
2026-02-02 17:53:28,087 [ERROR] LogOutputStream:75 - [STDERR_REDIRECT] 
2026-02-02 17:53:29,074 [ERROR] LogOutputStream:75 - [STDERR_REDIRECT] [Fatal Error] :1:1: Premature end of file.
2026-02-02 17:53:29,075 [ERROR] LogOutputStream:75 - [STDERR_REDIRECT] 
2026-02-02 17:53:30,073 [ERROR] LogOutputStream:75 - [STDERR_REDIRECT] [Fatal Error] :1:1: Premature end of file.
2026-02-02 17:53:30,073 [ERROR] LogOutputStream:75 - [STDERR_REDIRECT] 
2026-02-02 17:53:31,087 [ERROR] LogOutputStream:75 - [STDERR_REDIRECT] [Fatal Error] :1:1: Premature end of file.
2026-02-02 17:53:31,087 [ERROR] LogOutputStream:75 - [STDERR_REDIRECT] 
2026-02-02 17:53:32,074 [ERROR] LogOutputStream:75 - [STDERR_REDIRECT] [Fatal Error] :1:1: Premature end of file.
2026-02-02 17:53:32,074 [ERROR] LogOutputStream:75 - [STDERR_REDIRECT] 
2026-02-02 17:53:33,090 [ERROR] LogOutputStream:75 - [STDERR_REDIRECT] [Fatal Error] :1:1: Premature end of file.
2026-02-02 17:53:33,090 [ERROR] LogOutputStream:75 - [STDERR_REDIRECT] 
2026-02-02 17:53:34,089 [ERROR] LogOutputStream:75 - [STDERR_REDIRECT] [Fatal Error] :1:1: Premature end of file.
2026-02-02 17:53:34,089 [ERROR] LogOutputStream:75 - [STDERR_REDIRECT] 
2026-02-02 17:53:35,088 [ERROR] LogOutputStream:75 - [STDERR_REDIRECT] [Fatal Error] :1:1: Premature end of file.
2026-02-02 17:53:35,088 [ERROR] LogOutputStream:75 - [STDERR_REDIRECT] 
2026-02-02 17:53:36,089 [ERROR] LogOutputStream:75 - [STDERR_REDIRECT] [Fatal Error] :1:1: Premature end of file.
2026-02-02 17:53:36,089 [ERROR] LogOutputStream:75 - [STDERR_REDIRECT] 
2026-02-02 17:53:37,091 [ERROR] LogOutputStream:75 - [STDERR_REDIRECT] [Fatal Error] :1:1: Premature end of file.
2026-02-02 17:53:37,092 [ERROR] LogOutputStream:75 - [STDERR_REDIRECT] 
2026-02-02 17:53:38,078 [ERROR] LogOutputStream:75 - [STDERR_REDIRECT] [Fatal Error] :1:1: Premature end of file.
2026-02-02 17:53:38,078 [ERROR] LogOutputStream:75 - [STDERR_REDIRECT] 
2026-02-02 17:53:39,073 [ERROR] LogOutputStream:75 - [STDERR_REDIRECT] [Fatal Error] :1:1: Premature end of file.
2026-02-02 17:53:39,073 [ERROR] LogOutputStream:75 - [STDERR_REDIRECT] 
2026-02-02 17:53:40,089 [ERROR] LogOutputStream:75 - [STDERR_REDIRECT] [Fatal Error] :1:1: Premature end of file.
2026-02-02 17:53:40,089 [ERROR] LogOutputStream:75 - [STDERR_REDIRECT] 
2026-02-02 17:53:41,080 [ERROR] LogOutputStream:75 - [STDERR_REDIRECT] [Fatal Error] :1:1: Premature end of file.
2026-02-02 17:53:41,081 [ERROR] LogOutputStream:75 - [STDERR_REDIRECT] 
2026-02-02 17:53:42,085 [ERROR] LogOutputStream:75 - [STDERR_REDIRECT] [Fatal Error] :1:1: Premature end of file.
2026-02-02 17:53:42,085 [ERROR] LogOutputStream:75 - [STDERR_REDIRECT] 
2026-02-02 17:53:43,078 [ERROR] LogOutputStream:75 - [STDERR_REDIRECT] [Fatal Error] :1:1: Premature end of file.
2026-02-02 17:53:43,078 [ERROR] LogOutputStream:75 - [STDERR_REDIRECT] 
2026-02-02 17:53:44,076 [ERROR] LogOutputStream:75 - [STDERR_REDIRECT] [Fatal Error] :1:1: Premature end of file.
2026-02-02 17:53:44,076 [ERROR] LogOutputStream:75 - [STDERR_REDIRECT] 
2026-02-02 17:53:45,074 [ERROR] LogOutputStream:75 - [STDERR_REDIRECT] [Fatal Error] :1:1: Premature end of file.
2026-02-02 17:53:45,074 [ERROR] LogOutputStream:75 - [STDERR_REDIRECT] 
2026-02-02 17:53:46,074 [ERROR] LogOutputStream:75 - [STDERR_REDIRECT] [Fatal Error] :1:1: Premature end of file.
2026-02-02 17:53:46,074 [ERROR] LogOutputStream:75 - [STDERR_REDIRECT] 
2026-02-02 17:53:47,072 [ERROR] LogOutputStream:75 - [STDERR_REDIRECT] [Fatal Error] :1:1: Premature end of file.
2026-02-02 17:53:47,072 [ERROR] LogOutputStream:75 - [STDERR_REDIRECT] 
2026-02-02 17:53:48,073 [ERROR] LogOutputStream:75 - [STDERR_REDIRECT] [Fatal Error] :1:1: Premature end of file.
2026-02-02 17:53:48,073 [ERROR] LogOutputStream:75 - [STDERR_REDIRECT] 
2026-02-02 17:53:49,069 [ERROR] LogOutputStream:75 - [STDERR_REDIRECT] [Fatal Error] :1:1: Premature end of file.
2026-02-02 17:53:49,069 [ERROR] LogOutputStream:75 - [STDERR_REDIRECT] 
2026-02-02 17:53:50,069 [ERROR] LogOutputStream:75 - [STDERR_REDIRECT] [Fatal Error] :1:1: Premature end of file.
2026-02-02 17:53:50,069 [ERROR] LogOutputStream:75 - [STDERR_REDIRECT] 
2026-02-02 17:53:51,074 [ERROR] LogOutputStream:75 - [STDERR_REDIRECT] [Fatal Error] :1:1: Premature end of file.
2026-02-02 17:53:51,074 [ERROR] LogOutputStream:75 - [STDERR_REDIRECT] 
2026-02-02 17:53:52,083 [ERROR] LogOutputStream:75 - [STDERR_REDIRECT] [Fatal Error] :1:1: Premature end of file.
2026-02-02 17:53:52,083 [ERROR] LogOutputStream:75 - [STDERR_REDIRECT] 
2026-02-02 17:53:53,074 [ERROR] LogOutputStream:75 - [STDERR_REDIRECT] [Fatal Error] :1:1: Premature end of file.
2026-02-02 17:53:53,074 [ERROR] LogOutputStream:75 - [STDERR_REDIRECT] 
2026-02-02 17:53:54,071 [ERROR] LogOutputStream:75 - [STDERR_REDIRECT] [Fatal Error] :1:1: Premature end of file.
2026-02-02 17:53:54,071 [ERROR] LogOutputStream:75 - [STDERR_REDIRECT] 
2026-02-02 17:53:55,071 [ERROR] LogOutputStream:75 - [STDERR_REDIRECT] [Fatal Error] :1:1: Premature end of file.
2026-02-02 17:53:55,071 [ERROR] LogOutputStream:75 - [STDERR_REDIRECT] 
2026-02-02 17:53:56,071 [ERROR] LogOutputStream:75 - [STDERR_REDIRECT] [Fatal Error] :1:1: Premature end of file.
2026-02-02 17:53:56,071 [ERROR] LogOutputStream:75 - [STDERR_REDIRECT] 
2026-02-02 17:53:57,074 [ERROR] LogOutputStream:75 - [STDERR_REDIRECT] [Fatal Error] :1:1: Premature end of file.
2026-02-02 17:53:57,074 [ERROR] LogOutputStream:75 - [STDERR_REDIRECT] 
2026-02-02 17:53:58,071 [ERROR] LogOutputStream:75 - [STDERR_REDIRECT] [Fatal Error] :1:1: Premature end of file.
2026-02-02 17:53:58,072 [ERROR] LogOutputStream:75 - [STDERR_REDIRECT] 
2026-02-02 17:53:59,071 [ERROR] LogOutputStream:75 - [STDERR_REDIRECT] [Fatal Error] :1:1: Premature end of file.
2026-02-02 17:53:59,071 [ERROR] LogOutputStream:75 - [STDERR_REDIRECT] 
2026-02-02 17:54:00,081 [ERROR] LogOutputStream:75 - [STDERR_REDIRECT] [Fatal Error] :1:1: Premature end of file.
2026-02-02 17:54:00,081 [ERROR] LogOutputStream:75 - [STDERR_REDIRECT] 
2026-02-02 17:54:01,070 [ERROR] LogOutputStream:75 - [STDERR_REDIRECT] [Fatal Error] :1:1: Premature end of file.
2026-02-02 17:54:01,070 [ERROR] LogOutputStream:75 - [STDERR_REDIRECT] 
2026-02-02 17:54:02,075 [ERROR] LogOutputStream:75 - [STDERR_REDIRECT] [Fatal Error] :1:1: Premature end of file.
2026-02-02 17:54:02,075 [ERROR] LogOutputStream:75 - [STDERR_REDIRECT] 
2026-02-02 17:54:03,075 [ERROR] LogOutputStream:75 - [STDERR_REDIRECT] [Fatal Error] :1:1: Premature end of file.
2026-02-02 17:54:03,075 [ERROR] LogOutputStream:75 - [STDERR_REDIRECT] 
2026-02-02 17:54:04,072 [ERROR] LogOutputStream:75 - [STDERR_REDIRECT] [Fatal Error] :1:1: Premature end of file.
2026-02-02 17:54:04,072 [ERROR] LogOutputStream:75 - [STDERR_REDIRECT] 
2026-02-02 17:54:05,089 [ERROR] LogOutputStream:75 - [STDERR_REDIRECT] [Fatal Error] :1:1: Premature end of file.
2026-02-02 17:54:05,090 [ERROR] LogOutputStream:75 - [STDERR_REDIRECT] 
2026-02-02 17:54:06,078 [ERROR] LogOutputStream:75 - [STDERR_REDIRECT] [Fatal Error] :1:1: Premature end of file.
2026-02-02 17:54:06,078 [ERROR] LogOutputStream:75 - [STDERR_REDIRECT] 
2026-02-02 17:54:07,075 [ERROR] LogOutputStream:75 - [STDERR_REDIRECT] [Fatal Error] :1:1: Premature end of file.
2026-02-02 17:54:07,075 [ERROR] LogOutputStream:75 - [STDERR_REDIRECT] 
2026-02-02 17:54:08,089 [ERROR] LogOutputStream:75 - [STDERR_REDIRECT] [Fatal Error] :1:1: Premature end of file.
2026-02-02 17:54:08,089 [ERROR] LogOutputStream:75 - [STDERR_REDIRECT] 
2026-02-02 17:54:09,077 [ERROR] LogOutputStream:75 - [STDERR_REDIRECT] [Fatal Error] :1:1: Premature end of file.
2026-02-02 17:54:09,077 [ERROR] LogOutputStream:75 - [STDERR_REDIRECT] 
2026-02-02 17:54:10,093 [ERROR] LogOutputStream:75 - [STDERR_REDIRECT] [Fatal Error] :1:1: Premature end of file.
2026-02-02 17:54:10,093 [ERROR] LogOutputStream:75 - [STDERR_REDIRECT] 
2026-02-02 17:54:11,076 [ERROR] LogOutputStream:75 - [STDERR_REDIRECT] [Fatal Error] :1:1: Premature end of file.
2026-02-02 17:54:11,076 [ERROR] LogOutputStream:75 - [STDERR_REDIRECT] 
2026-02-02 17:54:12,082 [ERROR] LogOutputStream:75 - [STDERR_REDIRECT] [Fatal Error] :1:1: Premature end of file.
2026-02-02 17:54:12,083 [ERROR] LogOutputStream:75 - [STDERR_REDIRECT] 
2026-02-02 17:54:13,087 [ERROR] LogOutputStream:75 - [STDERR_REDIRECT] [Fatal Error] :1:1: Premature end of file.
2026-02-02 17:54:13,087 [ERROR] LogOutputStream:75 - [STDERR_REDIRECT] 
2026-02-02 17:54:14,077 [ERROR] LogOutputStream:75 - [STDERR_REDIRECT] [Fatal Error] :1:1: Premature end of file.
2026-02-02 17:54:14,077 [ERROR] LogOutputStream:75 - [STDERR_REDIRECT] 
2026-02-02 17:54:15,080 [ERROR] LogOutputStream:75 - [STDERR_REDIRECT] [Fatal Error] :1:1: Premature end of file.
2026-02-02 17:54:15,080 [ERROR] LogOutputStream:75 - [STDERR_REDIRECT] 
2026-02-02 17:54:16,089 [ERROR] LogOutputStream:75 - [STDERR_REDIRECT] [Fatal Error] :1:1: Premature end of file.
2026-02-02 17:54:16,089 [ERROR] LogOutputStream:75 - [STDERR_REDIRECT] 
2026-02-02 17:54:17,076 [ERROR] LogOutputStream:75 - [STDERR_REDIRECT] [Fatal Error] :1:1: Premature end of file.
2026-02-02 17:54:17,077 [ERROR] LogOutputStream:75 - [STDERR_REDIRECT] 
2026-02-02 17:54:18,087 [ERROR] LogOutputStream:75 - [STDERR_REDIRECT] [Fatal Error] :1:1: Premature end of file.
2026-02-02 17:54:18,088 [ERROR] LogOutputStream:75 - [STDERR_REDIRECT] 
2026-02-02 17:54:19,075 [ERROR] LogOutputStream:75 - [STDERR_REDIRECT] [Fatal Error] :1:1: Premature end of file.
2026-02-02 17:54:19,075 [ERROR] LogOutputStream:75 - [STDERR_REDIRECT] 
2026-02-02 17:54:20,077 [ERROR] LogOutputStream:75 - [STDERR_REDIRECT] [Fatal Error] :1:1: Premature end of file.
2026-02-02 17:54:20,077 [ERROR] LogOutputStream:75 - [STDERR_REDIRECT] 
2026-02-02 17:54:21,077 [ERROR] LogOutputStream:75 - [STDERR_REDIRECT] [Fatal Error] :1:1: Premature end of file.
2026-02-02 17:54:21,077 [ERROR] LogOutputStream:75 - [STDERR_REDIRECT] 
2026-02-02 17:54:22,084 [ERROR] LogOutputStream:75 - [STDERR_REDIRECT] [Fatal Error] :1:1: Premature end of file.
2026-02-02 17:54:22,084 [ERROR] LogOutputStream:75 - [STDERR_REDIRECT] 
2026-02-02 17:54:23,084 [ERROR] LogOutputStream:75 - [STDERR_REDIRECT] [Fatal Error] :1:1: Premature end of file.
2026-02-02 17:54:23,084 [ERROR] LogOutputStream:75 - [STDERR_REDIRECT] 
2026-02-02 17:54:24,079 [ERROR] LogOutputStream:75 - [STDERR_REDIRECT] [Fatal Error] :1:1: Premature end of file.
2026-02-02 17:54:24,079 [ERROR] LogOutputStream:75 - [STDERR_REDIRECT] 
2026-02-02 17:54:25,093 [ERROR] LogOutputStream:75 - [STDERR_REDIRECT] [Fatal Error] :1:1: Premature end of file.
2026-02-02 17:54:25,093 [ERROR] LogOutputStream:75 - [STDERR_REDIRECT] 
2026-02-02 17:54:26,077 [ERROR] LogOutputStream:75 - [STDERR_REDIRECT] [Fatal Error] :1:1: Premature end of file.
2026-02-02 17:54:26,078 [ERROR] LogOutputStream:75 - [STDERR_REDIRECT] 
2026-02-02 17:54:27,080 [ERROR] LogOutputStream:75 - [STDERR_REDIRECT] [Fatal Error] :1:1: Premature end of file.
2026-02-02 17:54:27,080 [ERROR] LogOutputStream:75 - [STDERR_REDIRECT] 
2026-02-02 17:54:28,081 [ERROR] LogOutputStream:75 - [STDERR_REDIRECT] [Fatal Error] :1:1: Premature end of file.
2026-02-02 17:54:28,081 [ERROR] LogOutputStream:75 - [STDERR_REDIRECT] 
2026-02-02 17:54:29,087 [ERROR] LogOutputStream:75 - [STDERR_REDIRECT] [Fatal Error] :1:1: Premature end of file.
2026-02-02 17:54:29,087 [ERROR] LogOutputStream:75 - [STDERR_REDIRECT] 
2026-02-02 17:54:30,082 [ERROR] LogOutputStream:75 - [STDERR_REDIRECT] [Fatal Error] :1:1: Premature end of file.
2026-02-02 17:54:30,082 [ERROR] LogOutputStream:75 - [STDERR_REDIRECT] 
2026-02-02 17:54:31,086 [ERROR] LogOutputStream:75 - [STDERR_REDIRECT] [Fatal Error] :1:1: Premature end of file.
2026-02-02 17:54:31,086 [ERROR] LogOutputStream:75 - [STDERR_REDIRECT] 
2026-02-02 17:54:32,087 [ERROR] LogOutputStream:75 - [STDERR_REDIRECT] [Fatal Error] :1:1: Premature end of file.
2026-02-02 17:54:32,087 [ERROR] LogOutputStream:75 - [STDERR_REDIRECT] 
2026-02-02 17:54:33,087 [ERROR] LogOutputStream:75 - [STDERR_REDIRECT] [Fatal Error] :1:1: Premature end of file.
2026-02-02 17:54:33,087 [ERROR] LogOutputStream:75 - [STDERR_REDIRECT] 
2026-02-02 17:54:34,071 [ERROR] LogOutputStream:75 - [STDERR_REDIRECT] [Fatal Error] :1:1: Premature end of file.
2026-02-02 17:54:34,072 [ERROR] LogOutputStream:75 - [STDERR_REDIRECT] 
2026-02-02 17:54:35,075 [ERROR] LogOutputStream:75 - [STDERR_REDIRECT] [Fatal Error] :1:1: Premature end of file.
2026-02-02 17:54:35,075 [ERROR] LogOutputStream:75 - [STDERR_REDIRECT] 
2026-02-02 17:54:36,077 [ERROR] LogOutputStream:75 - [STDERR_REDIRECT] [Fatal Error] :1:1: Premature end of file.
2026-02-02 17:54:36,077 [ERROR] LogOutputStream:75 - [STDERR_REDIRECT] 
2026-02-02 17:54:37,075 [ERROR] LogOutputStream:75 - [STDERR_REDIRECT] [Fatal Error] :1:1: Premature end of file.
2026-02-02 17:54:37,075 [ERROR] LogOutputStream:75 - [STDERR_REDIRECT] 
2026-02-02 17:54:38,083 [ERROR] LogOutputStream:75 - [STDERR_REDIRECT] [Fatal Error] :1:1: Premature end of file.
2026-02-02 17:54:38,083 [ERROR] LogOutputStream:75 - [STDERR_REDIRECT] 
2026-02-02 17:54:39,090 [ERROR] LogOutputStream:75 - [STDERR_REDIRECT] [Fatal Error] :1:1: Premature end of file.
2026-02-02 17:54:39,090 [ERROR] LogOutputStream:75 - [STDERR_REDIRECT] 
2026-02-02 17:54:40,090 [ERROR] LogOutputStream:75 - [STDERR_REDIRECT] [Fatal Error] :1:1: Premature end of file.
2026-02-02 17:54:40,091 [ERROR] LogOutputStream:75 - [STDERR_REDIRECT] 
2026-02-02 17:54:41,075 [ERROR] LogOutputStream:75 - [STDERR_REDIRECT] [Fatal Error] :1:1: Premature end of file.
2026-02-02 17:54:41,075 [ERROR] LogOutputStream:75 - [STDERR_REDIRECT] 
2026-02-02 17:54:42,075 [ERROR] LogOutputStream:75 - [STDERR_REDIRECT] [Fatal Error] :1:1: Premature end of file.
2026-02-02 17:54:42,075 [ERROR] LogOutputStream:75 - [STDERR_REDIRECT] 
2026-02-02 17:54:43,078 [ERROR] LogOutputStream:75 - [STDERR_REDIRECT] [Fatal Error] :1:1: Premature end of file.
2026-02-02 17:54:43,078 [ERROR] LogOutputStream:75 - [STDERR_REDIRECT] 
2026-02-02 17:54:44,075 [ERROR] LogOutputStream:75 - [STDERR_REDIRECT] [Fatal Error] :1:1: Premature end of file.
2026-02-02 17:54:44,076 [ERROR] LogOutputStream:75 - [STDERR_REDIRECT] 
2026-02-02 17:54:45,086 [ERROR] LogOutputStream:75 - [STDERR_REDIRECT] [Fatal Error] :1:1: Premature end of file.
2026-02-02 17:54:45,086 [ERROR] LogOutputStream:75 - [STDERR_REDIRECT] 
2026-02-02 17:54:46,089 [ERROR] LogOutputStream:75 - [STDERR_REDIRECT] [Fatal Error] :1:1: Premature end of file.
2026-02-02 17:54:46,090 [ERROR] LogOutputStream:75 - [STDERR_REDIRECT] 
2026-02-02 17:54:47,088 [ERROR] LogOutputStream:75 - [STDERR_REDIRECT] [Fatal Error] :1:1: Premature end of file.
2026-02-02 17:54:47,089 [ERROR] LogOutputStream:75 - [STDERR_REDIRECT] 
2026-02-02 17:54:48,091 [ERROR] LogOutputStream:75 - [STDERR_REDIRECT] [Fatal Error] :1:1: Premature end of file.
2026-02-02 17:54:48,091 [ERROR] LogOutputStream:75 - [STDERR_REDIRECT] 
2026-02-02 17:54:49,088 [ERROR] LogOutputStream:75 - [STDERR_REDIRECT] [Fatal Error] :1:1: Premature end of file.
2026-02-02 17:54:49,088 [ERROR] LogOutputStream:75 - [STDERR_REDIRECT] 
2026-02-02 17:54:50,079 [ERROR] LogOutputStream:75 - [STDERR_REDIRECT] [Fatal Error] :1:1: Premature end of file.
2026-02-02 17:54:50,079 [ERROR] LogOutputStream:75 - [STDERR_REDIRECT] 
2026-02-02 17:54:51,080 [ERROR] LogOutputStream:75 - [STDERR_REDIRECT] [Fatal Error] :1:1: Premature end of file.
2026-02-02 17:54:51,080 [ERROR] LogOutputStream:75 - [STDERR_REDIRECT] 
2026-02-02 17:54:52,089 [ERROR] LogOutputStream:75 - [STDERR_REDIRECT] [Fatal Error] :1:1: Premature end of file.
2026-02-02 17:54:52,089 [ERROR] LogOutputStream:75 - [STDERR_REDIRECT] 
2026-02-02 17:54:53,078 [ERROR] LogOutputStream:75 - [STDERR_REDIRECT] [Fatal Error] :1:1: Premature end of file.
2026-02-02 17:54:53,078 [ERROR] LogOutputStream:75 - [STDERR_REDIRECT] 
2026-02-02 17:54:54,086 [ERROR] LogOutputStream:75 - [STDERR_REDIRECT] [Fatal Error] :1:1: Premature end of file.
2026-02-02 17:54:54,086 [ERROR] LogOutputStream:75 - [STDERR_REDIRECT] 
2026-02-02 17:54:55,087 [ERROR] LogOutputStream:75 - [STDERR_REDIRECT] [Fatal Error] :1:1: Premature end of file.
2026-02-02 17:54:55,088 [ERROR] LogOutputStream:75 - [STDERR_REDIRECT] 
2026-02-02 17:54:56,088 [ERROR] LogOutputStream:75 - [STDERR_REDIRECT] [Fatal Error] :1:1: Premature end of file.
2026-02-02 17:54:56,089 [ERROR] LogOutputStream:75 - [STDERR_REDIRECT] 
2026-02-02 17:54:57,078 [ERROR] LogOutputStream:75 - [STDERR_REDIRECT] [Fatal Error] :1:1: Premature end of file.
2026-02-02 17:54:57,078 [ERROR] LogOutputStream:75 - [STDERR_REDIRECT] 
2026-02-02 17:54:58,078 [ERROR] LogOutputStream:75 - [STDERR_REDIRECT] [Fatal Error] :1:1: Premature end of file.
2026-02-02 17:54:58,078 [ERROR] LogOutputStream:75 - [STDERR_REDIRECT] 
2026-02-02 17:54:59,076 [ERROR] LogOutputStream:75 - [STDERR_REDIRECT] [Fatal Error] :1:1: Premature end of file.
2026-02-02 17:54:59,076 [ERROR] LogOutputStream:75 - [STDERR_REDIRECT] 
2026-02-02 17:55:00,077 [ERROR] LogOutputStream:75 - [STDERR_REDIRECT] [Fatal Error] :1:1: Premature end of file.
2026-02-02 17:55:00,078 [ERROR] LogOutputStream:75 - [STDERR_REDIRECT] 
2026-02-02 17:55:01,077 [ERROR] LogOutputStream:75 - [STDERR_REDIRECT] [Fatal Error] :1:1: Premature end of file.
2026-02-02 17:55:01,077 [ERROR] LogOutputStream:75 - [STDERR_REDIRECT] 
2026-02-02 17:55:02,086 [ERROR] LogOutputStream:75 - [STDERR_REDIRECT] [Fatal Error] :1:1: Premature end of file.
2026-02-02 17:55:02,086 [ERROR] LogOutputStream:75 - [STDERR_REDIRECT] 
2026-02-02 17:55:03,086 [ERROR] LogOutputStream:75 - [STDERR_REDIRECT] [Fatal Error] :1:1: Premature end of file.
2026-02-02 17:55:03,086 [ERROR] LogOutputStream:75 - [STDERR_REDIRECT] 
2026-02-02 17:55:04,088 [ERROR] LogOutputStream:75 - [STDERR_REDIRECT] [Fatal Error] :1:1: Premature end of file.
2026-02-02 17:55:04,089 [ERROR] LogOutputStream:75 - [STDERR_REDIRECT] 
2026-02-02 17:55:05,079 [ERROR] LogOutputStream:75 - [STDERR_REDIRECT] [Fatal Error] :1:1: Premature end of file.
2026-02-02 17:55:05,079 [ERROR] LogOutputStream:75 - [STDERR_REDIRECT] 
2026-02-02 17:55:06,092 [ERROR] LogOutputStream:75 - [STDERR_REDIRECT] [Fatal Error] :1:1: Premature end of file.
2026-02-02 17:55:06,092 [ERROR] LogOutputStream:75 - [STDERR_REDIRECT] 
2026-02-02 17:55:07,093 [ERROR] LogOutputStream:75 - [STDERR_REDIRECT] [Fatal Error] :1:1: Premature end of file.
2026-02-02 17:55:07,093 [ERROR] LogOutputStream:75 - [STDERR_REDIRECT] 
2026-02-02 17:55:08,076 [ERROR] LogOutputStream:75 - [STDERR_REDIRECT] [Fatal Error] :1:1: Premature end of file.
2026-02-02 17:55:08,076 [ERROR] LogOutputStream:75 - [STDERR_REDIRECT] 
2026-02-02 17:55:09,077 [ERROR] LogOutputStream:75 - [STDERR_REDIRECT] [Fatal Error] :1:1: Premature end of file.
2026-02-02 17:55:09,077 [ERROR] LogOutputStream:75 - [STDERR_REDIRECT] 
2026-02-02 17:55:10,076 [ERROR] LogOutputStream:75 - [STDERR_REDIRECT] [Fatal Error] :1:1: Premature end of file.
2026-02-02 17:55:10,076 [ERROR] LogOutputStream:75 - [STDERR_REDIRECT] 
2026-02-02 17:55:11,075 [ERROR] LogOutputStream:75 - [STDERR_REDIRECT] [Fatal Error] :1:1: Premature end of file.
2026-02-02 17:55:11,075 [ERROR] LogOutputStream:75 - [STDERR_REDIRECT] 
2026-02-02 17:55:12,081 [ERROR] LogOutputStream:75 - [STDERR_REDIRECT] [Fatal Error] :1:1: Premature end of file.
2026-02-02 17:55:12,081 [ERROR] LogOutputStream:75 - [STDERR_REDIRECT] 
2026-02-02 17:55:13,082 [ERROR] LogOutputStream:75 - [STDERR_REDIRECT] [Fatal Error] :1:1: Premature end of file.
2026-02-02 17:55:13,082 [ERROR] LogOutputStream:75 - [STDERR_REDIRECT] 
2026-02-02 17:55:14,074 [ERROR] LogOutputStream:75 - [STDERR_REDIRECT] [Fatal Error] :1:1: Premature end of file.
2026-02-02 17:55:14,074 [ERROR] LogOutputStream:75 - [STDERR_REDIRECT] 
2026-02-02 17:55:15,084 [ERROR] LogOutputStream:75 - [STDERR_REDIRECT] [Fatal Error] :1:1: Premature end of file.
2026-02-02 17:55:15,084 [ERROR] LogOutputStream:75 - [STDERR_REDIRECT] 
2026-02-02 17:55:16,076 [ERROR] LogOutputStream:75 - [STDERR_REDIRECT] [Fatal Error] :1:1: Premature end of file.
2026-02-02 17:55:16,076 [ERROR] LogOutputStream:75 - [STDERR_REDIRECT] 
2026-02-02 17:55:17,088 [ERROR] LogOutputStream:75 - [STDERR_REDIRECT] [Fatal Error] :1:1: Premature end of file.
2026-02-02 17:55:17,088 [ERROR] LogOutputStream:75 - [STDERR_REDIRECT] 
2026-02-02 17:55:18,086 [ERROR] LogOutputStream:75 - [STDERR_REDIRECT] [Fatal Error] :1:1: Premature end of file.
2026-02-02 17:55:18,086 [ERROR] LogOutputStream:75 - [STDERR_REDIRECT] 
2026-02-02 17:55:19,078 [ERROR] LogOutputStream:75 - [STDERR_REDIRECT] [Fatal Error] :1:1: Premature end of file.
2026-02-02 17:55:19,078 [ERROR] LogOutputStream:75 - [STDERR_REDIRECT] 
2026-02-02 17:55:20,087 [ERROR] LogOutputStream:75 - [STDERR_REDIRECT] [Fatal Error] :1:1: Premature end of file.
2026-02-02 17:55:20,087 [ERROR] LogOutputStream:75 - [STDERR_REDIRECT] 
2026-02-02 17:55:21,075 [ERROR] LogOutputStream:75 - [STDERR_REDIRECT] [Fatal Error] :1:1: Premature end of file.
2026-02-02 17:55:21,076 [ERROR] LogOutputStream:75 - [STDERR_REDIRECT] 
2026-02-02 17:55:22,086 [ERROR] LogOutputStream:75 - [STDERR_REDIRECT] [Fatal Error] :1:1: Premature end of file.
2026-02-02 17:55:22,086 [ERROR] LogOutputStream:75 - [STDERR_REDIRECT] 
2026-02-02 17:55:23,090 [ERROR] LogOutputStream:75 - [STDERR_REDIRECT] [Fatal Error] :1:1: Premature end of file.
2026-02-02 17:55:23,090 [ERROR] LogOutputStream:75 - [STDERR_REDIRECT] 
2026-02-02 17:55:24,075 [ERROR] LogOutputStream:75 - [STDERR_REDIRECT] [Fatal Error] :1:1: Premature end of file.
2026-02-02 17:55:24,075 [ERROR] LogOutputStream:75 - [STDERR_REDIRECT] 
2026-02-02 17:55:25,074 [ERROR] LogOutputStream:75 - [STDERR_REDIRECT] [Fatal Error] :1:1: Premature end of file.
2026-02-02 17:55:25,074 [ERROR] LogOutputStream:75 - [STDERR_REDIRECT] 
2026-02-02 17:55:26,085 [ERROR] LogOutputStream:75 - [STDERR_REDIRECT] [Fatal Error] :1:1: Premature end of file.
2026-02-02 17:55:26,085 [ERROR] LogOutputStream:75 - [STDERR_REDIRECT] 
2026-02-02 17:55:27,086 [ERROR] LogOutputStream:75 - [STDERR_REDIRECT] [Fatal Error] :1:1: Premature end of file.
2026-02-02 17:55:27,086 [ERROR] LogOutputStream:75 - [STDERR_REDIRECT] 
2026-02-02 17:55:28,077 [ERROR] LogOutputStream:75 - [STDERR_REDIRECT] [Fatal Error] :1:1: Premature end of file.
2026-02-02 17:55:28,077 [ERROR] LogOutputStream:75 - [STDERR_REDIRECT] 
2026-02-02 17:55:29,088 [ERROR] LogOutputStream:75 - [STDERR_REDIRECT] [Fatal Error] :1:1: Premature end of file.
2026-02-02 17:55:29,088 [ERROR] LogOutputStream:75 - [STDERR_REDIRECT] 
2026-02-02 17:55:30,090 [ERROR] LogOutputStream:75 - [STDERR_REDIRECT] [Fatal Error] :1:1: Premature end of file.
2026-02-02 17:55:30,090 [ERROR] LogOutputStream:75 - [STDERR_REDIRECT] 
2026-02-02 17:55:31,087 [ERROR] LogOutputStream:75 - [STDERR_REDIRECT] [Fatal Error] :1:1: Premature end of file.
2026-02-02 17:55:31,087 [ERROR] LogOutputStream:75 - [STDERR_REDIRECT] 
2026-02-02 17:55:32,083 [ERROR] LogOutputStream:75 - [STDERR_REDIRECT] [Fatal Error] :1:1: Premature end of file.
2026-02-02 17:55:32,083 [ERROR] LogOutputStream:75 - [STDERR_REDIRECT] 
2026-02-02 17:55:33,087 [ERROR] LogOutputStream:75 - [STDERR_REDIRECT] [Fatal Error] :1:1: Premature end of file.
2026-02-02 17:55:33,087 [ERROR] LogOutputStream:75 - [STDERR_REDIRECT] 
2026-02-02 17:55:34,074 [ERROR] LogOutputStream:75 - [STDERR_REDIRECT] [Fatal Error] :1:1: Premature end of file.
2026-02-02 17:55:34,074 [ERROR] LogOutputStream:75 - [STDERR_REDIRECT] 
2026-02-02 17:55:35,074 [ERROR] LogOutputStream:75 - [STDERR_REDIRECT] [Fatal Error] :1:1: Premature end of file.
2026-02-02 17:55:35,074 [ERROR] LogOutputStream:75 - [STDERR_REDIRECT] 
2026-02-02 17:55:36,088 [ERROR] LogOutputStream:75 - [STDERR_REDIRECT] [Fatal Error] :1:1: Premature end of file.
2026-02-02 17:55:36,089 [ERROR] LogOutputStream:75 - [STDERR_REDIRECT] 
2026-02-02 17:55:37,078 [ERROR] LogOutputStream:75 - [STDERR_REDIRECT] [Fatal Error] :1:1: Premature end of file.
2026-02-02 17:55:37,079 [ERROR] LogOutputStream:75 - [STDERR_REDIRECT] 
2026-02-02 17:55:38,077 [ERROR] LogOutputStream:75 - [STDERR_REDIRECT] [Fatal Error] :1:1: Premature end of file.
2026-02-02 17:55:38,077 [ERROR] LogOutputStream:75 - [STDERR_REDIRECT] 
2026-02-02 17:55:39,088 [ERROR] LogOutputStream:75 - [STDERR_REDIRECT] [Fatal Error] :1:1: Premature end of file.
2026-02-02 17:55:39,088 [ERROR] LogOutputStream:75 - [STDERR_REDIRECT] 
2026-02-02 17:55:40,075 [ERROR] LogOutputStream:75 - [STDERR_REDIRECT] [Fatal Error] :1:1: Premature end of file.
2026-02-02 17:55:40,075 [ERROR] LogOutputStream:75 - [STDERR_REDIRECT] 
2026-02-02 17:55:41,089 [ERROR] LogOutputStream:75 - [STDERR_REDIRECT] [Fatal Error] :1:1: Premature end of file.
2026-02-02 17:55:41,090 [ERROR] LogOutputStream:75 - [STDERR_REDIRECT] 
2026-02-02 17:55:42,084 [ERROR] LogOutputStream:75 - [STDERR_REDIRECT] [Fatal Error] :1:1: Premature end of file.
2026-02-02 17:55:42,084 [ERROR] LogOutputStream:75 - [STDERR_REDIRECT] 
2026-02-02 17:55:43,073 [ERROR] LogOutputStream:75 - [STDERR_REDIRECT] [Fatal Error] :1:1: Premature end of file.
2026-02-02 17:55:43,073 [ERROR] LogOutputStream:75 - [STDERR_REDIRECT] 
2026-02-02 17:55:44,076 [ERROR] LogOutputStream:75 - [STDERR_REDIRECT] [Fatal Error] :1:1: Premature end of file.
2026-02-02 17:55:44,076 [ERROR] LogOutputStream:75 - [STDERR_REDIRECT] 
2026-02-02 17:55:45,084 [ERROR] LogOutputStream:75 - [STDERR_REDIRECT] [Fatal Error] :1:1: Premature end of file.
2026-02-02 17:55:45,084 [ERROR] LogOutputStream:75 - [STDERR_REDIRECT] 
2026-02-02 17:55:46,074 [ERROR] LogOutputStream:75 - [STDERR_REDIRECT] [Fatal Error] :1:1: Premature end of file.
2026-02-02 17:55:46,074 [ERROR] LogOutputStream:75 - [STDERR_REDIRECT] 
2026-02-02 17:55:47,087 [ERROR] LogOutputStream:75 - [STDERR_REDIRECT] [Fatal Error] :1:1: Premature end of file.
2026-02-02 17:55:47,087 [ERROR] LogOutputStream:75 - [STDERR_REDIRECT] 
2026-02-02 17:55:48,075 [ERROR] LogOutputStream:75 - [STDERR_REDIRECT] [Fatal Error] :1:1: Premature end of file.
2026-02-02 17:55:48,075 [ERROR] LogOutputStream:75 - [STDERR_REDIRECT] 
2026-02-02 17:55:49,075 [ERROR] LogOutputStream:75 - [STDERR_REDIRECT] [Fatal Error] :1:1: Premature end of file.
2026-02-02 17:55:49,075 [ERROR] LogOutputStream:75 - [STDERR_REDIRECT] 
2026-02-02 17:55:50,076 [ERROR] LogOutputStream:75 - [STDERR_REDIRECT] [Fatal Error] :1:1: Premature end of file.
2026-02-02 17:55:50,076 [ERROR] LogOutputStream:75 - [STDERR_REDIRECT] 
2026-02-02 17:55:51,092 [ERROR] LogOutputStream:75 - [STDERR_REDIRECT] [Fatal Error] :1:1: Premature end of file.
2026-02-02 17:55:51,092 [ERROR] LogOutputStream:75 - [STDERR_REDIRECT] 
2026-02-02 17:55:52,076 [ERROR] LogOutputStream:75 - [STDERR_REDIRECT] [Fatal Error] :1:1: Premature end of file.
2026-02-02 17:55:52,076 [ERROR] LogOutputStream:75 - [STDERR_REDIRECT] 
2026-02-02 17:55:53,075 [ERROR] LogOutputStream:75 - [STDERR_REDIRECT] [Fatal Error] :1:1: Premature end of file.
2026-02-02 17:55:53,075 [ERROR] LogOutputStream:75 - [STDERR_REDIRECT] 
2026-02-02 17:55:54,076 [ERROR] LogOutputStream:75 - [STDERR_REDIRECT] [Fatal Error] :1:1: Premature end of file.
2026-02-02 17:55:54,076 [ERROR] LogOutputStream:75 - [STDERR_REDIRECT] 
2026-02-02 17:55:55,080 [ERROR] LogOutputStream:75 - [STDERR_REDIRECT] [Fatal Error] :1:1: Premature end of file.
2026-02-02 17:55:55,080 [ERROR] LogOutputStream:75 - [STDERR_REDIRECT] 
2026-02-02 17:55:56,076 [ERROR] LogOutputStream:75 - [STDERR_REDIRECT] [Fatal Error] :1:1: Premature end of file.
2026-02-02 17:55:56,076 [ERROR] LogOutputStream:75 - [STDERR_REDIRECT] 
2026-02-02 17:55:57,084 [ERROR] LogOutputStream:75 - [STDERR_REDIRECT] [Fatal Error] :1:1: Premature end of file.
2026-02-02 17:55:57,099 [ERROR] LogOutputStream:75 - [STDERR_REDIRECT] 
2026-02-02 17:55:58,074 [ERROR] LogOutputStream:75 - [STDERR_REDIRECT] [Fatal Error] :1:1: Premature end of file.
2026-02-02 17:55:58,074 [ERROR] LogOutputStream:75 - [STDERR_REDIRECT] 
2026-02-02 17:55:59,073 [ERROR] LogOutputStream:75 - [STDERR_REDIRECT] [Fatal Error] :1:1: Premature end of file.
2026-02-02 17:55:59,073 [ERROR] LogOutputStream:75 - [STDERR_REDIRECT] 
2026-02-02 17:56:00,094 [ERROR] LogOutputStream:75 - [STDERR_REDIRECT] [Fatal Error] :1:1: Premature end of file.
2026-02-02 17:56:00,095 [ERROR] LogOutputStream:75 - [STDERR_REDIRECT] 
2026-02-02 17:56:01,074 [ERROR] LogOutputStream:75 - [STDERR_REDIRECT] [Fatal Error] :1:1: Premature end of file.
2026-02-02 17:56:01,074 [ERROR] LogOutputStream:75 - [STDERR_REDIRECT] 
2026-02-02 17:56:02,074 [ERROR] LogOutputStream:75 - [STDERR_REDIRECT] [Fatal Error] :1:1: Premature end of file.
2026-02-02 17:56:02,074 [ERROR] LogOutputStream:75 - [STDERR_REDIRECT] 
2026-02-02 17:56:03,073 [ERROR] LogOutputStream:75 - [STDERR_REDIRECT] [Fatal Error] :1:1: Premature end of file.
2026-02-02 17:56:03,074 [ERROR] LogOutputStream:75 - [STDERR_REDIRECT] 
2026-02-02 17:56:04,076 [ERROR] LogOutputStream:75 - [STDERR_REDIRECT] [Fatal Error] :1:1: Premature end of file.
2026-02-02 17:56:04,076 [ERROR] LogOutputStream:75 - [STDERR_REDIRECT] 
2026-02-02 17:56:05,090 [ERROR] LogOutputStream:75 - [STDERR_REDIRECT] [Fatal Error] :1:1: Premature end of file.
2026-02-02 17:56:05,090 [ERROR] LogOutputStream:75 - [STDERR_REDIRECT] 
2026-02-02 17:56:06,076 [ERROR] LogOutputStream:75 - [STDERR_REDIRECT] [Fatal Error] :1:1: Premature end of file.
2026-02-02 17:56:06,076 [ERROR] LogOutputStream:75 - [STDERR_REDIRECT] 
2026-02-02 17:56:07,086 [ERROR] LogOutputStream:75 - [STDERR_REDIRECT] [Fatal Error] :1:1: Premature end of file.
2026-02-02 17:56:07,087 [ERROR] LogOutputStream:75 - [STDERR_REDIRECT] 
2026-02-02 17:56:08,073 [ERROR] LogOutputStream:75 - [STDERR_REDIRECT] [Fatal Error] :1:1: Premature end of file.
2026-02-02 17:56:08,073 [ERROR] LogOutputStream:75 - [STDERR_REDIRECT] 
2026-02-02 17:56:09,080 [ERROR] LogOutputStream:75 - [STDERR_REDIRECT] [Fatal Error] :1:1: Premature end of file.
2026-02-02 17:56:09,080 [ERROR] LogOutputStream:75 - [STDERR_REDIRECT] 
2026-02-02 17:56:10,075 [ERROR] LogOutputStream:75 - [STDERR_REDIRECT] [Fatal Error] :1:1: Premature end of file.
2026-02-02 17:56:10,075 [ERROR] LogOutputStream:75 - [STDERR_REDIRECT] 
2026-02-02 17:56:11,076 [ERROR] LogOutputStream:75 - [STDERR_REDIRECT] [Fatal Error] :1:1: Premature end of file.
2026-02-02 17:56:11,076 [ERROR] LogOutputStream:75 - [STDERR_REDIRECT] 
2026-02-02 17:56:12,076 [ERROR] LogOutputStream:75 - [STDERR_REDIRECT] [Fatal Error] :1:1: Premature end of file.
2026-02-02 17:56:12,076 [ERROR] LogOutputStream:75 - [STDERR_REDIRECT] 
2026-02-02 17:56:13,074 [ERROR] LogOutputStream:75 - [STDERR_REDIRECT] [Fatal Error] :1:1: Premature end of file.
2026-02-02 17:56:13,074 [ERROR] LogOutputStream:75 - [STDERR_REDIRECT] 
2026-02-02 17:56:14,089 [ERROR] LogOutputStream:75 - [STDERR_REDIRECT] [Fatal Error] :1:1: Premature end of file.
2026-02-02 17:56:14,089 [ERROR] LogOutputStream:75 - [STDERR_REDIRECT] 
2026-02-02 17:56:15,083 [ERROR] LogOutputStream:75 - [STDERR_REDIRECT] [Fatal Error] :1:1: Premature end of file.
2026-02-02 17:56:15,083 [ERROR] LogOutputStream:75 - [STDERR_REDIRECT] 
2026-02-02 17:56:16,075 [ERROR] LogOutputStream:75 - [STDERR_REDIRECT] [Fatal Error] :1:1: Premature end of file.
2026-02-02 17:56:16,075 [ERROR] LogOutputStream:75 - [STDERR_REDIRECT] 
2026-02-02 17:56:17,076 [ERROR] LogOutputStream:75 - [STDERR_REDIRECT] [Fatal Error] :1:1: Premature end of file.
2026-02-02 17:56:17,077 [ERROR] LogOutputStream:75 - [STDERR_REDIRECT] 
2026-02-02 17:56:18,081 [ERROR] LogOutputStream:75 - [STDERR_REDIRECT] [Fatal Error] :1:1: Premature end of file.
2026-02-02 17:56:18,081 [ERROR] LogOutputStream:75 - [STDERR_REDIRECT] 
2026-02-02 17:56:19,086 [ERROR] LogOutputStream:75 - [STDERR_REDIRECT] [Fatal Error] :1:1: Premature end of file.
2026-02-02 17:56:19,086 [ERROR] LogOutputStream:75 - [STDERR_REDIRECT] 
2026-02-02 17:56:20,091 [ERROR] LogOutputStream:75 - [STDERR_REDIRECT] [Fatal Error] :1:1: Premature end of file.
2026-02-02 17:56:20,091 [ERROR] LogOutputStream:75 - [STDERR_REDIRECT] 
2026-02-02 17:56:21,083 [ERROR] LogOutputStream:75 - [STDERR_REDIRECT] [Fatal Error] :1:1: Premature end of file.
2026-02-02 17:56:21,083 [ERROR] LogOutputStream:75 - [STDERR_REDIRECT] 
2026-02-02 17:56:22,075 [ERROR] LogOutputStream:75 - [STDERR_REDIRECT] [Fatal Error] :1:1: Premature end of file.
2026-02-02 17:56:22,075 [ERROR] LogOutputStream:75 - [STDERR_REDIRECT] 
2026-02-02 17:56:23,086 [ERROR] LogOutputStream:75 - [STDERR_REDIRECT] [Fatal Error] :1:1: Premature end of file.
2026-02-02 17:56:23,086 [ERROR] LogOutputStream:75 - [STDERR_REDIRECT] 
2026-02-02 17:56:24,095 [ERROR] LogOutputStream:75 - [STDERR_REDIRECT] [Fatal Error] :1:1: Premature end of file.
2026-02-02 17:56:24,095 [ERROR] LogOutputStream:75 - [STDERR_REDIRECT] 
2026-02-02 17:56:25,087 [ERROR] LogOutputStream:75 - [STDERR_REDIRECT] [Fatal Error] :1:1: Premature end of file.
2026-02-02 17:56:25,087 [ERROR] LogOutputStream:75 - [STDERR_REDIRECT] 
2026-02-02 17:56:26,081 [ERROR] LogOutputStream:75 - [STDERR_REDIRECT] [Fatal Error] :1:1: Premature end of file.
2026-02-02 17:56:26,081 [ERROR] LogOutputStream:75 - [STDERR_REDIRECT] 
2026-02-02 17:56:27,086 [ERROR] LogOutputStream:75 - [STDERR_REDIRECT] [Fatal Error] :1:1: Premature end of file.
2026-02-02 17:56:27,091 [ERROR] LogOutputStream:75 - [STDERR_REDIRECT] 
2026-02-02 17:56:28,073 [ERROR] LogOutputStream:75 - [STDERR_REDIRECT] [Fatal Error] :1:1: Premature end of file.
2026-02-02 17:56:28,073 [ERROR] LogOutputStream:75 - [STDERR_REDIRECT] 
2026-02-02 17:56:29,085 [ERROR] LogOutputStream:75 - [STDERR_REDIRECT] [Fatal Error] :1:1: Premature end of file.
2026-02-02 17:56:29,085 [ERROR] LogOutputStream:75 - [STDERR_REDIRECT] 
2026-02-02 17:56:30,089 [ERROR] LogOutputStream:75 - [STDERR_REDIRECT] [Fatal Error] :1:1: Premature end of file.
2026-02-02 17:56:30,089 [ERROR] LogOutputStream:75 - [STDERR_REDIRECT] 
2026-02-02 17:56:31,085 [ERROR] LogOutputStream:75 - [STDERR_REDIRECT] [Fatal Error] :1:1: Premature end of file.
2026-02-02 17:56:31,085 [ERROR] LogOutputStream:75 - [STDERR_REDIRECT] 
2026-02-02 17:56:32,074 [ERROR] LogOutputStream:75 - [STDERR_REDIRECT] [Fatal Error] :1:1: Premature end of file.
2026-02-02 17:56:32,074 [ERROR] LogOutputStream:75 - [STDERR_REDIRECT] 
2026-02-02 17:56:33,075 [ERROR] LogOutputStream:75 - [STDERR_REDIRECT] [Fatal Error] :1:1: Premature end of file.
2026-02-02 17:56:33,075 [ERROR] LogOutputStream:75 - [STDERR_REDIRECT] 
2026-02-02 17:56:34,072 [ERROR] LogOutputStream:75 - [STDERR_REDIRECT] [Fatal Error] :1:1: Premature end of file.
2026-02-02 17:56:34,072 [ERROR] LogOutputStream:75 - [STDERR_REDIRECT] 
2026-02-02 17:56:35,103 [ERROR] LogOutputStream:75 - [STDERR_REDIRECT] [Fatal Error] :1:1: Premature end of file.
2026-02-02 17:56:35,104 [ERROR] LogOutputStream:75 - [STDERR_REDIRECT] 
2026-02-02 17:56:36,089 [ERROR] LogOutputStream:75 - [STDERR_REDIRECT] [Fatal Error] :1:1: Premature end of file.
2026-02-02 17:56:36,089 [ERROR] LogOutputStream:75 - [STDERR_REDIRECT] 
2026-02-02 17:56:37,085 [ERROR] LogOutputStream:75 - [STDERR_REDIRECT] [Fatal Error] :1:1: Premature end of file.
2026-02-02 17:56:37,085 [ERROR] LogOutputStream:75 - [STDERR_REDIRECT] 
2026-02-02 17:56:38,074 [ERROR] LogOutputStream:75 - [STDERR_REDIRECT] [Fatal Error] :1:1: Premature end of file.
2026-02-02 17:56:38,074 [ERROR] LogOutputStream:75 - [STDERR_REDIRECT] 
2026-02-02 17:56:39,072 [ERROR] LogOutputStream:75 - [STDERR_REDIRECT] [Fatal Error] :1:1: Premature end of file.
2026-02-02 17:56:39,072 [ERROR] LogOutputStream:75 - [STDERR_REDIRECT] 
2026-02-02 17:56:40,075 [ERROR] LogOutputStream:75 - [STDERR_REDIRECT] [Fatal Error] :1:1: Premature end of file.
2026-02-02 17:56:40,075 [ERROR] LogOutputStream:75 - [STDERR_REDIRECT] 
2026-02-02 17:56:41,088 [ERROR] LogOutputStream:75 - [STDERR_REDIRECT] [Fatal Error] :1:1: Premature end of file.
2026-02-02 17:56:41,088 [ERROR] LogOutputStream:75 - [STDERR_REDIRECT] 
2026-02-02 17:56:42,084 [ERROR] LogOutputStream:75 - [STDERR_REDIRECT] [Fatal Error] :1:1: Premature end of file.
2026-02-02 17:56:42,084 [ERROR] LogOutputStream:75 - [STDERR_REDIRECT] 
2026-02-02 17:56:43,079 [ERROR] LogOutputStream:75 - [STDERR_REDIRECT] [Fatal Error] :1:1: Premature end of file.
2026-02-02 17:56:43,079 [ERROR] LogOutputStream:75 - [STDERR_REDIRECT] 
2026-02-02 17:56:44,075 [ERROR] LogOutputStream:75 - [STDERR_REDIRECT] [Fatal Error] :1:1: Premature end of file.
2026-02-02 17:56:44,075 [ERROR] LogOutputStream:75 - [STDERR_REDIRECT] 
2026-02-02 17:56:45,086 [ERROR] LogOutputStream:75 - [STDERR_REDIRECT] [Fatal Error] :1:1: Premature end of file.
2026-02-02 17:56:45,087 [ERROR] LogOutputStream:75 - [STDERR_REDIRECT] 
2026-02-02 17:56:46,101 [ERROR] LogOutputStream:75 - [STDERR_REDIRECT] [Fatal Error] :1:1: Premature end of file.
2026-02-02 17:56:46,101 [ERROR] LogOutputStream:75 - [STDERR_REDIRECT] 
2026-02-02 17:56:47,084 [ERROR] LogOutputStream:75 - [STDERR_REDIRECT] [Fatal Error] :1:1: Premature end of file.
2026-02-02 17:56:47,084 [ERROR] LogOutputStream:75 - [STDERR_REDIRECT] 
2026-02-02 17:56:48,083 [ERROR] LogOutputStream:75 - [STDERR_REDIRECT] [Fatal Error] :1:1: Premature end of file.
2026-02-02 17:56:48,083 [ERROR] LogOutputStream:75 - [STDERR_REDIRECT] 
2026-02-02 17:56:49,087 [ERROR] LogOutputStream:75 - [STDERR_REDIRECT] [Fatal Error] :1:1: Premature end of file.
2026-02-02 17:56:49,087 [ERROR] LogOutputStream:75 - [STDERR_REDIRECT] 
2026-02-02 17:56:50,086 [ERROR] LogOutputStream:75 - [STDERR_REDIRECT] [Fatal Error] :1:1: Premature end of file.
2026-02-02 17:56:50,087 [ERROR] LogOutputStream:75 - [STDERR_REDIRECT] 
2026-02-02 17:56:51,090 [ERROR] LogOutputStream:75 - [STDERR_REDIRECT] [Fatal Error] :1:1: Premature end of file.
2026-02-02 17:56:51,091 [ERROR] LogOutputStream:75 - [STDERR_REDIRECT] 
2026-02-02 17:56:52,075 [ERROR] LogOutputStream:75 - [STDERR_REDIRECT] [Fatal Error] :1:1: Premature end of file.
2026-02-02 17:56:52,075 [ERROR] LogOutputStream:75 - [STDERR_REDIRECT] 
2026-02-02 17:56:53,090 [ERROR] LogOutputStream:75 - [STDERR_REDIRECT] [Fatal Error] :1:1: Premature end of file.
2026-02-02 17:56:53,090 [ERROR] LogOutputStream:75 - [STDERR_REDIRECT] 
2026-02-02 17:56:54,070 [ERROR] LogOutputStream:75 - [STDERR_REDIRECT] [Fatal Error] :1:1: Premature end of file.
2026-02-02 17:56:54,070 [ERROR] LogOutputStream:75 - [STDERR_REDIRECT] 
2026-02-02 17:56:55,089 [ERROR] LogOutputStream:75 - [STDERR_REDIRECT] [Fatal Error] :1:1: Premature end of file.
2026-02-02 17:56:55,089 [ERROR] LogOutputStream:75 - [STDERR_REDIRECT] 
2026-02-02 17:56:56,087 [ERROR] LogOutputStream:75 - [STDERR_REDIRECT] [Fatal Error] :1:1: Premature end of file.
2026-02-02 17:56:56,087 [ERROR] LogOutputStream:75 - [STDERR_REDIRECT] 
2026-02-02 17:56:57,086 [ERROR] LogOutputStream:75 - [STDERR_REDIRECT] [Fatal Error] :1:1: Premature end of file.
2026-02-02 17:56:57,087 [ERROR] LogOutputStream:75 - [STDERR_REDIRECT] 
2026-02-02 17:56:58,087 [ERROR] LogOutputStream:75 - [STDERR_REDIRECT] [Fatal Error] :1:1: Premature end of file.
2026-02-02 17:56:58,088 [ERROR] LogOutputStream:75 - [STDERR_REDIRECT] 
2026-02-02 17:56:59,075 [ERROR] LogOutputStream:75 - [STDERR_REDIRECT] [Fatal Error] :1:1: Premature end of file.
2026-02-02 17:56:59,075 [ERROR] LogOutputStream:75 - [STDERR_REDIRECT] 
2026-02-02 17:57:00,073 [ERROR] LogOutputStream:75 - [STDERR_REDIRECT] [Fatal Error] :1:1: Premature end of file.
2026-02-02 17:57:00,073 [ERROR] LogOutputStream:75 - [STDERR_REDIRECT] 
2026-02-02 17:57:01,085 [ERROR] LogOutputStream:75 - [STDERR_REDIRECT] [Fatal Error] :1:1: Premature end of file.
2026-02-02 17:57:01,085 [ERROR] LogOutputStream:75 - [STDERR_REDIRECT] 
2026-02-02 17:57:02,073 [ERROR] LogOutputStream:75 - [STDERR_REDIRECT] [Fatal Error] :1:1: Premature end of file.
2026-02-02 17:57:02,073 [ERROR] LogOutputStream:75 - [STDERR_REDIRECT] 
2026-02-02 17:57:03,079 [ERROR] LogOutputStream:75 - [STDERR_REDIRECT] [Fatal Error] :1:1: Premature end of file.
2026-02-02 17:57:03,079 [ERROR] LogOutputStream:75 - [STDERR_REDIRECT] 
2026-02-02 17:57:04,072 [ERROR] LogOutputStream:75 - [STDERR_REDIRECT] [Fatal Error] :1:1: Premature end of file.
2026-02-02 17:57:04,072 [ERROR] LogOutputStream:75 - [STDERR_REDIRECT] 
2026-02-02 17:57:05,078 [ERROR] LogOutputStream:75 - [STDERR_REDIRECT] [Fatal Error] :1:1: Premature end of file.
2026-02-02 17:57:05,078 [ERROR] LogOutputStream:75 - [STDERR_REDIRECT] 
2026-02-02 17:57:06,063 [ERROR] LogOutputStream:75 - [STDERR_REDIRECT] [Fatal Error] :1:1: Premature end of file.
2026-02-02 17:57:06,063 [ERROR] LogOutputStream:75 - [STDERR_REDIRECT] 
2026-02-02 17:57:07,069 [ERROR] LogOutputStream:75 - [STDERR_REDIRECT] [Fatal Error] :1:1: Premature end of file.
2026-02-02 17:57:07,069 [ERROR] LogOutputStream:75 - [STDERR_REDIRECT] 
2026-02-02 17:57:08,075 [ERROR] LogOutputStream:75 - [STDERR_REDIRECT] [Fatal Error] :1:1: Premature end of file.
2026-02-02 17:57:08,075 [ERROR] LogOutputStream:75 - [STDERR_REDIRECT] 
2026-02-02 17:57:09,085 [ERROR] LogOutputStream:75 - [STDERR_REDIRECT] [Fatal Error] :1:1: Premature end of file.
2026-02-02 17:57:09,085 [ERROR] LogOutputStream:75 - [STDERR_REDIRECT] 
2026-02-02 17:57:10,086 [ERROR] LogOutputStream:75 - [STDERR_REDIRECT] [Fatal Error] :1:1: Premature end of file.
2026-02-02 17:57:10,086 [ERROR] LogOutputStream:75 - [STDERR_REDIRECT] 
2026-02-02 17:57:11,075 [ERROR] LogOutputStream:75 - [STDERR_REDIRECT] [Fatal Error] :1:1: Premature end of file.
2026-02-02 17:57:11,075 [ERROR] LogOutputStream:75 - [STDERR_REDIRECT] 
2026-02-02 17:57:12,095 [ERROR] LogOutputStream:75 - [STDERR_REDIRECT] [Fatal Error] :1:1: Premature end of file.
2026-02-02 17:57:12,096 [ERROR] LogOutputStream:75 - [STDERR_REDIRECT] 
2026-02-02 17:57:13,091 [ERROR] LogOutputStream:75 - [STDERR_REDIRECT] [Fatal Error] :1:1: Premature end of file.
2026-02-02 17:57:13,091 [ERROR] LogOutputStream:75 - [STDERR_REDIRECT] 
2026-02-02 17:57:14,096 [ERROR] LogOutputStream:75 - [STDERR_REDIRECT] [Fatal Error] :1:1: Premature end of file.
2026-02-02 17:57:14,096 [ERROR] LogOutputStream:75 - [STDERR_REDIRECT] 
2026-02-02 17:57:15,103 [ERROR] LogOutputStream:75 - [STDERR_REDIRECT] [Fatal Error] :1:1: Premature end of file.
2026-02-02 17:57:15,103 [ERROR] LogOutputStream:75 - [STDERR_REDIRECT] 
2026-02-02 17:57:16,089 [ERROR] LogOutputStream:75 - [STDERR_REDIRECT] [Fatal Error] :1:1: Premature end of file.
2026-02-02 17:57:16,089 [ERROR] LogOutputStream:75 - [STDERR_REDIRECT] 
2026-02-02 17:57:17,086 [ERROR] LogOutputStream:75 - [STDERR_REDIRECT] [Fatal Error] :1:1: Premature end of file.
2026-02-02 17:57:17,086 [ERROR] LogOutputStream:75 - [STDERR_REDIRECT] 
2026-02-02 17:57:18,098 [ERROR] LogOutputStream:75 - [STDERR_REDIRECT] [Fatal Error] :1:1: Premature end of file.
2026-02-02 17:57:18,098 [ERROR] LogOutputStream:75 - [STDERR_REDIRECT] 
2026-02-02 17:57:19,085 [ERROR] LogOutputStream:75 - [STDERR_REDIRECT] [Fatal Error] :1:1: Premature end of file.
2026-02-02 17:57:19,085 [ERROR] LogOutputStream:75 - [STDERR_REDIRECT] 
2026-02-02 17:57:20,087 [ERROR] LogOutputStream:75 - [STDERR_REDIRECT] [Fatal Error] :1:1: Premature end of file.
2026-02-02 17:57:20,087 [ERROR] LogOutputStream:75 - [STDERR_REDIRECT] 
2026-02-02 17:57:21,071 [ERROR] LogOutputStream:75 - [STDERR_REDIRECT] [Fatal Error] :1:1: Premature end of file.
2026-02-02 17:57:21,072 [ERROR] LogOutputStream:75 - [STDERR_REDIRECT] 
2026-02-02 17:57:22,079 [ERROR] LogOutputStream:75 - [STDERR_REDIRECT] [Fatal Error] :1:1: Premature end of file.
2026-02-02 17:57:22,079 [ERROR] LogOutputStream:75 - [STDERR_REDIRECT] 
2026-02-02 17:57:23,078 [ERROR] LogOutputStream:75 - [STDERR_REDIRECT] [Fatal Error] :1:1: Premature end of file.
2026-02-02 17:57:23,078 [ERROR] LogOutputStream:75 - [STDERR_REDIRECT] 
2026-02-02 17:57:24,085 [ERROR] LogOutputStream:75 - [STDERR_REDIRECT] [Fatal Error] :1:1: Premature end of file.
2026-02-02 17:57:24,085 [ERROR] LogOutputStream:75 - [STDERR_REDIRECT] 
2026-02-02 17:57:25,076 [ERROR] LogOutputStream:75 - [STDERR_REDIRECT] [Fatal Error] :1:1: Premature end of file.
2026-02-02 17:57:25,076 [ERROR] LogOutputStream:75 - [STDERR_REDIRECT] 
2026-02-02 17:57:26,085 [ERROR] LogOutputStream:75 - [STDERR_REDIRECT] [Fatal Error] :1:1: Premature end of file.
2026-02-02 17:57:26,085 [ERROR] LogOutputStream:75 - [STDERR_REDIRECT] 
2026-02-02 17:57:27,082 [ERROR] LogOutputStream:75 - [STDERR_REDIRECT] [Fatal Error] :1:1: Premature end of file.
2026-02-02 17:57:27,082 [ERROR] LogOutputStream:75 - [STDERR_REDIRECT] 
2026-02-02 17:57:28,082 [ERROR] LogOutputStream:75 - [STDERR_REDIRECT] [Fatal Error] :1:1: Premature end of file.
2026-02-02 17:57:28,082 [ERROR] LogOutputStream:75 - [STDERR_REDIRECT] 
2026-02-02 17:57:29,070 [ERROR] LogOutputStream:75 - [STDERR_REDIRECT] [Fatal Error] :1:1: Premature end of file.
2026-02-02 17:57:29,070 [ERROR] LogOutputStream:75 - [STDERR_REDIRECT] 
2026-02-02 17:57:30,075 [ERROR] LogOutputStream:75 - [STDERR_REDIRECT] [Fatal Error] :1:1: Premature end of file.
2026-02-02 17:57:30,076 [ERROR] LogOutputStream:75 - [STDERR_REDIRECT] 
2026-02-02 17:57:31,079 [ERROR] LogOutputStream:75 - [STDERR_REDIRECT] [Fatal Error] :1:1: Premature end of file.
2026-02-02 17:57:31,080 [ERROR] LogOutputStream:75 - [STDERR_REDIRECT] 
2026-02-02 17:57:32,088 [ERROR] LogOutputStream:75 - [STDERR_REDIRECT] [Fatal Error] :1:1: Premature end of file.
2026-02-02 17:57:32,089 [ERROR] LogOutputStream:75 - [STDERR_REDIRECT] 
2026-02-02 17:57:33,073 [ERROR] LogOutputStream:75 - [STDERR_REDIRECT] [Fatal Error] :1:1: Premature end of file.
2026-02-02 17:57:33,073 [ERROR] LogOutputStream:75 - [STDERR_REDIRECT] 
2026-02-02 17:57:34,078 [ERROR] LogOutputStream:75 - [STDERR_REDIRECT] [Fatal Error] :1:1: Premature end of file.
2026-02-02 17:57:34,078 [ERROR] LogOutputStream:75 - [STDERR_REDIRECT] 
2026-02-02 17:57:35,086 [ERROR] LogOutputStream:75 - [STDERR_REDIRECT] [Fatal Error] :1:1: Premature end of file.
2026-02-02 17:57:35,086 [ERROR] LogOutputStream:75 - [STDERR_REDIRECT] 
2026-02-02 17:57:36,086 [ERROR] LogOutputStream:75 - [STDERR_REDIRECT] [Fatal Error] :1:1: Premature end of file.
2026-02-02 17:57:36,086 [ERROR] LogOutputStream:75 - [STDERR_REDIRECT] 
2026-02-02 17:57:37,082 [ERROR] LogOutputStream:75 - [STDERR_REDIRECT] [Fatal Error] :1:1: Premature end of file.
2026-02-02 17:57:37,082 [ERROR] LogOutputStream:75 - [STDERR_REDIRECT] 
2026-02-02 17:57:38,077 [ERROR] LogOutputStream:75 - [STDERR_REDIRECT] [Fatal Error] :1:1: Premature end of file.
2026-02-02 17:57:38,077 [ERROR] LogOutputStream:75 - [STDERR_REDIRECT] 
2026-02-02 17:57:39,080 [ERROR] LogOutputStream:75 - [STDERR_REDIRECT] [Fatal Error] :1:1: Premature end of file.
2026-02-02 17:57:39,080 [ERROR] LogOutputStream:75 - [STDERR_REDIRECT] 
2026-02-02 17:57:40,084 [ERROR] LogOutputStream:75 - [STDERR_REDIRECT] [Fatal Error] :1:1: Premature end of file.
2026-02-02 17:57:40,084 [ERROR] LogOutputStream:75 - [STDERR_REDIRECT] 
2026-02-02 17:57:41,085 [ERROR] LogOutputStream:75 - [STDERR_REDIRECT] [Fatal Error] :1:1: Premature end of file.
2026-02-02 17:57:41,085 [ERROR] LogOutputStream:75 - [STDERR_REDIRECT] 
2026-02-02 17:57:42,085 [ERROR] LogOutputStream:75 - [STDERR_REDIRECT] [Fatal Error] :1:1: Premature end of file.
2026-02-02 17:57:42,085 [ERROR] LogOutputStream:75 - [STDERR_REDIRECT] 
2026-02-02 17:57:43,098 [ERROR] LogOutputStream:75 - [STDERR_REDIRECT] [Fatal Error] :1:1: Premature end of file.
2026-02-02 17:57:43,099 [ERROR] LogOutputStream:75 - [STDERR_REDIRECT] 
2026-02-02 17:57:44,085 [ERROR] LogOutputStream:75 - [STDERR_REDIRECT] [Fatal Error] :1:1: Premature end of file.
2026-02-02 17:57:44,085 [ERROR] LogOutputStream:75 - [STDERR_REDIRECT] 
2026-02-02 17:57:45,077 [ERROR] LogOutputStream:75 - [STDERR_REDIRECT] [Fatal Error] :1:1: Premature end of file.
2026-02-02 17:57:45,077 [ERROR] LogOutputStream:75 - [STDERR_REDIRECT] 
2026-02-02 17:57:46,087 [ERROR] LogOutputStream:75 - [STDERR_REDIRECT] [Fatal Error] :1:1: Premature end of file.
2026-02-02 17:57:46,087 [ERROR] LogOutputStream:75 - [STDERR_REDIRECT] 
2026-02-02 17:57:47,104 [ERROR] LogOutputStream:75 - [STDERR_REDIRECT] [Fatal Error] :1:1: Premature end of file.
2026-02-02 17:57:47,104 [ERROR] LogOutputStream:75 - [STDERR_REDIRECT] 
2026-02-02 17:57:48,089 [ERROR] LogOutputStream:75 - [STDERR_REDIRECT] [Fatal Error] :1:1: Premature end of file.
2026-02-02 17:57:48,090 [ERROR] LogOutputStream:75 - [STDERR_REDIRECT] 
2026-02-02 17:57:49,087 [ERROR] LogOutputStream:75 - [STDERR_REDIRECT] [Fatal Error] :1:1: Premature end of file.
2026-02-02 17:57:49,087 [ERROR] LogOutputStream:75 - [STDERR_REDIRECT] 
2026-02-02 17:57:50,095 [ERROR] LogOutputStream:75 - [STDERR_REDIRECT] [Fatal Error] :1:1: Premature end of file.
2026-02-02 17:57:50,095 [ERROR] LogOutputStream:75 - [STDERR_REDIRECT] 
2026-02-02 17:57:51,090 [ERROR] LogOutputStream:75 - [STDERR_REDIRECT] [Fatal Error] :1:1: Premature end of file.
2026-02-02 17:57:51,090 [ERROR] LogOutputStream:75 - [STDERR_REDIRECT] 
2026-02-02 17:57:52,082 [ERROR] LogOutputStream:75 - [STDERR_REDIRECT] [Fatal Error] :1:1: Premature end of file.
2026-02-02 17:57:52,082 [ERROR] LogOutputStream:75 - [STDERR_REDIRECT] 
2026-02-02 17:57:53,087 [ERROR] LogOutputStream:75 - [STDERR_REDIRECT] [Fatal Error] :1:1: Premature end of file.
2026-02-02 17:57:53,087 [ERROR] LogOutputStream:75 - [STDERR_REDIRECT] 
2026-02-02 17:57:54,078 [ERROR] LogOutputStream:75 - [STDERR_REDIRECT] [Fatal Error] :1:1: Premature end of file.
2026-02-02 17:57:54,078 [ERROR] LogOutputStream:75 - [STDERR_REDIRECT] 
2026-02-02 17:57:55,090 [ERROR] LogOutputStream:75 - [STDERR_REDIRECT] [Fatal Error] :1:1: Premature end of file.
2026-02-02 17:57:55,090 [ERROR] LogOutputStream:75 - [STDERR_REDIRECT] 
2026-02-02 17:57:56,081 [ERROR] LogOutputStream:75 - [STDERR_REDIRECT] [Fatal Error] :1:1: Premature end of file.
2026-02-02 17:57:56,081 [ERROR] LogOutputStream:75 - [STDERR_REDIRECT] 
2026-02-02 17:57:57,103 [ERROR] LogOutputStream:75 - [STDERR_REDIRECT] [Fatal Error] :1:1: Premature end of file.
2026-02-02 17:57:57,104 [ERROR] LogOutputStream:75 - [STDERR_REDIRECT] 
2026-02-02 17:57:58,093 [ERROR] LogOutputStream:75 - [STDERR_REDIRECT] [Fatal Error] :1:1: Premature end of file.
2026-02-02 17:57:58,093 [ERROR] LogOutputStream:75 - [STDERR_REDIRECT] 
2026-02-02 17:57:59,086 [ERROR] LogOutputStream:75 - [STDERR_REDIRECT] [Fatal Error] :1:1: Premature end of file.
2026-02-02 17:57:59,086 [ERROR] LogOutputStream:75 - [STDERR_REDIRECT] 
2026-02-02 17:58:00,071 [ERROR] LogOutputStream:75 - [STDERR_REDIRECT] [Fatal Error] :1:1: Premature end of file.
2026-02-02 17:58:00,071 [ERROR] LogOutputStream:75 - [STDERR_REDIRECT] 
2026-02-02 17:58:01,077 [ERROR] LogOutputStream:75 - [STDERR_REDIRECT] [Fatal Error] :1:1: Premature end of file.
2026-02-02 17:58:01,077 [ERROR] LogOutputStream:75 - [STDERR_REDIRECT] 
2026-02-02 17:58:02,089 [ERROR] LogOutputStream:75 - [STDERR_REDIRECT] [Fatal Error] :1:1: Premature end of file.
2026-02-02 17:58:02,090 [ERROR] LogOutputStream:75 - [STDERR_REDIRECT] 
2026-02-02 17:58:03,075 [ERROR] LogOutputStream:75 - [STDERR_REDIRECT] [Fatal Error] :1:1: Premature end of file.
2026-02-02 17:58:03,076 [ERROR] LogOutputStream:75 - [STDERR_REDIRECT] 
2026-02-02 17:58:04,081 [ERROR] LogOutputStream:75 - [STDERR_REDIRECT] [Fatal Error] :1:1: Premature end of file.
2026-02-02 17:58:04,081 [ERROR] LogOutputStream:75 - [STDERR_REDIRECT] 
2026-02-02 17:58:05,084 [ERROR] LogOutputStream:75 - [STDERR_REDIRECT] [Fatal Error] :1:1: Premature end of file.
2026-02-02 17:58:05,084 [ERROR] LogOutputStream:75 - [STDERR_REDIRECT] 
2026-02-02 17:58:06,077 [ERROR] LogOutputStream:75 - [STDERR_REDIRECT] [Fatal Error] :1:1: Premature end of file.
2026-02-02 17:58:06,078 [ERROR] LogOutputStream:75 - [STDERR_REDIRECT] 
2026-02-02 17:58:07,082 [ERROR] LogOutputStream:75 - [STDERR_REDIRECT] [Fatal Error] :1:1: Premature end of file.
2026-02-02 17:58:07,082 [ERROR] LogOutputStream:75 - [STDERR_REDIRECT] 
2026-02-02 17:58:08,072 [ERROR] LogOutputStream:75 - [STDERR_REDIRECT] [Fatal Error] :1:1: Premature end of file.
2026-02-02 17:58:08,072 [ERROR] LogOutputStream:75 - [STDERR_REDIRECT] 
2026-02-02 17:58:09,089 [ERROR] LogOutputStream:75 - [STDERR_REDIRECT] [Fatal Error] :1:1: Premature end of file.
2026-02-02 17:58:09,089 [ERROR] LogOutputStream:75 - [STDERR_REDIRECT] 
2026-02-02 17:58:10,085 [ERROR] LogOutputStream:75 - [STDERR_REDIRECT] [Fatal Error] :1:1: Premature end of file.
2026-02-02 17:58:10,085 [ERROR] LogOutputStream:75 - [STDERR_REDIRECT] 
2026-02-02 17:58:11,084 [ERROR] LogOutputStream:75 - [STDERR_REDIRECT] [Fatal Error] :1:1: Premature end of file.
2026-02-02 17:58:11,084 [ERROR] LogOutputStream:75 - [STDERR_REDIRECT] 
2026-02-02 17:58:12,089 [ERROR] LogOutputStream:75 - [STDERR_REDIRECT] [Fatal Error] :1:1: Premature end of file.
2026-02-02 17:58:12,089 [ERROR] LogOutputStream:75 - [STDERR_REDIRECT] 
2026-02-02 17:58:13,078 [ERROR] LogOutputStream:75 - [STDERR_REDIRECT] [Fatal Error] :1:1: Premature end of file.
2026-02-02 17:58:13,078 [ERROR] LogOutputStream:75 - [STDERR_REDIRECT] 
2026-02-02 17:58:14,078 [ERROR] LogOutputStream:75 - [STDERR_REDIRECT] [Fatal Error] :1:1: Premature end of file.
2026-02-02 17:58:14,078 [ERROR] LogOutputStream:75 - [STDERR_REDIRECT] 
2026-02-02 17:58:15,087 [ERROR] LogOutputStream:75 - [STDERR_REDIRECT] [Fatal Error] :1:1: Premature end of file.
2026-02-02 17:58:15,088 [ERROR] LogOutputStream:75 - [STDERR_REDIRECT] 
2026-02-02 17:58:16,080 [ERROR] LogOutputStream:75 - [STDERR_REDIRECT] [Fatal Error] :1:1: Premature end of file.
2026-02-02 17:58:16,080 [ERROR] LogOutputStream:75 - [STDERR_REDIRECT] 
2026-02-02 17:58:17,088 [ERROR] LogOutputStream:75 - [STDERR_REDIRECT] [Fatal Error] :1:1: Premature end of file.
2026-02-02 17:58:17,089 [ERROR] LogOutputStream:75 - [STDERR_REDIRECT] 
2026-02-02 17:58:18,088 [ERROR] LogOutputStream:75 - [STDERR_REDIRECT] [Fatal Error] :1:1: Premature end of file.
2026-02-02 17:58:18,088 [ERROR] LogOutputStream:75 - [STDERR_REDIRECT] 
2026-02-02 17:58:19,082 [ERROR] LogOutputStream:75 - [STDERR_REDIRECT] [Fatal Error] :1:1: Premature end of file.
2026-02-02 17:58:19,082 [ERROR] LogOutputStream:75 - [STDERR_REDIRECT] 
2026-02-02 17:58:20,086 [ERROR] LogOutputStream:75 - [STDERR_REDIRECT] [Fatal Error] :1:1: Premature end of file.
2026-02-02 17:58:20,086 [ERROR] LogOutputStream:75 - [STDERR_REDIRECT] 
2026-02-02 17:58:21,075 [ERROR] LogOutputStream:75 - [STDERR_REDIRECT] [Fatal Error] :1:1: Premature end of file.
2026-02-02 17:58:21,075 [ERROR] LogOutputStream:75 - [STDERR_REDIRECT] 
2026-02-02 17:58:22,076 [ERROR] LogOutputStream:75 - [STDERR_REDIRECT] [Fatal Error] :1:1: Premature end of file.
2026-02-02 17:58:22,076 [ERROR] LogOutputStream:75 - [STDERR_REDIRECT] 
2026-02-02 17:58:23,087 [ERROR] LogOutputStream:75 - [STDERR_REDIRECT] [Fatal Error] :1:1: Premature end of file.
2026-02-02 17:58:23,087 [ERROR] LogOutputStream:75 - [STDERR_REDIRECT] 
2026-02-02 17:58:24,070 [ERROR] LogOutputStream:75 - [STDERR_REDIRECT] [Fatal Error] :1:1: Premature end of file.
2026-02-02 17:58:24,071 [ERROR] LogOutputStream:75 - [STDERR_REDIRECT] 
2026-02-02 17:58:25,090 [ERROR] LogOutputStream:75 - [STDERR_REDIRECT] [Fatal Error] :1:1: Premature end of file.
2026-02-02 17:58:25,092 [ERROR] LogOutputStream:75 - [STDERR_REDIRECT] 
2026-02-02 17:58:26,087 [ERROR] LogOutputStream:75 - [STDERR_REDIRECT] [Fatal Error] :1:1: Premature end of file.
2026-02-02 17:58:26,088 [ERROR] LogOutputStream:75 - [STDERR_REDIRECT] 
2026-02-02 17:58:27,086 [ERROR] LogOutputStream:75 - [STDERR_REDIRECT] [Fatal Error] :1:1: Premature end of file.
2026-02-02 17:58:27,086 [ERROR] LogOutputStream:75 - [STDERR_REDIRECT] 
2026-02-02 17:58:28,079 [ERROR] LogOutputStream:75 - [STDERR_REDIRECT] [Fatal Error] :1:1: Premature end of file.
2026-02-02 17:58:28,079 [ERROR] LogOutputStream:75 - [STDERR_REDIRECT] 
2026-02-02 17:58:29,093 [ERROR] LogOutputStream:75 - [STDERR_REDIRECT] [Fatal Error] :1:1: Premature end of file.
2026-02-02 17:58:29,093 [ERROR] LogOutputStream:75 - [STDERR_REDIRECT] 
2026-02-02 17:58:30,076 [ERROR] LogOutputStream:75 - [STDERR_REDIRECT] [Fatal Error] :1:1: Premature end of file.
2026-02-02 17:58:30,076 [ERROR] LogOutputStream:75 - [STDERR_REDIRECT] 
2026-02-02 17:58:31,080 [ERROR] LogOutputStream:75 - [STDERR_REDIRECT] [Fatal Error] :1:1: Premature end of file.
2026-02-02 17:58:31,080 [ERROR] LogOutputStream:75 - [STDERR_REDIRECT] 
2026-02-02 17:58:32,087 [ERROR] LogOutputStream:75 - [STDERR_REDIRECT] [Fatal Error] :1:1: Premature end of file.
2026-02-02 17:58:32,087 [ERROR] LogOutputStream:75 - [STDERR_REDIRECT] 
2026-02-02 17:58:33,089 [ERROR] LogOutputStream:75 - [STDERR_REDIRECT] [Fatal Error] :1:1: Premature end of file.
2026-02-02 17:58:33,089 [ERROR] LogOutputStream:75 - [STDERR_REDIRECT] 
2026-02-02 17:58:34,089 [ERROR] LogOutputStream:75 - [STDERR_REDIRECT] [Fatal Error] :1:1: Premature end of file.
2026-02-02 17:58:34,090 [ERROR] LogOutputStream:75 - [STDERR_REDIRECT] 
2026-02-02 17:58:35,083 [ERROR] LogOutputStream:75 - [STDERR_REDIRECT] [Fatal Error] :1:1: Premature end of file.
2026-02-02 17:58:35,083 [ERROR] LogOutputStream:75 - [STDERR_REDIRECT] 
2026-02-02 17:58:36,085 [ERROR] LogOutputStream:75 - [STDERR_REDIRECT] [Fatal Error] :1:1: Premature end of file.
2026-02-02 17:58:36,085 [ERROR] LogOutputStream:75 - [STDERR_REDIRECT] 
2026-02-02 17:58:37,085 [ERROR] LogOutputStream:75 - [STDERR_REDIRECT] [Fatal Error] :1:1: Premature end of file.
2026-02-02 17:58:37,085 [ERROR] LogOutputStream:75 - [STDERR_REDIRECT] 
2026-02-02 17:58:38,075 [ERROR] LogOutputStream:75 - [STDERR_REDIRECT] [Fatal Error] :1:1: Premature end of file.
2026-02-02 17:58:38,075 [ERROR] LogOutputStream:75 - [STDERR_REDIRECT] 
2026-02-02 17:58:39,077 [ERROR] LogOutputStream:75 - [STDERR_REDIRECT] [Fatal Error] :1:1: Premature end of file.
2026-02-02 17:58:39,077 [ERROR] LogOutputStream:75 - [STDERR_REDIRECT] 
2026-02-02 17:58:40,085 [ERROR] LogOutputStream:75 - [STDERR_REDIRECT] [Fatal Error] :1:1: Premature end of file.
2026-02-02 17:58:40,085 [ERROR] LogOutputStream:75 - [STDERR_REDIRECT] 
2026-02-02 17:58:41,087 [ERROR] LogOutputStream:75 - [STDERR_REDIRECT] [Fatal Error] :1:1: Premature end of file.
2026-02-02 17:58:41,087 [ERROR] LogOutputStream:75 - [STDERR_REDIRECT] 
2026-02-02 17:58:42,079 [ERROR] LogOutputStream:75 - [STDERR_REDIRECT] [Fatal Error] :1:1: Premature end of file.
2026-02-02 17:58:42,079 [ERROR] LogOutputStream:75 - [STDERR_REDIRECT] 
2026-02-02 17:58:43,090 [ERROR] LogOutputStream:75 - [STDERR_REDIRECT] [Fatal Error] :1:1: Premature end of file.
2026-02-02 17:58:43,090 [ERROR] LogOutputStream:75 - [STDERR_REDIRECT] 
2026-02-02 17:58:44,097 [ERROR] LogOutputStream:75 - [STDERR_REDIRECT] [Fatal Error] :1:1: Premature end of file.
2026-02-02 17:58:44,097 [ERROR] LogOutputStream:75 - [STDERR_REDIRECT] 
2026-02-02 17:58:45,083 [ERROR] LogOutputStream:75 - [STDERR_REDIRECT] [Fatal Error] :1:1: Premature end of file.
2026-02-02 17:58:45,084 [ERROR] LogOutputStream:75 - [STDERR_REDIRECT] 
2026-02-02 17:58:46,078 [ERROR] LogOutputStream:75 - [STDERR_REDIRECT] [Fatal Error] :1:1: Premature end of file.
2026-02-02 17:58:46,078 [ERROR] LogOutputStream:75 - [STDERR_REDIRECT] 
2026-02-02 17:58:47,090 [ERROR] LogOutputStream:75 - [STDERR_REDIRECT] [Fatal Error] :1:1: Premature end of file.
2026-02-02 17:58:47,090 [ERROR] LogOutputStream:75 - [STDERR_REDIRECT] 
2026-02-02 17:58:48,086 [ERROR] LogOutputStream:75 - [STDERR_REDIRECT] [Fatal Error] :1:1: Premature end of file.
2026-02-02 17:58:48,086 [ERROR] LogOutputStream:75 - [STDERR_REDIRECT] 
2026-02-02 17:58:49,080 [ERROR] LogOutputStream:75 - [STDERR_REDIRECT] [Fatal Error] :1:1: Premature end of file.
2026-02-02 17:58:49,080 [ERROR] LogOutputStream:75 - [STDERR_REDIRECT] 
2026-02-02 17:58:50,088 [ERROR] LogOutputStream:75 - [STDERR_REDIRECT] [Fatal Error] :1:1: Premature end of file.
2026-02-02 17:58:50,089 [ERROR] LogOutputStream:75 - [STDERR_REDIRECT] 
2026-02-02 17:58:51,086 [ERROR] LogOutputStream:75 - [STDERR_REDIRECT] [Fatal Error] :1:1: Premature end of file.
2026-02-02 17:58:51,086 [ERROR] LogOutputStream:75 - [STDERR_REDIRECT] 
2026-02-02 17:58:52,088 [ERROR] LogOutputStream:75 - [STDERR_REDIRECT] [Fatal Error] :1:1: Premature end of file.
2026-02-02 17:58:52,088 [ERROR] LogOutputStream:75 - [STDERR_REDIRECT] 
2026-02-02 17:58:53,090 [ERROR] LogOutputStream:75 - [STDERR_REDIRECT] [Fatal Error] :1:1: Premature end of file.
2026-02-02 17:58:53,091 [ERROR] LogOutputStream:75 - [STDERR_REDIRECT] 
2026-02-02 17:58:54,086 [ERROR] LogOutputStream:75 - [STDERR_REDIRECT] [Fatal Error] :1:1: Premature end of file.
2026-02-02 17:58:54,086 [ERROR] LogOutputStream:75 - [STDERR_REDIRECT] 
2026-02-02 17:58:55,077 [ERROR] LogOutputStream:75 - [STDERR_REDIRECT] [Fatal Error] :1:1: Premature end of file.
2026-02-02 17:58:55,077 [ERROR] LogOutputStream:75 - [STDERR_REDIRECT] 
2026-02-02 17:58:56,082 [ERROR] LogOutputStream:75 - [STDERR_REDIRECT] [Fatal Error] :1:1: Premature end of file.
2026-02-02 17:58:56,082 [ERROR] LogOutputStream:75 - [STDERR_REDIRECT] 
2026-02-02 17:58:57,087 [ERROR] LogOutputStream:75 - [STDERR_REDIRECT] [Fatal Error] :1:1: Premature end of file.
2026-02-02 17:58:57,088 [ERROR] LogOutputStream:75 - [STDERR_REDIRECT] 
2026-02-02 17:58:58,084 [ERROR] LogOutputStream:75 - [STDERR_REDIRECT] [Fatal Error] :1:1: Premature end of file.
2026-02-02 17:58:58,084 [ERROR] LogOutputStream:75 - [STDERR_REDIRECT] 
2026-02-02 17:58:59,088 [ERROR] LogOutputStream:75 - [STDERR_REDIRECT] [Fatal Error] :1:1: Premature end of file.
2026-02-02 17:58:59,088 [ERROR] LogOutputStream:75 - [STDERR_REDIRECT] 
2026-02-02 17:59:00,102 [ERROR] LogOutputStream:75 - [STDERR_REDIRECT] [Fatal Error] :1:1: Premature end of file.
2026-02-02 17:59:00,102 [ERROR] LogOutputStream:75 - [STDERR_REDIRECT] 
2026-02-02 17:59:01,081 [ERROR] LogOutputStream:75 - [STDERR_REDIRECT] [Fatal Error] :1:1: Premature end of file.
2026-02-02 17:59:01,081 [ERROR] LogOutputStream:75 - [STDERR_REDIRECT] 
2026-02-02 17:59:02,078 [ERROR] LogOutputStream:75 - [STDERR_REDIRECT] [Fatal Error] :1:1: Premature end of file.
2026-02-02 17:59:02,078 [ERROR] LogOutputStream:75 - [STDERR_REDIRECT] 
2026-02-02 17:59:03,080 [ERROR] LogOutputStream:75 - [STDERR_REDIRECT] [Fatal Error] :1:1: Premature end of file.
2026-02-02 17:59:03,080 [ERROR] LogOutputStream:75 - [STDERR_REDIRECT] 
2026-02-02 17:59:04,087 [ERROR] LogOutputStream:75 - [STDERR_REDIRECT] [Fatal Error] :1:1: Premature end of file.
2026-02-02 17:59:04,088 [ERROR] LogOutputStream:75 - [STDERR_REDIRECT] 
2026-02-02 17:59:05,085 [ERROR] LogOutputStream:75 - [STDERR_REDIRECT] [Fatal Error] :1:1: Premature end of file.
2026-02-02 17:59:05,085 [ERROR] LogOutputStream:75 - [STDERR_REDIRECT] 
2026-02-02 17:59:06,084 [ERROR] LogOutputStream:75 - [STDERR_REDIRECT] [Fatal Error] :1:1: Premature end of file.
2026-02-02 17:59:06,084 [ERROR] LogOutputStream:75 - [STDERR_REDIRECT] 
2026-02-02 17:59:07,081 [ERROR] LogOutputStream:75 - [STDERR_REDIRECT] [Fatal Error] :1:1: Premature end of file.
2026-02-02 17:59:07,081 [ERROR] LogOutputStream:75 - [STDERR_REDIRECT] 
2026-02-02 17:59:08,085 [ERROR] LogOutputStream:75 - [STDERR_REDIRECT] [Fatal Error] :1:1: Premature end of file.
2026-02-02 17:59:08,085 [ERROR] LogOutputStream:75 - [STDERR_REDIRECT] 
2026-02-02 17:59:09,086 [ERROR] LogOutputStream:75 - [STDERR_REDIRECT] [Fatal Error] :1:1: Premature end of file.
2026-02-02 17:59:09,086 [ERROR] LogOutputStream:75 - [STDERR_REDIRECT] 
2026-02-02 17:59:10,080 [ERROR] LogOutputStream:75 - [STDERR_REDIRECT] [Fatal Error] :1:1: Premature end of file.
2026-02-02 17:59:10,080 [ERROR] LogOutputStream:75 - [STDERR_REDIRECT] 
2026-02-02 17:59:11,083 [ERROR] LogOutputStream:75 - [STDERR_REDIRECT] [Fatal Error] :1:1: Premature end of file.
2026-02-02 17:59:11,083 [ERROR] LogOutputStream:75 - [STDERR_REDIRECT] 
2026-02-02 17:59:12,084 [ERROR] LogOutputStream:75 - [STDERR_REDIRECT] [Fatal Error] :1:1: Premature end of file.
2026-02-02 17:59:12,084 [ERROR] LogOutputStream:75 - [STDERR_REDIRECT] 
2026-02-02 17:59:13,077 [ERROR] LogOutputStream:75 - [STDERR_REDIRECT] [Fatal Error] :1:1: Premature end of file.
2026-02-02 17:59:13,077 [ERROR] LogOutputStream:75 - [STDERR_REDIRECT] 
2026-02-02 17:59:14,085 [ERROR] LogOutputStream:75 - [STDERR_REDIRECT] [Fatal Error] :1:1: Premature end of file.
2026-02-02 17:59:14,085 [ERROR] LogOutputStream:75 - [STDERR_REDIRECT] 
2026-02-02 17:59:15,087 [ERROR] LogOutputStream:75 - [STDERR_REDIRECT] [Fatal Error] :1:1: Premature end of file.
2026-02-02 17:59:15,087 [ERROR] LogOutputStream:75 - [STDERR_REDIRECT] 
2026-02-02 17:59:16,087 [ERROR] LogOutputStream:75 - [STDERR_REDIRECT] [Fatal Error] :1:1: Premature end of file.
2026-02-02 17:59:16,087 [ERROR] LogOutputStream:75 - [STDERR_REDIRECT] 
2026-02-02 17:59:17,088 [ERROR] LogOutputStream:75 - [STDERR_REDIRECT] [Fatal Error] :1:1: Premature end of file.
2026-02-02 17:59:17,088 [ERROR] LogOutputStream:75 - [STDERR_REDIRECT] 
2026-02-02 17:59:18,082 [ERROR] LogOutputStream:75 - [STDERR_REDIRECT] [Fatal Error] :1:1: Premature end of file.
2026-02-02 17:59:18,083 [ERROR] LogOutputStream:75 - [STDERR_REDIRECT] 
2026-02-02 17:59:19,081 [ERROR] LogOutputStream:75 - [STDERR_REDIRECT] [Fatal Error] :1:1: Premature end of file.
2026-02-02 17:59:19,081 [ERROR] LogOutputStream:75 - [STDERR_REDIRECT] 
2026-02-02 17:59:20,085 [ERROR] LogOutputStream:75 - [STDERR_REDIRECT] [Fatal Error] :1:1: Premature end of file.
2026-02-02 17:59:20,085 [ERROR] LogOutputStream:75 - [STDERR_REDIRECT] 
2026-02-02 17:59:21,087 [ERROR] LogOutputStream:75 - [STDERR_REDIRECT] [Fatal Error] :1:1: Premature end of file.
2026-02-02 17:59:21,087 [ERROR] LogOutputStream:75 - [STDERR_REDIRECT] 
2026-02-02 17:59:22,085 [ERROR] LogOutputStream:75 - [STDERR_REDIRECT] [Fatal Error] :1:1: Premature end of file.
2026-02-02 17:59:22,085 [ERROR] LogOutputStream:75 - [STDERR_REDIRECT] 
2026-02-02 17:59:23,085 [ERROR] LogOutputStream:75 - [STDERR_REDIRECT] [Fatal Error] :1:1: Premature end of file.
2026-02-02 17:59:23,085 [ERROR] LogOutputStream:75 - [STDERR_REDIRECT] 
2026-02-02 17:59:24,089 [ERROR] LogOutputStream:75 - [STDERR_REDIRECT] [Fatal Error] :1:1: Premature end of file.
2026-02-02 17:59:24,089 [ERROR] LogOutputStream:75 - [STDERR_REDIRECT] 
2026-02-02 17:59:25,079 [ERROR] LogOutputStream:75 - [STDERR_REDIRECT] [Fatal Error] :1:1: Premature end of file.
2026-02-02 17:59:25,079 [ERROR] LogOutputStream:75 - [STDERR_REDIRECT] 
2026-02-02 17:59:26,082 [ERROR] LogOutputStream:75 - [STDERR_REDIRECT] [Fatal Error] :1:1: Premature end of file.
2026-02-02 17:59:26,083 [ERROR] LogOutputStream:75 - [STDERR_REDIRECT] 
2026-02-02 17:59:27,073 [ERROR] LogOutputStream:75 - [STDERR_REDIRECT] [Fatal Error] :1:1: Premature end of file.
2026-02-02 17:59:27,073 [ERROR] LogOutputStream:75 - [STDERR_REDIRECT] 
2026-02-02 17:59:28,080 [ERROR] LogOutputStream:75 - [STDERR_REDIRECT] [Fatal Error] :1:1: Premature end of file.
2026-02-02 17:59:28,080 [ERROR] LogOutputStream:75 - [STDERR_REDIRECT] 
2026-02-02 17:59:29,097 [ERROR] LogOutputStream:75 - [STDERR_REDIRECT] [Fatal Error] :1:1: Premature end of file.
2026-02-02 17:59:29,097 [ERROR] LogOutputStream:75 - [STDERR_REDIRECT] 
2026-02-02 17:59:30,083 [ERROR] LogOutputStream:75 - [STDERR_REDIRECT] [Fatal Error] :1:1: Premature end of file.
2026-02-02 17:59:30,084 [ERROR] LogOutputStream:75 - [STDERR_REDIRECT] 
2026-02-02 17:59:31,084 [ERROR] LogOutputStream:75 - [STDERR_REDIRECT] [Fatal Error] :1:1: Premature end of file.
2026-02-02 17:59:31,084 [ERROR] LogOutputStream:75 - [STDERR_REDIRECT] 
2026-02-02 17:59:32,082 [ERROR] LogOutputStream:75 - [STDERR_REDIRECT] [Fatal Error] :1:1: Premature end of file.
2026-02-02 17:59:32,082 [ERROR] LogOutputStream:75 - [STDERR_REDIRECT] 
2026-02-02 17:59:33,072 [ERROR] LogOutputStream:75 - [STDERR_REDIRECT] [Fatal Error] :1:1: Premature end of file.
2026-02-02 17:59:33,073 [ERROR] LogOutputStream:75 - [STDERR_REDIRECT] 
2026-02-02 17:59:34,080 [ERROR] LogOutputStream:75 - [STDERR_REDIRECT] [Fatal Error] :1:1: Premature end of file.
2026-02-02 17:59:34,080 [ERROR] LogOutputStream:75 - [STDERR_REDIRECT] 
2026-02-02 17:59:35,072 [ERROR] LogOutputStream:75 - [STDERR_REDIRECT] [Fatal Error] :1:1: Premature end of file.
2026-02-02 17:59:35,072 [ERROR] LogOutputStream:75 - [STDERR_REDIRECT] 
2026-02-02 17:59:36,092 [ERROR] LogOutputStream:75 - [STDERR_REDIRECT] [Fatal Error] :1:1: Premature end of file.
2026-02-02 17:59:36,092 [ERROR] LogOutputStream:75 - [STDERR_REDIRECT] 
2026-02-02 17:59:37,075 [ERROR] LogOutputStream:75 - [STDERR_REDIRECT] [Fatal Error] :1:1: Premature end of file.
2026-02-02 17:59:37,075 [ERROR] LogOutputStream:75 - [STDERR_REDIRECT] 
2026-02-02 17:59:38,085 [ERROR] LogOutputStream:75 - [STDERR_REDIRECT] [Fatal Error] :1:1: Premature end of file.
2026-02-02 17:59:38,086 [ERROR] LogOutputStream:75 - [STDERR_REDIRECT] 
2026-02-02 17:59:39,072 [ERROR] LogOutputStream:75 - [STDERR_REDIRECT] [Fatal Error] :1:1: Premature end of file.
2026-02-02 17:59:39,072 [ERROR] LogOutputStream:75 - [STDERR_REDIRECT] 
2026-02-02 17:59:40,128 [ERROR] LogOutputStream:75 - [STDERR_REDIRECT] [Fatal Error] :1:1: Premature end of file.
2026-02-02 17:59:40,128 [ERROR] LogOutputStream:75 - [STDERR_REDIRECT] 
2026-02-02 17:59:41,085 [ERROR] LogOutputStream:75 - [STDERR_REDIRECT] [Fatal Error] :1:1: Premature end of file.
2026-02-02 17:59:41,085 [ERROR] LogOutputStream:75 - [STDERR_REDIRECT] 
2026-02-02 17:59:42,081 [ERROR] LogOutputStream:75 - [STDERR_REDIRECT] [Fatal Error] :1:1: Premature end of file.
2026-02-02 17:59:42,082 [ERROR] LogOutputStream:75 - [STDERR_REDIRECT] 
2026-02-02 17:59:43,075 [ERROR] LogOutputStream:75 - [STDERR_REDIRECT] [Fatal Error] :1:1: Premature end of file.
2026-02-02 17:59:43,076 [ERROR] LogOutputStream:75 - [STDERR_REDIRECT] 
2026-02-02 17:59:44,076 [ERROR] LogOutputStream:75 - [STDERR_REDIRECT] [Fatal Error] :1:1: Premature end of file.
2026-02-02 17:59:44,076 [ERROR] LogOutputStream:75 - [STDERR_REDIRECT] 
2026-02-02 17:59:45,074 [ERROR] LogOutputStream:75 - [STDERR_REDIRECT] [Fatal Error] :1:1: Premature end of file.
2026-02-02 17:59:45,074 [ERROR] LogOutputStream:75 - [STDERR_REDIRECT] 
2026-02-02 17:59:46,071 [ERROR] LogOutputStream:75 - [STDERR_REDIRECT] [Fatal Error] :1:1: Premature end of file.
2026-02-02 17:59:46,071 [ERROR] LogOutputStream:75 - [STDERR_REDIRECT] 
2026-02-02 17:59:47,065 [ERROR] LogOutputStream:75 - [STDERR_REDIRECT] [Fatal Error] :1:1: Premature end of file.
2026-02-02 17:59:47,065 [ERROR] LogOutputStream:75 - [STDERR_REDIRECT] 
2026-02-02 17:59:48,076 [ERROR] LogOutputStream:75 - [STDERR_REDIRECT] [Fatal Error] :1:1: Premature end of file.
2026-02-02 17:59:48,076 [ERROR] LogOutputStream:75 - [STDERR_REDIRECT] 
2026-02-02 17:59:49,082 [ERROR] LogOutputStream:75 - [STDERR_REDIRECT] [Fatal Error] :1:1: Premature end of file.
2026-02-02 17:59:49,082 [ERROR] LogOutputStream:75 - [STDERR_REDIRECT] 
2026-02-02 17:59:50,084 [ERROR] LogOutputStream:75 - [STDERR_REDIRECT] [Fatal Error] :1:1: Premature end of file.
2026-02-02 17:59:50,085 [ERROR] LogOutputStream:75 - [STDERR_REDIRECT] 
2026-02-02 17:59:51,082 [ERROR] LogOutputStream:75 - [STDERR_REDIRECT] [Fatal Error] :1:1: Premature end of file.
2026-02-02 17:59:51,082 [ERROR] LogOutputStream:75 - [STDERR_REDIRECT] 
2026-02-02 17:59:52,077 [ERROR] LogOutputStream:75 - [STDERR_REDIRECT] [Fatal Error] :1:1: Premature end of file.
2026-02-02 17:59:52,078 [ERROR] LogOutputStream:75 - [STDERR_REDIRECT] 
2026-02-02 17:59:53,065 [ERROR] LogOutputStream:75 - [STDERR_REDIRECT] [Fatal Error] :1:1: Premature end of file.
2026-02-02 17:59:53,065 [ERROR] LogOutputStream:75 - [STDERR_REDIRECT] 
2026-02-02 17:59:54,078 [ERROR] LogOutputStream:75 - [STDERR_REDIRECT] [Fatal Error] :1:1: Premature end of file.
2026-02-02 17:59:54,078 [ERROR] LogOutputStream:75 - [STDERR_REDIRECT] 
2026-02-02 17:59:55,069 [ERROR] LogOutputStream:75 - [STDERR_REDIRECT] [Fatal Error] :1:1: Premature end of file.
2026-02-02 17:59:55,069 [ERROR] LogOutputStream:75 - [STDERR_REDIRECT] 
2026-02-02 17:59:56,077 [ERROR] LogOutputStream:75 - [STDERR_REDIRECT] [Fatal Error] :1:1: Premature end of file.
2026-02-02 17:59:56,077 [ERROR] LogOutputStream:75 - [STDERR_REDIRECT] 
2026-02-02 17:59:57,072 [ERROR] LogOutputStream:75 - [STDERR_REDIRECT] [Fatal Error] :1:1: Premature end of file.
2026-02-02 17:59:57,073 [ERROR] LogOutputStream:75 - [STDERR_REDIRECT] 
2026-02-02 17:59:58,080 [ERROR] LogOutputStream:75 - [STDERR_REDIRECT] [Fatal Error] :1:1: Premature end of file.
2026-02-02 17:59:58,080 [ERROR] LogOutputStream:75 - [STDERR_REDIRECT] 
2026-02-02 17:59:59,065 [ERROR] LogOutputStream:75 - [STDERR_REDIRECT] [Fatal Error] :1:1: Premature end of file.
2026-02-02 17:59:59,065 [ERROR] LogOutputStream:75 - [STDERR_REDIRECT] 
2026-02-02 18:00:00,102 [ERROR] LogOutputStream:75 - [STDERR_REDIRECT] [Fatal Error] :1:1: Premature end of file.
2026-02-02 18:00:00,102 [ERROR] LogOutputStream:75 - [STDERR_REDIRECT] 
2026-02-02 18:00:01,066 [ERROR] LogOutputStream:75 - [STDERR_REDIRECT] [Fatal Error] :1:1: Premature end of file.
2026-02-02 18:00:01,066 [ERROR] LogOutputStream:75 - [STDERR_REDIRECT] 
2026-02-02 18:00:02,067 [ERROR] LogOutputStream:75 - [STDERR_REDIRECT] [Fatal Error] :1:1: Premature end of file.
2026-02-02 18:00:02,067 [ERROR] LogOutputStream:75 - [STDERR_REDIRECT] 
2026-02-02 18:00:03,071 [ERROR] LogOutputStream:75 - [STDERR_REDIRECT] [Fatal Error] :1:1: Premature end of file.
2026-02-02 18:00:03,071 [ERROR] LogOutputStream:75 - [STDERR_REDIRECT] 
2026-02-02 18:00:04,069 [ERROR] LogOutputStream:75 - [STDERR_REDIRECT] [Fatal Error] :1:1: Premature end of file.
2026-02-02 18:00:04,069 [ERROR] LogOutputStream:75 - [STDERR_REDIRECT] 
2026-02-02 18:00:05,071 [ERROR] LogOutputStream:75 - [STDERR_REDIRECT] [Fatal Error] :1:1: Premature end of file.
2026-02-02 18:00:05,071 [ERROR] LogOutputStream:75 - [STDERR_REDIRECT] 
2026-02-02 18:00:06,083 [ERROR] LogOutputStream:75 - [STDERR_REDIRECT] [Fatal Error] :1:1: Premature end of file.
2026-02-02 18:00:06,083 [ERROR] LogOutputStream:75 - [STDERR_REDIRECT] 
2026-02-02 18:00:07,076 [ERROR] LogOutputStream:75 - [STDERR_REDIRECT] [Fatal Error] :1:1: Premature end of file.
2026-02-02 18:00:07,076 [ERROR] LogOutputStream:75 - [STDERR_REDIRECT] 
2026-02-02 18:00:08,064 [ERROR] LogOutputStream:75 - [STDERR_REDIRECT] [Fatal Error] :1:1: Premature end of file.
2026-02-02 18:00:08,064 [ERROR] LogOutputStream:75 - [STDERR_REDIRECT] 
2026-02-02 18:00:09,070 [ERROR] LogOutputStream:75 - [STDERR_REDIRECT] [Fatal Error] :1:1: Premature end of file.
2026-02-02 18:00:09,070 [ERROR] LogOutputStream:75 - [STDERR_REDIRECT] 
2026-02-02 18:00:10,076 [ERROR] LogOutputStream:75 - [STDERR_REDIRECT] [Fatal Error] :1:1: Premature end of file.
2026-02-02 18:00:10,076 [ERROR] LogOutputStream:75 - [STDERR_REDIRECT] 
2026-02-02 18:00:11,095 [ERROR] LogOutputStream:75 - [STDERR_REDIRECT] [Fatal Error] :1:1: Premature end of file.
2026-02-02 18:00:11,095 [ERROR] LogOutputStream:75 - [STDERR_REDIRECT] 
2026-02-02 18:00:12,088 [ERROR] LogOutputStream:75 - [STDERR_REDIRECT] [Fatal Error] :1:1: Premature end of file.
2026-02-02 18:00:12,088 [ERROR] LogOutputStream:75 - [STDERR_REDIRECT] 
2026-02-02 18:00:13,082 [ERROR] LogOutputStream:75 - [STDERR_REDIRECT] [Fatal Error] :1:1: Premature end of file.
2026-02-02 18:00:13,082 [ERROR] LogOutputStream:75 - [STDERR_REDIRECT] 
2026-02-02 18:00:14,101 [ERROR] LogOutputStream:75 - [STDERR_REDIRECT] [Fatal Error] :1:1: Premature end of file.
2026-02-02 18:00:14,101 [ERROR] LogOutputStream:75 - [STDERR_REDIRECT] 
2026-02-02 18:00:15,099 [ERROR] LogOutputStream:75 - [STDERR_REDIRECT] [Fatal Error] :1:1: Premature end of file.
2026-02-02 18:00:15,099 [ERROR] LogOutputStream:75 - [STDERR_REDIRECT] 
2026-02-02 18:00:16,096 [ERROR] LogOutputStream:75 - [STDERR_REDIRECT] [Fatal Error] :1:1: Premature end of file.
2026-02-02 18:00:16,096 [ERROR] LogOutputStream:75 - [STDERR_REDIRECT] 
2026-02-02 18:00:17,090 [ERROR] LogOutputStream:75 - [STDERR_REDIRECT] [Fatal Error] :1:1: Premature end of file.
2026-02-02 18:00:17,090 [ERROR] LogOutputStream:75 - [STDERR_REDIRECT] 
2026-02-02 18:00:18,094 [ERROR] LogOutputStream:75 - [STDERR_REDIRECT] [Fatal Error] :1:1: Premature end of file.
2026-02-02 18:00:18,094 [ERROR] LogOutputStream:75 - [STDERR_REDIRECT] 
2026-02-02 18:00:19,077 [ERROR] LogOutputStream:75 - [STDERR_REDIRECT] [Fatal Error] :1:1: Premature end of file.
2026-02-02 18:00:19,077 [ERROR] LogOutputStream:75 - [STDERR_REDIRECT] 
2026-02-02 18:00:20,089 [ERROR] LogOutputStream:75 - [STDERR_REDIRECT] [Fatal Error] :1:1: Premature end of file.
2026-02-02 18:00:20,096 [ERROR] LogOutputStream:75 - [STDERR_REDIRECT] 
2026-02-02 18:00:21,085 [ERROR] LogOutputStream:75 - [STDERR_REDIRECT] [Fatal Error] :1:1: Premature end of file.
2026-02-02 18:00:21,085 [ERROR] LogOutputStream:75 - [STDERR_REDIRECT] 
2026-02-02 18:00:22,104 [ERROR] LogOutputStream:75 - [STDERR_REDIRECT] [Fatal Error] :1:1: Premature end of file.
2026-02-02 18:00:22,104 [ERROR] LogOutputStream:75 - [STDERR_REDIRECT] 
2026-02-02 18:00:23,093 [ERROR] LogOutputStream:75 - [STDERR_REDIRECT] [Fatal Error] :1:1: Premature end of file.
2026-02-02 18:00:23,093 [ERROR] LogOutputStream:75 - [STDERR_REDIRECT] 
2026-02-02 18:00:24,091 [ERROR] LogOutputStream:75 - [STDERR_REDIRECT] [Fatal Error] :1:1: Premature end of file.
2026-02-02 18:00:24,092 [ERROR] LogOutputStream:75 - [STDERR_REDIRECT] 
2026-02-02 18:00:25,076 [ERROR] LogOutputStream:75 - [STDERR_REDIRECT] [Fatal Error] :1:1: Premature end of file.
2026-02-02 18:00:25,077 [ERROR] LogOutputStream:75 - [STDERR_REDIRECT] 
2026-02-02 18:00:26,082 [ERROR] LogOutputStream:75 - [STDERR_REDIRECT] [Fatal Error] :1:1: Premature end of file.
2026-02-02 18:00:26,082 [ERROR] LogOutputStream:75 - [STDERR_REDIRECT] 
2026-02-02 18:00:27,074 [ERROR] LogOutputStream:75 - [STDERR_REDIRECT] [Fatal Error] :1:1: Premature end of file.
2026-02-02 18:00:27,074 [ERROR] LogOutputStream:75 - [STDERR_REDIRECT] 
2026-02-02 18:00:28,087 [ERROR] LogOutputStream:75 - [STDERR_REDIRECT] [Fatal Error] :1:1: Premature end of file.
2026-02-02 18:00:28,087 [ERROR] LogOutputStream:75 - [STDERR_REDIRECT] 
2026-02-02 18:00:29,084 [ERROR] LogOutputStream:75 - [STDERR_REDIRECT] [Fatal Error] :1:1: Premature end of file.
2026-02-02 18:00:29,084 [ERROR] LogOutputStream:75 - [STDERR_REDIRECT] 
2026-02-02 18:00:30,075 [ERROR] LogOutputStream:75 - [STDERR_REDIRECT] [Fatal Error] :1:1: Premature end of file.
2026-02-02 18:00:30,075 [ERROR] LogOutputStream:75 - [STDERR_REDIRECT] 
2026-02-02 18:00:31,083 [ERROR] LogOutputStream:75 - [STDERR_REDIRECT] [Fatal Error] :1:1: Premature end of file.
2026-02-02 18:00:31,083 [ERROR] LogOutputStream:75 - [STDERR_REDIRECT] 
2026-02-02 18:00:32,086 [ERROR] LogOutputStream:75 - [STDERR_REDIRECT] [Fatal Error] :1:1: Premature end of file.
2026-02-02 18:00:32,087 [ERROR] LogOutputStream:75 - [STDERR_REDIRECT] 
2026-02-02 18:00:33,078 [ERROR] LogOutputStream:75 - [STDERR_REDIRECT] [Fatal Error] :1:1: Premature end of file.
2026-02-02 18:00:33,078 [ERROR] LogOutputStream:75 - [STDERR_REDIRECT] 
2026-02-02 18:00:34,078 [ERROR] LogOutputStream:75 - [STDERR_REDIRECT] [Fatal Error] :1:1: Premature end of file.
2026-02-02 18:00:34,079 [ERROR] LogOutputStream:75 - [STDERR_REDIRECT] 
2026-02-02 18:00:35,079 [ERROR] LogOutputStream:75 - [STDERR_REDIRECT] [Fatal Error] :1:1: Premature end of file.
2026-02-02 18:00:35,079 [ERROR] LogOutputStream:75 - [STDERR_REDIRECT] 
2026-02-02 18:00:36,072 [ERROR] LogOutputStream:75 - [STDERR_REDIRECT] [Fatal Error] :1:1: Premature end of file.
2026-02-02 18:00:36,072 [ERROR] LogOutputStream:75 - [STDERR_REDIRECT] 
2026-02-02 18:00:37,075 [ERROR] LogOutputStream:75 - [STDERR_REDIRECT] [Fatal Error] :1:1: Premature end of file.
2026-02-02 18:00:37,075 [ERROR] LogOutputStream:75 - [STDERR_REDIRECT] 
2026-02-02 18:00:38,082 [ERROR] LogOutputStream:75 - [STDERR_REDIRECT] [Fatal Error] :1:1: Premature end of file.
2026-02-02 18:00:38,082 [ERROR] LogOutputStream:75 - [STDERR_REDIRECT] 
2026-02-02 18:00:39,080 [ERROR] LogOutputStream:75 - [STDERR_REDIRECT] [Fatal Error] :1:1: Premature end of file.
2026-02-02 18:00:39,080 [ERROR] LogOutputStream:75 - [STDERR_REDIRECT] 
2026-02-02 18:00:40,087 [ERROR] LogOutputStream:75 - [STDERR_REDIRECT] [Fatal Error] :1:1: Premature end of file.
2026-02-02 18:00:40,087 [ERROR] LogOutputStream:75 - [STDERR_REDIRECT] 
2026-02-02 18:00:41,085 [ERROR] LogOutputStream:75 - [STDERR_REDIRECT] [Fatal Error] :1:1: Premature end of file.
2026-02-02 18:00:41,086 [ERROR] LogOutputStream:75 - [STDERR_REDIRECT] 
2026-02-02 18:00:42,075 [ERROR] LogOutputStream:75 - [STDERR_REDIRECT] [Fatal Error] :1:1: Premature end of file.
2026-02-02 18:00:42,075 [ERROR] LogOutputStream:75 - [STDERR_REDIRECT] 
2026-02-02 18:00:43,074 [ERROR] LogOutputStream:75 - [STDERR_REDIRECT] [Fatal Error] :1:1: Premature end of file.
2026-02-02 18:00:43,074 [ERROR] LogOutputStream:75 - [STDERR_REDIRECT] 
2026-02-02 18:00:44,082 [ERROR] LogOutputStream:75 - [STDERR_REDIRECT] [Fatal Error] :1:1: Premature end of file.
2026-02-02 18:00:44,082 [ERROR] LogOutputStream:75 - [STDERR_REDIRECT] 
2026-02-02 18:00:45,074 [ERROR] LogOutputStream:75 - [STDERR_REDIRECT] [Fatal Error] :1:1: Premature end of file.
2026-02-02 18:00:45,074 [ERROR] LogOutputStream:75 - [STDERR_REDIRECT] 
2026-02-02 18:00:46,082 [ERROR] LogOutputStream:75 - [STDERR_REDIRECT] [Fatal Error] :1:1: Premature end of file.
2026-02-02 18:00:46,083 [ERROR] LogOutputStream:75 - [STDERR_REDIRECT] 
2026-02-02 18:00:47,082 [ERROR] LogOutputStream:75 - [STDERR_REDIRECT] [Fatal Error] :1:1: Premature end of file.
2026-02-02 18:00:47,082 [ERROR] LogOutputStream:75 - [STDERR_REDIRECT] 
2026-02-02 18:00:48,073 [ERROR] LogOutputStream:75 - [STDERR_REDIRECT] [Fatal Error] :1:1: Premature end of file.
2026-02-02 18:00:48,073 [ERROR] LogOutputStream:75 - [STDERR_REDIRECT] 
2026-02-02 18:00:49,076 [ERROR] LogOutputStream:75 - [STDERR_REDIRECT] [Fatal Error] :1:1: Premature end of file.
2026-02-02 18:00:49,076 [ERROR] LogOutputStream:75 - [STDERR_REDIRECT] 
2026-02-02 18:00:50,086 [ERROR] LogOutputStream:75 - [STDERR_REDIRECT] [Fatal Error] :1:1: Premature end of file.
2026-02-02 18:00:50,086 [ERROR] LogOutputStream:75 - [STDERR_REDIRECT] 
2026-02-02 18:00:51,071 [ERROR] LogOutputStream:75 - [STDERR_REDIRECT] [Fatal Error] :1:1: Premature end of file.
2026-02-02 18:00:51,072 [ERROR] LogOutputStream:75 - [STDERR_REDIRECT] 
2026-02-02 18:00:52,075 [ERROR] LogOutputStream:75 - [STDERR_REDIRECT] [Fatal Error] :1:1: Premature end of file.
2026-02-02 18:00:52,075 [ERROR] LogOutputStream:75 - [STDERR_REDIRECT] 
2026-02-02 18:00:53,103 [ERROR] LogOutputStream:75 - [STDERR_REDIRECT] [Fatal Error] :1:1: Premature end of file.
2026-02-02 18:00:53,103 [ERROR] LogOutputStream:75 - [STDERR_REDIRECT] 
2026-02-02 18:00:54,087 [ERROR] LogOutputStream:75 - [STDERR_REDIRECT] [Fatal Error] :1:1: Premature end of file.
2026-02-02 18:00:54,087 [ERROR] LogOutputStream:75 - [STDERR_REDIRECT] 
2026-02-02 18:00:55,087 [ERROR] LogOutputStream:75 - [STDERR_REDIRECT] [Fatal Error] :1:1: Premature end of file.
2026-02-02 18:00:55,089 [ERROR] LogOutputStream:75 - [STDERR_REDIRECT] 
2026-02-02 18:00:56,085 [ERROR] LogOutputStream:75 - [STDERR_REDIRECT] [Fatal Error] :1:1: Premature end of file.
2026-02-02 18:00:56,086 [ERROR] LogOutputStream:75 - [STDERR_REDIRECT] 
2026-02-02 18:00:57,072 [ERROR] LogOutputStream:75 - [STDERR_REDIRECT] [Fatal Error] :1:1: Premature end of file.
2026-02-02 18:00:57,072 [ERROR] LogOutputStream:75 - [STDERR_REDIRECT] 
2026-02-02 18:00:58,076 [ERROR] LogOutputStream:75 - [STDERR_REDIRECT] [Fatal Error] :1:1: Premature end of file.
2026-02-02 18:00:58,076 [ERROR] LogOutputStream:75 - [STDERR_REDIRECT] 
2026-02-02 18:00:59,082 [ERROR] LogOutputStream:75 - [STDERR_REDIRECT] [Fatal Error] :1:1: Premature end of file.
2026-02-02 18:00:59,082 [ERROR] LogOutputStream:75 - [STDERR_REDIRECT] 
2026-02-02 18:01:00,071 [ERROR] LogOutputStream:75 - [STDERR_REDIRECT] [Fatal Error] :1:1: Premature end of file.
2026-02-02 18:01:00,071 [ERROR] LogOutputStream:75 - [STDERR_REDIRECT] 
2026-02-02 18:01:01,079 [ERROR] LogOutputStream:75 - [STDERR_REDIRECT] [Fatal Error] :1:1: Premature end of file.
2026-02-02 18:01:01,080 [ERROR] LogOutputStream:75 - [STDERR_REDIRECT] 
2026-02-02 18:01:02,081 [ERROR] LogOutputStream:75 - [STDERR_REDIRECT] [Fatal Error] :1:1: Premature end of file.
2026-02-02 18:01:02,081 [ERROR] LogOutputStream:75 - [STDERR_REDIRECT] 
2026-02-02 18:01:03,071 [ERROR] LogOutputStream:75 - [STDERR_REDIRECT] [Fatal Error] :1:1: Premature end of file.
2026-02-02 18:01:03,071 [ERROR] LogOutputStream:75 - [STDERR_REDIRECT] 
2026-02-02 18:01:04,089 [ERROR] LogOutputStream:75 - [STDERR_REDIRECT] [Fatal Error] :1:1: Premature end of file.
2026-02-02 18:01:04,089 [ERROR] LogOutputStream:75 - [STDERR_REDIRECT] 
2026-02-02 18:01:05,083 [ERROR] LogOutputStream:75 - [STDERR_REDIRECT] [Fatal Error] :1:1: Premature end of file.
2026-02-02 18:01:05,083 [ERROR] LogOutputStream:75 - [STDERR_REDIRECT] 
2026-02-02 18:01:06,074 [ERROR] LogOutputStream:75 - [STDERR_REDIRECT] [Fatal Error] :1:1: Premature end of file.
2026-02-02 18:01:06,074 [ERROR] LogOutputStream:75 - [STDERR_REDIRECT] 
2026-02-02 18:01:07,078 [ERROR] LogOutputStream:75 - [STDERR_REDIRECT] [Fatal Error] :1:1: Premature end of file.
2026-02-02 18:01:07,078 [ERROR] LogOutputStream:75 - [STDERR_REDIRECT] 
2026-02-02 18:01:08,083 [ERROR] LogOutputStream:75 - [STDERR_REDIRECT] [Fatal Error] :1:1: Premature end of file.
2026-02-02 18:01:08,083 [ERROR] LogOutputStream:75 - [STDERR_REDIRECT] 
2026-02-02 18:01:09,090 [ERROR] LogOutputStream:75 - [STDERR_REDIRECT] [Fatal Error] :1:1: Premature end of file.
2026-02-02 18:01:09,090 [ERROR] LogOutputStream:75 - [STDERR_REDIRECT] 
2026-02-02 18:01:10,084 [ERROR] LogOutputStream:75 - [STDERR_REDIRECT] [Fatal Error] :1:1: Premature end of file.
2026-02-02 18:01:10,084 [ERROR] LogOutputStream:75 - [STDERR_REDIRECT] 
2026-02-02 18:01:11,077 [ERROR] LogOutputStream:75 - [STDERR_REDIRECT] [Fatal Error] :1:1: Premature end of file.
2026-02-02 18:01:11,077 [ERROR] LogOutputStream:75 - [STDERR_REDIRECT] 
2026-02-02 18:01:12,074 [ERROR] LogOutputStream:75 - [STDERR_REDIRECT] [Fatal Error] :1:1: Premature end of file.
2026-02-02 18:01:12,074 [ERROR] LogOutputStream:75 - [STDERR_REDIRECT] 
2026-02-02 18:01:13,083 [ERROR] LogOutputStream:75 - [STDERR_REDIRECT] [Fatal Error] :1:1: Premature end of file.
2026-02-02 18:01:13,083 [ERROR] LogOutputStream:75 - [STDERR_REDIRECT] 
2026-02-02 18:01:14,084 [ERROR] LogOutputStream:75 - [STDERR_REDIRECT] [Fatal Error] :1:1: Premature end of file.
2026-02-02 18:01:14,085 [ERROR] LogOutputStream:75 - [STDERR_REDIRECT] 
2026-02-02 18:01:15,077 [ERROR] LogOutputStream:75 - [STDERR_REDIRECT] [Fatal Error] :1:1: Premature end of file.
2026-02-02 18:01:15,077 [ERROR] LogOutputStream:75 - [STDERR_REDIRECT] 
2026-02-02 18:01:16,079 [ERROR] LogOutputStream:75 - [STDERR_REDIRECT] [Fatal Error] :1:1: Premature end of file.
2026-02-02 18:01:16,079 [ERROR] LogOutputStream:75 - [STDERR_REDIRECT] 
2026-02-02 18:01:17,082 [ERROR] LogOutputStream:75 - [STDERR_REDIRECT] [Fatal Error] :1:1: Premature end of file.
2026-02-02 18:01:17,082 [ERROR] LogOutputStream:75 - [STDERR_REDIRECT] 
2026-02-02 18:01:18,079 [ERROR] LogOutputStream:75 - [STDERR_REDIRECT] [Fatal Error] :1:1: Premature end of file.
2026-02-02 18:01:18,079 [ERROR] LogOutputStream:75 - [STDERR_REDIRECT] 
2026-02-02 18:01:19,074 [ERROR] LogOutputStream:75 - [STDERR_REDIRECT] [Fatal Error] :1:1: Premature end of file.
2026-02-02 18:01:19,074 [ERROR] LogOutputStream:75 - [STDERR_REDIRECT] 
2026-02-02 18:01:20,080 [ERROR] LogOutputStream:75 - [STDERR_REDIRECT] [Fatal Error] :1:1: Premature end of file.
2026-02-02 18:01:20,081 [ERROR] LogOutputStream:75 - [STDERR_REDIRECT] 
2026-02-02 18:01:21,074 [ERROR] LogOutputStream:75 - [STDERR_REDIRECT] [Fatal Error] :1:1: Premature end of file.
2026-02-02 18:01:21,074 [ERROR] LogOutputStream:75 - [STDERR_REDIRECT] 
2026-02-02 18:01:22,078 [ERROR] LogOutputStream:75 - [STDERR_REDIRECT] [Fatal Error] :1:1: Premature end of file.
2026-02-02 18:01:22,078 [ERROR] LogOutputStream:75 - [STDERR_REDIRECT] 
2026-02-02 18:01:23,080 [ERROR] LogOutputStream:75 - [STDERR_REDIRECT] [Fatal Error] :1:1: Premature end of file.
2026-02-02 18:01:23,080 [ERROR] LogOutputStream:75 - [STDERR_REDIRECT] 
2026-02-02 18:01:24,072 [ERROR] LogOutputStream:75 - [STDERR_REDIRECT] [Fatal Error] :1:1: Premature end of file.
2026-02-02 18:01:24,072 [ERROR] LogOutputStream:75 - [STDERR_REDIRECT] 
2026-02-02 18:01:25,074 [ERROR] LogOutputStream:75 - [STDERR_REDIRECT] [Fatal Error] :1:1: Premature end of file.
2026-02-02 18:01:25,075 [ERROR] LogOutputStream:75 - [STDERR_REDIRECT] 
2026-02-02 18:01:26,082 [ERROR] LogOutputStream:75 - [STDERR_REDIRECT] [Fatal Error] :1:1: Premature end of file.
2026-02-02 18:01:26,082 [ERROR] LogOutputStream:75 - [STDERR_REDIRECT] 
2026-02-02 18:01:27,079 [ERROR] LogOutputStream:75 - [STDERR_REDIRECT] [Fatal Error] :1:1: Premature end of file.
2026-02-02 18:01:27,079 [ERROR] LogOutputStream:75 - [STDERR_REDIRECT] 
2026-02-02 18:01:28,089 [ERROR] LogOutputStream:75 - [STDERR_REDIRECT] [Fatal Error] :1:1: Premature end of file.
2026-02-02 18:01:28,089 [ERROR] LogOutputStream:75 - [STDERR_REDIRECT] 
2026-02-02 18:01:29,075 [ERROR] LogOutputStream:75 - [STDERR_REDIRECT] [Fatal Error] :1:1: Premature end of file.
2026-02-02 18:01:29,076 [ERROR] LogOutputStream:75 - [STDERR_REDIRECT] 
2026-02-02 18:01:30,081 [ERROR] LogOutputStream:75 - [STDERR_REDIRECT] [Fatal Error] :1:1: Premature end of file.
2026-02-02 18:01:30,081 [ERROR] LogOutputStream:75 - [STDERR_REDIRECT] 
2026-02-02 18:01:31,088 [ERROR] LogOutputStream:75 - [STDERR_REDIRECT] [Fatal Error] :1:1: Premature end of file.
2026-02-02 18:01:31,104 [ERROR] LogOutputStream:75 - [STDERR_REDIRECT] 
2026-02-02 18:01:32,086 [ERROR] LogOutputStream:75 - [STDERR_REDIRECT] [Fatal Error] :1:1: Premature end of file.
2026-02-02 18:01:32,087 [ERROR] LogOutputStream:75 - [STDERR_REDIRECT] 
2026-02-02 18:01:33,078 [ERROR] LogOutputStream:75 - [STDERR_REDIRECT] [Fatal Error] :1:1: Premature end of file.
2026-02-02 18:01:33,078 [ERROR] LogOutputStream:75 - [STDERR_REDIRECT] 
2026-02-02 18:01:34,085 [ERROR] LogOutputStream:75 - [STDERR_REDIRECT] [Fatal Error] :1:1: Premature end of file.
2026-02-02 18:01:34,085 [ERROR] LogOutputStream:75 - [STDERR_REDIRECT] 
2026-02-02 18:01:35,094 [ERROR] LogOutputStream:75 - [STDERR_REDIRECT] [Fatal Error] :1:1: Premature end of file.
2026-02-02 18:01:35,095 [ERROR] LogOutputStream:75 - [STDERR_REDIRECT] 
2026-02-02 18:01:36,073 [ERROR] LogOutputStream:75 - [STDERR_REDIRECT] [Fatal Error] :1:1: Premature end of file.
2026-02-02 18:01:36,073 [ERROR] LogOutputStream:75 - [STDERR_REDIRECT] 
2026-02-02 18:01:37,088 [ERROR] LogOutputStream:75 - [STDERR_REDIRECT] [Fatal Error] :1:1: Premature end of file.
2026-02-02 18:01:37,088 [ERROR] LogOutputStream:75 - [STDERR_REDIRECT] 
2026-02-02 18:01:38,097 [ERROR] LogOutputStream:75 - [STDERR_REDIRECT] [Fatal Error] :1:1: Premature end of file.
2026-02-02 18:01:38,097 [ERROR] LogOutputStream:75 - [STDERR_REDIRECT] 
2026-02-02 18:01:39,075 [ERROR] LogOutputStream:75 - [STDERR_REDIRECT] [Fatal Error] :1:1: Premature end of file.
2026-02-02 18:01:39,075 [ERROR] LogOutputStream:75 - [STDERR_REDIRECT] 
2026-02-02 18:01:40,077 [ERROR] LogOutputStream:75 - [STDERR_REDIRECT] [Fatal Error] :1:1: Premature end of file.
2026-02-02 18:01:40,077 [ERROR] LogOutputStream:75 - [STDERR_REDIRECT] 
2026-02-02 18:01:41,096 [ERROR] LogOutputStream:75 - [STDERR_REDIRECT] [Fatal Error] :1:1: Premature end of file.
2026-02-02 18:01:41,096 [ERROR] LogOutputStream:75 - [STDERR_REDIRECT] 
2026-02-02 18:01:42,075 [ERROR] LogOutputStream:75 - [STDERR_REDIRECT] [Fatal Error] :1:1: Premature end of file.
2026-02-02 18:01:42,075 [ERROR] LogOutputStream:75 - [STDERR_REDIRECT] 
2026-02-02 18:01:43,079 [ERROR] LogOutputStream:75 - [STDERR_REDIRECT] [Fatal Error] :1:1: Premature end of file.
2026-02-02 18:01:43,079 [ERROR] LogOutputStream:75 - [STDERR_REDIRECT] 
2026-02-02 18:01:44,076 [ERROR] LogOutputStream:75 - [STDERR_REDIRECT] [Fatal Error] :1:1: Premature end of file.
2026-02-02 18:01:44,076 [ERROR] LogOutputStream:75 - [STDERR_REDIRECT] 
2026-02-02 18:01:45,083 [ERROR] LogOutputStream:75 - [STDERR_REDIRECT] [Fatal Error] :1:1: Premature end of file.
2026-02-02 18:01:45,083 [ERROR] LogOutputStream:75 - [STDERR_REDIRECT] 
2026-02-02 18:01:46,085 [ERROR] LogOutputStream:75 - [STDERR_REDIRECT] [Fatal Error] :1:1: Premature end of file.
2026-02-02 18:01:46,085 [ERROR] LogOutputStream:75 - [STDERR_REDIRECT] 
2026-02-02 18:01:47,100 [ERROR] LogOutputStream:75 - [STDERR_REDIRECT] [Fatal Error] :1:1: Premature end of file.
2026-02-02 18:01:47,101 [ERROR] LogOutputStream:75 - [STDERR_REDIRECT] 
2026-02-02 18:01:48,072 [ERROR] LogOutputStream:75 - [STDERR_REDIRECT] [Fatal Error] :1:1: Premature end of file.
2026-02-02 18:01:48,072 [ERROR] LogOutputStream:75 - [STDERR_REDIRECT] 
2026-02-02 18:01:49,083 [ERROR] LogOutputStream:75 - [STDERR_REDIRECT] [Fatal Error] :1:1: Premature end of file.
2026-02-02 18:01:49,083 [ERROR] LogOutputStream:75 - [STDERR_REDIRECT] 
2026-02-02 18:01:50,075 [ERROR] LogOutputStream:75 - [STDERR_REDIRECT] [Fatal Error] :1:1: Premature end of file.
2026-02-02 18:01:50,075 [ERROR] LogOutputStream:75 - [STDERR_REDIRECT] 
2026-02-02 18:01:51,074 [ERROR] LogOutputStream:75 - [STDERR_REDIRECT] [Fatal Error] :1:1: Premature end of file.
2026-02-02 18:01:51,074 [ERROR] LogOutputStream:75 - [STDERR_REDIRECT] 
2026-02-02 18:01:52,081 [ERROR] LogOutputStream:75 - [STDERR_REDIRECT] [Fatal Error] :1:1: Premature end of file.
2026-02-02 18:01:52,081 [ERROR] LogOutputStream:75 - [STDERR_REDIRECT] 
2026-02-02 18:01:53,085 [ERROR] LogOutputStream:75 - [STDERR_REDIRECT] [Fatal Error] :1:1: Premature end of file.
2026-02-02 18:01:53,085 [ERROR] LogOutputStream:75 - [STDERR_REDIRECT] 
2026-02-02 18:01:54,084 [ERROR] LogOutputStream:75 - [STDERR_REDIRECT] [Fatal Error] :1:1: Premature end of file.
2026-02-02 18:01:54,084 [ERROR] LogOutputStream:75 - [STDERR_REDIRECT] 
2026-02-02 18:01:55,077 [ERROR] LogOutputStream:75 - [STDERR_REDIRECT] [Fatal Error] :1:1: Premature end of file.
2026-02-02 18:01:55,077 [ERROR] LogOutputStream:75 - [STDERR_REDIRECT] 
2026-02-02 18:01:56,074 [ERROR] LogOutputStream:75 - [STDERR_REDIRECT] [Fatal Error] :1:1: Premature end of file.
2026-02-02 18:01:56,074 [ERROR] LogOutputStream:75 - [STDERR_REDIRECT] 
2026-02-02 18:01:57,075 [ERROR] LogOutputStream:75 - [STDERR_REDIRECT] [Fatal Error] :1:1: Premature end of file.
2026-02-02 18:01:57,075 [ERROR] LogOutputStream:75 - [STDERR_REDIRECT] 
2026-02-02 18:01:58,084 [ERROR] LogOutputStream:75 - [STDERR_REDIRECT] [Fatal Error] :1:1: Premature end of file.
2026-02-02 18:01:58,085 [ERROR] LogOutputStream:75 - [STDERR_REDIRECT] 
2026-02-02 18:01:59,082 [ERROR] LogOutputStream:75 - [STDERR_REDIRECT] [Fatal Error] :1:1: Premature end of file.
2026-02-02 18:01:59,082 [ERROR] LogOutputStream:75 - [STDERR_REDIRECT] 
2026-02-02 18:02:00,075 [ERROR] LogOutputStream:75 - [STDERR_REDIRECT] [Fatal Error] :1:1: Premature end of file.
2026-02-02 18:02:00,075 [ERROR] LogOutputStream:75 - [STDERR_REDIRECT] 
2026-02-02 18:02:01,086 [ERROR] LogOutputStream:75 - [STDERR_REDIRECT] [Fatal Error] :1:1: Premature end of file.
2026-02-02 18:02:01,087 [ERROR] LogOutputStream:75 - [STDERR_REDIRECT] 
2026-02-02 18:02:02,080 [ERROR] LogOutputStream:75 - [STDERR_REDIRECT] [Fatal Error] :1:1: Premature end of file.
2026-02-02 18:02:02,080 [ERROR] LogOutputStream:75 - [STDERR_REDIRECT] 
2026-02-02 18:02:03,080 [ERROR] LogOutputStream:75 - [STDERR_REDIRECT] [Fatal Error] :1:1: Premature end of file.
2026-02-02 18:02:03,080 [ERROR] LogOutputStream:75 - [STDERR_REDIRECT] 
2026-02-02 18:02:04,083 [ERROR] LogOutputStream:75 - [STDERR_REDIRECT] [Fatal Error] :1:1: Premature end of file.
2026-02-02 18:02:04,083 [ERROR] LogOutputStream:75 - [STDERR_REDIRECT] 
2026-02-02 18:02:05,079 [ERROR] LogOutputStream:75 - [STDERR_REDIRECT] [Fatal Error] :1:1: Premature end of file.
2026-02-02 18:02:05,079 [ERROR] LogOutputStream:75 - [STDERR_REDIRECT] 
2026-02-02 18:02:06,075 [ERROR] LogOutputStream:75 - [STDERR_REDIRECT] [Fatal Error] :1:1: Premature end of file.
2026-02-02 18:02:06,075 [ERROR] LogOutputStream:75 - [STDERR_REDIRECT] 
2026-02-02 18:02:07,084 [ERROR] LogOutputStream:75 - [STDERR_REDIRECT] [Fatal Error] :1:1: Premature end of file.
2026-02-02 18:02:07,084 [ERROR] LogOutputStream:75 - [STDERR_REDIRECT] 
2026-02-02 18:02:08,087 [ERROR] LogOutputStream:75 - [STDERR_REDIRECT] [Fatal Error] :1:1: Premature end of file.
2026-02-02 18:02:08,087 [ERROR] LogOutputStream:75 - [STDERR_REDIRECT] 
2026-02-02 18:02:09,092 [ERROR] LogOutputStream:75 - [STDERR_REDIRECT] [Fatal Error] :1:1: Premature end of file.
2026-02-02 18:02:09,092 [ERROR] LogOutputStream:75 - [STDERR_REDIRECT] 
2026-02-02 18:02:10,090 [ERROR] LogOutputStream:75 - [STDERR_REDIRECT] [Fatal Error] :1:1: Premature end of file.
2026-02-02 18:02:10,090 [ERROR] LogOutputStream:75 - [STDERR_REDIRECT] 
2026-02-02 18:02:11,084 [ERROR] LogOutputStream:75 - [STDERR_REDIRECT] [Fatal Error] :1:1: Premature end of file.
2026-02-02 18:02:11,084 [ERROR] LogOutputStream:75 - [STDERR_REDIRECT] 
2026-02-02 18:02:12,081 [ERROR] LogOutputStream:75 - [STDERR_REDIRECT] [Fatal Error] :1:1: Premature end of file.
2026-02-02 18:02:12,081 [ERROR] LogOutputStream:75 - [STDERR_REDIRECT] 
2026-02-02 18:02:13,074 [ERROR] LogOutputStream:75 - [STDERR_REDIRECT] [Fatal Error] :1:1: Premature end of file.
2026-02-02 18:02:13,074 [ERROR] LogOutputStream:75 - [STDERR_REDIRECT] 
2026-02-02 18:02:14,077 [ERROR] LogOutputStream:75 - [STDERR_REDIRECT] [Fatal Error] :1:1: Premature end of file.
2026-02-02 18:02:14,077 [ERROR] LogOutputStream:75 - [STDERR_REDIRECT] 
2026-02-02 18:02:15,075 [ERROR] LogOutputStream:75 - [STDERR_REDIRECT] [Fatal Error] :1:1: Premature end of file.
2026-02-02 18:02:15,075 [ERROR] LogOutputStream:75 - [STDERR_REDIRECT] 
2026-02-02 18:02:16,076 [ERROR] LogOutputStream:75 - [STDERR_REDIRECT] [Fatal Error] :1:1: Premature end of file.
2026-02-02 18:02:16,077 [ERROR] LogOutputStream:75 - [STDERR_REDIRECT] 
2026-02-02 18:02:17,076 [ERROR] LogOutputStream:75 - [STDERR_REDIRECT] [Fatal Error] :1:1: Premature end of file.
2026-02-02 18:02:17,076 [ERROR] LogOutputStream:75 - [STDERR_REDIRECT] 
2026-02-02 18:02:18,076 [ERROR] LogOutputStream:75 - [STDERR_REDIRECT] [Fatal Error] :1:1: Premature end of file.
2026-02-02 18:02:18,076 [ERROR] LogOutputStream:75 - [STDERR_REDIRECT] 
2026-02-02 18:02:19,085 [ERROR] LogOutputStream:75 - [STDERR_REDIRECT] [Fatal Error] :1:1: Premature end of file.
2026-02-02 18:02:19,085 [ERROR] LogOutputStream:75 - [STDERR_REDIRECT] 
2026-02-02 18:02:20,073 [ERROR] LogOutputStream:75 - [STDERR_REDIRECT] [Fatal Error] :1:1: Premature end of file.
2026-02-02 18:02:20,073 [ERROR] LogOutputStream:75 - [STDERR_REDIRECT] 
2026-02-02 18:02:21,088 [ERROR] LogOutputStream:75 - [STDERR_REDIRECT] [Fatal Error] :1:1: Premature end of file.
2026-02-02 18:02:21,088 [ERROR] LogOutputStream:75 - [STDERR_REDIRECT] 
2026-02-02 18:02:22,087 [ERROR] LogOutputStream:75 - [STDERR_REDIRECT] [Fatal Error] :1:1: Premature end of file.
2026-02-02 18:02:22,087 [ERROR] LogOutputStream:75 - [STDERR_REDIRECT] 
2026-02-02 18:02:23,075 [ERROR] LogOutputStream:75 - [STDERR_REDIRECT] [Fatal Error] :1:1: Premature end of file.
2026-02-02 18:02:23,076 [ERROR] LogOutputStream:75 - [STDERR_REDIRECT] 
2026-02-02 18:02:24,078 [ERROR] LogOutputStream:75 - [STDERR_REDIRECT] [Fatal Error] :1:1: Premature end of file.
2026-02-02 18:02:24,078 [ERROR] LogOutputStream:75 - [STDERR_REDIRECT] 
2026-02-02 18:02:25,094 [ERROR] LogOutputStream:75 - [STDERR_REDIRECT] [Fatal Error] :1:1: Premature end of file.
2026-02-02 18:02:25,095 [ERROR] LogOutputStream:75 - [STDERR_REDIRECT] 
2026-02-02 18:02:26,077 [ERROR] LogOutputStream:75 - [STDERR_REDIRECT] [Fatal Error] :1:1: Premature end of file.
2026-02-02 18:02:26,078 [ERROR] LogOutputStream:75 - [STDERR_REDIRECT] 
2026-02-02 18:02:27,066 [ERROR] LogOutputStream:75 - [STDERR_REDIRECT] [Fatal Error] :1:1: Premature end of file.
2026-02-02 18:02:27,067 [ERROR] LogOutputStream:75 - [STDERR_REDIRECT] 
2026-02-02 18:02:28,077 [ERROR] LogOutputStream:75 - [STDERR_REDIRECT] [Fatal Error] :1:1: Premature end of file.
2026-02-02 18:02:28,077 [ERROR] LogOutputStream:75 - [STDERR_REDIRECT] 
2026-02-02 18:02:29,072 [ERROR] LogOutputStream:75 - [STDERR_REDIRECT] [Fatal Error] :1:1: Premature end of file.
2026-02-02 18:02:29,072 [ERROR] LogOutputStream:75 - [STDERR_REDIRECT] 
2026-02-02 18:02:30,079 [ERROR] LogOutputStream:75 - [STDERR_REDIRECT] [Fatal Error] :1:1: Premature end of file.
2026-02-02 18:02:30,079 [ERROR] LogOutputStream:75 - [STDERR_REDIRECT] 
2026-02-02 18:02:31,087 [ERROR] LogOutputStream:75 - [STDERR_REDIRECT] [Fatal Error] :1:1: Premature end of file.
2026-02-02 18:02:31,105 [ERROR] LogOutputStream:75 - [STDERR_REDIRECT] 
2026-02-02 18:02:32,107 [ERROR] LogOutputStream:75 - [STDERR_REDIRECT] [Fatal Error] :1:1: Premature end of file.
2026-02-02 18:02:32,107 [ERROR] LogOutputStream:75 - [STDERR_REDIRECT] 
2026-02-02 18:02:33,127 [ERROR] LogOutputStream:75 - [STDERR_REDIRECT] [Fatal Error] :1:1: Premature end of file.
2026-02-02 18:02:33,127 [ERROR] LogOutputStream:75 - [STDERR_REDIRECT] 
2026-02-02 18:02:33,438 [ERROR] LogOutputStream:75 - [STDERR_REDIRECT] 
2026-02-02 18:02:33,446 [ERROR] LogOutputStream:75 - [STDERR_REDIRECT] 
