2026-05-09 00:19:37,265 [INFO] WebApp:194 - Connection lost
2026-05-09 00:19:37,440 [INFO] WebApp:191 - Connection restablished
2026-05-09 00:19:37,997 [ERROR] LogOutputStream:75 - [STDERR_REDIRECT] [Fatal Error] :1:1: Premature end of file.
2026-05-09 00:19:37,997 [ERROR] LogOutputStream:75 - [STDERR_REDIRECT] 
2026-05-09 00:19:39,004 [ERROR] LogOutputStream:75 - [STDERR_REDIRECT] [Fatal Error] :1:1: Premature end of file.
2026-05-09 00:19:39,014 [ERROR] LogOutputStream:75 - [STDERR_REDIRECT] 
2026-05-09 00:19:40,016 [ERROR] LogOutputStream:75 - [STDERR_REDIRECT] [Fatal Error] :1:1: Premature end of file.
2026-05-09 00:19:40,016 [ERROR] LogOutputStream:75 - [STDERR_REDIRECT] 
2026-05-09 00:19:40,994 [ERROR] LogOutputStream:75 - [STDERR_REDIRECT] [Fatal Error] :1:1: Premature end of file.
2026-05-09 00:19:40,994 [ERROR] LogOutputStream:75 - [STDERR_REDIRECT] 
2026-05-09 00:19:42,007 [ERROR] LogOutputStream:75 - [STDERR_REDIRECT] [Fatal Error] :1:1: Premature end of file.
2026-05-09 00:19:42,007 [ERROR] LogOutputStream:75 - [STDERR_REDIRECT] 
2026-05-09 00:19:42,994 [ERROR] LogOutputStream:75 - [STDERR_REDIRECT] [Fatal Error] :1:1: Premature end of file.
2026-05-09 00:19:42,994 [ERROR] LogOutputStream:75 - [STDERR_REDIRECT] 
2026-05-09 00:19:44,006 [ERROR] LogOutputStream:75 - [STDERR_REDIRECT] [Fatal Error] :1:1: Premature end of file.
2026-05-09 00:19:44,006 [ERROR] LogOutputStream:75 - [STDERR_REDIRECT] 
2026-05-09 00:19:44,997 [ERROR] LogOutputStream:75 - [STDERR_REDIRECT] [Fatal Error] :1:1: Premature end of file.
2026-05-09 00:19:44,997 [ERROR] LogOutputStream:75 - [STDERR_REDIRECT] 
2026-05-09 00:19:46,007 [ERROR] LogOutputStream:75 - [STDERR_REDIRECT] [Fatal Error] :1:1: Premature end of file.
2026-05-09 00:19:46,007 [ERROR] LogOutputStream:75 - [STDERR_REDIRECT] 
2026-05-09 00:19:47,012 [ERROR] LogOutputStream:75 - [STDERR_REDIRECT] [Fatal Error] :1:1: Premature end of file.
2026-05-09 00:19:47,012 [ERROR] LogOutputStream:75 - [STDERR_REDIRECT] 
2026-05-09 00:19:48,004 [ERROR] LogOutputStream:75 - [STDERR_REDIRECT] [Fatal Error] :1:1: Premature end of file.
2026-05-09 00:19:48,004 [ERROR] LogOutputStream:75 - [STDERR_REDIRECT] 
2026-05-09 00:19:49,012 [ERROR] LogOutputStream:75 - [STDERR_REDIRECT] [Fatal Error] :1:1: Premature end of file.
2026-05-09 00:19:49,012 [ERROR] LogOutputStream:75 - [STDERR_REDIRECT] 
2026-05-09 00:19:50,008 [ERROR] LogOutputStream:75 - [STDERR_REDIRECT] [Fatal Error] :1:1: Premature end of file.
2026-05-09 00:19:50,008 [ERROR] LogOutputStream:75 - [STDERR_REDIRECT] 
2026-05-09 00:19:51,008 [ERROR] LogOutputStream:75 - [STDERR_REDIRECT] [Fatal Error] :1:1: Premature end of file.
2026-05-09 00:19:51,008 [ERROR] LogOutputStream:75 - [STDERR_REDIRECT] 
2026-05-09 00:19:52,010 [ERROR] LogOutputStream:75 - [STDERR_REDIRECT] [Fatal Error] :1:1: Premature end of file.
2026-05-09 00:19:52,010 [ERROR] LogOutputStream:75 - [STDERR_REDIRECT] 
2026-05-09 00:19:53,005 [ERROR] LogOutputStream:75 - [STDERR_REDIRECT] [Fatal Error] :1:1: Premature end of file.
2026-05-09 00:19:53,005 [ERROR] LogOutputStream:75 - [STDERR_REDIRECT] 
2026-05-09 00:19:54,012 [ERROR] LogOutputStream:75 - [STDERR_REDIRECT] [Fatal Error] :1:1: Premature end of file.
2026-05-09 00:19:54,012 [ERROR] LogOutputStream:75 - [STDERR_REDIRECT] 
2026-05-09 00:19:55,003 [ERROR] LogOutputStream:75 - [STDERR_REDIRECT] [Fatal Error] :1:1: Premature end of file.
2026-05-09 00:19:55,003 [ERROR] LogOutputStream:75 - [STDERR_REDIRECT] 
2026-05-09 00:19:55,999 [ERROR] LogOutputStream:75 - [STDERR_REDIRECT] [Fatal Error] :1:1: Premature end of file.
2026-05-09 00:19:55,999 [ERROR] LogOutputStream:75 - [STDERR_REDIRECT] 
2026-05-09 00:19:57,010 [ERROR] LogOutputStream:75 - [STDERR_REDIRECT] [Fatal Error] :1:1: Premature end of file.
2026-05-09 00:19:57,015 [ERROR] LogOutputStream:75 - [STDERR_REDIRECT] 
2026-05-09 00:19:58,003 [ERROR] LogOutputStream:75 - [STDERR_REDIRECT] [Fatal Error] :1:1: Premature end of file.
2026-05-09 00:19:58,003 [ERROR] LogOutputStream:75 - [STDERR_REDIRECT] 
2026-05-09 00:19:59,006 [ERROR] LogOutputStream:75 - [STDERR_REDIRECT] [Fatal Error] :1:1: Premature end of file.
2026-05-09 00:19:59,006 [ERROR] LogOutputStream:75 - [STDERR_REDIRECT] 
2026-05-09 00:20:00,012 [ERROR] LogOutputStream:75 - [STDERR_REDIRECT] [Fatal Error] :1:1: Premature end of file.
2026-05-09 00:20:00,012 [ERROR] LogOutputStream:75 - [STDERR_REDIRECT] 
2026-05-09 00:20:01,000 [ERROR] LogOutputStream:75 - [STDERR_REDIRECT] [Fatal Error] :1:1: Premature end of file.
2026-05-09 00:20:01,000 [ERROR] LogOutputStream:75 - [STDERR_REDIRECT] 
2026-05-09 00:20:02,005 [ERROR] LogOutputStream:75 - [STDERR_REDIRECT] [Fatal Error] :1:1: Premature end of file.
2026-05-09 00:20:02,005 [ERROR] LogOutputStream:75 - [STDERR_REDIRECT] 
2026-05-09 00:20:03,007 [ERROR] LogOutputStream:75 - [STDERR_REDIRECT] [Fatal Error] :1:1: Premature end of file.
2026-05-09 00:20:03,007 [ERROR] LogOutputStream:75 - [STDERR_REDIRECT] 
2026-05-09 00:20:03,999 [ERROR] LogOutputStream:75 - [STDERR_REDIRECT] [Fatal Error] :1:1: Premature end of file.
2026-05-09 00:20:03,999 [ERROR] LogOutputStream:75 - [STDERR_REDIRECT] 
2026-05-09 00:20:05,007 [ERROR] LogOutputStream:75 - [STDERR_REDIRECT] [Fatal Error] :1:1: Premature end of file.
2026-05-09 00:20:05,007 [ERROR] LogOutputStream:75 - [STDERR_REDIRECT] 
2026-05-09 00:20:06,005 [ERROR] LogOutputStream:75 - [STDERR_REDIRECT] [Fatal Error] :1:1: Premature end of file.
2026-05-09 00:20:06,005 [ERROR] LogOutputStream:75 - [STDERR_REDIRECT] 
2026-05-09 00:20:07,014 [ERROR] LogOutputStream:75 - [STDERR_REDIRECT] [Fatal Error] :1:1: Premature end of file.
2026-05-09 00:20:07,014 [ERROR] LogOutputStream:75 - [STDERR_REDIRECT] 
2026-05-09 00:20:07,996 [ERROR] LogOutputStream:75 - [STDERR_REDIRECT] [Fatal Error] :1:1: Premature end of file.
2026-05-09 00:20:07,996 [ERROR] LogOutputStream:75 - [STDERR_REDIRECT] 
2026-05-09 00:20:09,008 [ERROR] LogOutputStream:75 - [STDERR_REDIRECT] [Fatal Error] :1:1: Premature end of file.
2026-05-09 00:20:09,008 [ERROR] LogOutputStream:75 - [STDERR_REDIRECT] 
2026-05-09 00:20:10,016 [ERROR] LogOutputStream:75 - [STDERR_REDIRECT] [Fatal Error] :1:1: Premature end of file.
2026-05-09 00:20:10,016 [ERROR] LogOutputStream:75 - [STDERR_REDIRECT] 
2026-05-09 00:20:11,007 [ERROR] LogOutputStream:75 - [STDERR_REDIRECT] [Fatal Error] :1:1: Premature end of file.
2026-05-09 00:20:11,012 [ERROR] LogOutputStream:75 - [STDERR_REDIRECT] 
2026-05-09 00:20:12,009 [ERROR] LogOutputStream:75 - [STDERR_REDIRECT] [Fatal Error] :1:1: Premature end of file.
2026-05-09 00:20:12,009 [ERROR] LogOutputStream:75 - [STDERR_REDIRECT] 
2026-05-09 00:20:13,008 [ERROR] LogOutputStream:75 - [STDERR_REDIRECT] [Fatal Error] :1:1: Premature end of file.
2026-05-09 00:20:13,008 [ERROR] LogOutputStream:75 - [STDERR_REDIRECT] 
2026-05-09 00:20:13,998 [ERROR] LogOutputStream:75 - [STDERR_REDIRECT] [Fatal Error] :1:1: Premature end of file.
2026-05-09 00:20:13,998 [ERROR] LogOutputStream:75 - [STDERR_REDIRECT] 
2026-05-09 00:20:15,008 [ERROR] LogOutputStream:75 - [STDERR_REDIRECT] [Fatal Error] :1:1: Premature end of file.
2026-05-09 00:20:15,008 [ERROR] LogOutputStream:75 - [STDERR_REDIRECT] 
2026-05-09 00:20:16,001 [ERROR] LogOutputStream:75 - [STDERR_REDIRECT] [Fatal Error] :1:1: Premature end of file.
2026-05-09 00:20:16,001 [ERROR] LogOutputStream:75 - [STDERR_REDIRECT] 
2026-05-09 00:20:17,007 [ERROR] LogOutputStream:75 - [STDERR_REDIRECT] [Fatal Error] :1:1: Premature end of file.
2026-05-09 00:20:17,007 [ERROR] LogOutputStream:75 - [STDERR_REDIRECT] 
2026-05-09 00:20:17,997 [ERROR] LogOutputStream:75 - [STDERR_REDIRECT] [Fatal Error] :1:1: Premature end of file.
2026-05-09 00:20:17,997 [ERROR] LogOutputStream:75 - [STDERR_REDIRECT] 
2026-05-09 00:20:19,002 [ERROR] LogOutputStream:75 - [STDERR_REDIRECT] [Fatal Error] :1:1: Premature end of file.
2026-05-09 00:20:19,002 [ERROR] LogOutputStream:75 - [STDERR_REDIRECT] 
2026-05-09 00:20:20,011 [ERROR] LogOutputStream:75 - [STDERR_REDIRECT] [Fatal Error] :1:1: Premature end of file.
2026-05-09 00:20:20,011 [ERROR] LogOutputStream:75 - [STDERR_REDIRECT] 
2026-05-09 00:20:21,004 [ERROR] LogOutputStream:75 - [STDERR_REDIRECT] [Fatal Error] :1:1: Premature end of file.
2026-05-09 00:20:21,004 [ERROR] LogOutputStream:75 - [STDERR_REDIRECT] 
2026-05-09 00:20:22,003 [ERROR] LogOutputStream:75 - [STDERR_REDIRECT] [Fatal Error] :1:1: Premature end of file.
2026-05-09 00:20:22,003 [ERROR] LogOutputStream:75 - [STDERR_REDIRECT] 
2026-05-09 00:20:23,012 [ERROR] LogOutputStream:75 - [STDERR_REDIRECT] [Fatal Error] :1:1: Premature end of file.
2026-05-09 00:20:23,012 [ERROR] LogOutputStream:75 - [STDERR_REDIRECT] 
2026-05-09 00:20:23,986 [ERROR] LogOutputStream:75 - [STDERR_REDIRECT] [Fatal Error] :1:1: Premature end of file.
2026-05-09 00:20:23,986 [ERROR] LogOutputStream:75 - [STDERR_REDIRECT] 
2026-05-09 00:20:25,010 [ERROR] LogOutputStream:75 - [STDERR_REDIRECT] [Fatal Error] :1:1: Premature end of file.
2026-05-09 00:20:25,010 [ERROR] LogOutputStream:75 - [STDERR_REDIRECT] 
2026-05-09 00:20:25,998 [ERROR] LogOutputStream:75 - [STDERR_REDIRECT] [Fatal Error] :1:1: Premature end of file.
2026-05-09 00:20:25,998 [ERROR] LogOutputStream:75 - [STDERR_REDIRECT] 
2026-05-09 00:20:27,010 [ERROR] LogOutputStream:75 - [STDERR_REDIRECT] [Fatal Error] :1:1: Premature end of file.
2026-05-09 00:20:27,010 [ERROR] LogOutputStream:75 - [STDERR_REDIRECT] 
2026-05-09 00:20:28,005 [ERROR] LogOutputStream:75 - [STDERR_REDIRECT] [Fatal Error] :1:1: Premature end of file.
2026-05-09 00:20:28,006 [ERROR] LogOutputStream:75 - [STDERR_REDIRECT] 
2026-05-09 00:20:28,982 [ERROR] LogOutputStream:75 - [STDERR_REDIRECT] [Fatal Error] :1:1: Premature end of file.
2026-05-09 00:20:28,982 [ERROR] LogOutputStream:75 - [STDERR_REDIRECT] 
2026-05-09 00:20:30,003 [ERROR] LogOutputStream:75 - [STDERR_REDIRECT] [Fatal Error] :1:1: Premature end of file.
2026-05-09 00:20:30,003 [ERROR] LogOutputStream:75 - [STDERR_REDIRECT] 
2026-05-09 00:20:30,998 [ERROR] LogOutputStream:75 - [STDERR_REDIRECT] [Fatal Error] :1:1: Premature end of file.
2026-05-09 00:20:30,998 [ERROR] LogOutputStream:75 - [STDERR_REDIRECT] 
2026-05-09 00:20:32,006 [ERROR] LogOutputStream:75 - [STDERR_REDIRECT] [Fatal Error] :1:1: Premature end of file.
2026-05-09 00:20:32,006 [ERROR] LogOutputStream:75 - [STDERR_REDIRECT] 
2026-05-09 00:20:32,997 [ERROR] LogOutputStream:75 - [STDERR_REDIRECT] [Fatal Error] :1:1: Premature end of file.
2026-05-09 00:20:32,997 [ERROR] LogOutputStream:75 - [STDERR_REDIRECT] 
2026-05-09 00:20:33,988 [ERROR] LogOutputStream:75 - [STDERR_REDIRECT] [Fatal Error] :1:1: Premature end of file.
2026-05-09 00:20:34,004 [ERROR] LogOutputStream:75 - [STDERR_REDIRECT] 
2026-05-09 00:20:35,002 [ERROR] LogOutputStream:75 - [STDERR_REDIRECT] [Fatal Error] :1:1: Premature end of file.
2026-05-09 00:20:35,002 [ERROR] LogOutputStream:75 - [STDERR_REDIRECT] 
2026-05-09 00:20:36,011 [ERROR] LogOutputStream:75 - [STDERR_REDIRECT] [Fatal Error] :1:1: Premature end of file.
2026-05-09 00:20:36,011 [ERROR] LogOutputStream:75 - [STDERR_REDIRECT] 
2026-05-09 00:20:37,001 [ERROR] LogOutputStream:75 - [STDERR_REDIRECT] [Fatal Error] :1:1: Premature end of file.
2026-05-09 00:20:37,001 [ERROR] LogOutputStream:75 - [STDERR_REDIRECT] 
2026-05-09 00:20:38,013 [ERROR] LogOutputStream:75 - [STDERR_REDIRECT] [Fatal Error] :1:1: Premature end of file.
2026-05-09 00:20:38,013 [ERROR] LogOutputStream:75 - [STDERR_REDIRECT] 
2026-05-09 00:20:39,001 [ERROR] LogOutputStream:75 - [STDERR_REDIRECT] [Fatal Error] :1:1: Premature end of file.
2026-05-09 00:20:39,001 [ERROR] LogOutputStream:75 - [STDERR_REDIRECT] 
2026-05-09 00:20:40,010 [ERROR] LogOutputStream:75 - [STDERR_REDIRECT] [Fatal Error] :1:1: Premature end of file.
2026-05-09 00:20:40,014 [ERROR] LogOutputStream:75 - [STDERR_REDIRECT] 
2026-05-09 00:20:41,004 [ERROR] LogOutputStream:75 - [STDERR_REDIRECT] [Fatal Error] :1:1: Premature end of file.
2026-05-09 00:20:41,004 [ERROR] LogOutputStream:75 - [STDERR_REDIRECT] 
2026-05-09 00:20:41,997 [ERROR] LogOutputStream:75 - [STDERR_REDIRECT] [Fatal Error] :1:1: Premature end of file.
2026-05-09 00:20:41,997 [ERROR] LogOutputStream:75 - [STDERR_REDIRECT] 
2026-05-09 00:20:43,006 [ERROR] LogOutputStream:75 - [STDERR_REDIRECT] [Fatal Error] :1:1: Premature end of file.
2026-05-09 00:20:43,006 [ERROR] LogOutputStream:75 - [STDERR_REDIRECT] 
2026-05-09 00:20:44,002 [ERROR] LogOutputStream:75 - [STDERR_REDIRECT] [Fatal Error] :1:1: Premature end of file.
2026-05-09 00:20:44,002 [ERROR] LogOutputStream:75 - [STDERR_REDIRECT] 
2026-05-09 00:20:45,010 [ERROR] LogOutputStream:75 - [STDERR_REDIRECT] [Fatal Error] :1:1: Premature end of file.
2026-05-09 00:20:45,010 [ERROR] LogOutputStream:75 - [STDERR_REDIRECT] 
2026-05-09 00:20:46,009 [ERROR] LogOutputStream:75 - [STDERR_REDIRECT] [Fatal Error] :1:1: Premature end of file.
2026-05-09 00:20:46,009 [ERROR] LogOutputStream:75 - [STDERR_REDIRECT] 
2026-05-09 00:20:47,012 [ERROR] LogOutputStream:75 - [STDERR_REDIRECT] [Fatal Error] :1:1: Premature end of file.
2026-05-09 00:20:47,012 [ERROR] LogOutputStream:75 - [STDERR_REDIRECT] 
2026-05-09 00:20:48,006 [ERROR] LogOutputStream:75 - [STDERR_REDIRECT] [Fatal Error] :1:1: Premature end of file.
2026-05-09 00:20:48,006 [ERROR] LogOutputStream:75 - [STDERR_REDIRECT] 
2026-05-09 00:20:49,008 [ERROR] LogOutputStream:75 - [STDERR_REDIRECT] [Fatal Error] :1:1: Premature end of file.
2026-05-09 00:20:49,008 [ERROR] LogOutputStream:75 - [STDERR_REDIRECT] 
2026-05-09 00:20:50,003 [ERROR] LogOutputStream:75 - [STDERR_REDIRECT] [Fatal Error] :1:1: Premature end of file.
2026-05-09 00:20:50,003 [ERROR] LogOutputStream:75 - [STDERR_REDIRECT] 
2026-05-09 00:20:50,998 [ERROR] LogOutputStream:75 - [STDERR_REDIRECT] [Fatal Error] :1:1: Premature end of file.
2026-05-09 00:20:50,998 [ERROR] LogOutputStream:75 - [STDERR_REDIRECT] 
2026-05-09 00:20:52,006 [ERROR] LogOutputStream:75 - [STDERR_REDIRECT] [Fatal Error] :1:1: Premature end of file.
2026-05-09 00:20:52,006 [ERROR] LogOutputStream:75 - [STDERR_REDIRECT] 
2026-05-09 00:20:53,000 [ERROR] LogOutputStream:75 - [STDERR_REDIRECT] [Fatal Error] :1:1: Premature end of file.
2026-05-09 00:20:53,000 [ERROR] LogOutputStream:75 - [STDERR_REDIRECT] 
2026-05-09 00:20:54,014 [ERROR] LogOutputStream:75 - [STDERR_REDIRECT] [Fatal Error] :1:1: Premature end of file.
2026-05-09 00:20:54,014 [ERROR] LogOutputStream:75 - [STDERR_REDIRECT] 
2026-05-09 00:20:55,004 [ERROR] LogOutputStream:75 - [STDERR_REDIRECT] [Fatal Error] :1:1: Premature end of file.
2026-05-09 00:20:55,004 [ERROR] LogOutputStream:75 - [STDERR_REDIRECT] 
2026-05-09 00:20:56,000 [ERROR] LogOutputStream:75 - [STDERR_REDIRECT] [Fatal Error] :1:1: Premature end of file.
2026-05-09 00:20:56,000 [ERROR] LogOutputStream:75 - [STDERR_REDIRECT] 
2026-05-09 00:20:57,004 [ERROR] LogOutputStream:75 - [STDERR_REDIRECT] [Fatal Error] :1:1: Premature end of file.
2026-05-09 00:20:57,004 [ERROR] LogOutputStream:75 - [STDERR_REDIRECT] 
2026-05-09 00:20:57,999 [ERROR] LogOutputStream:75 - [STDERR_REDIRECT] [Fatal Error] :1:1: Premature end of file.
2026-05-09 00:20:57,999 [ERROR] LogOutputStream:75 - [STDERR_REDIRECT] 
2026-05-09 00:20:59,008 [ERROR] LogOutputStream:75 - [STDERR_REDIRECT] [Fatal Error] :1:1: Premature end of file.
2026-05-09 00:20:59,008 [ERROR] LogOutputStream:75 - [STDERR_REDIRECT] 
2026-05-09 00:21:00,008 [ERROR] LogOutputStream:75 - [STDERR_REDIRECT] [Fatal Error] :1:1: Premature end of file.
2026-05-09 00:21:00,008 [ERROR] LogOutputStream:75 - [STDERR_REDIRECT] 
2026-05-09 00:21:01,006 [ERROR] LogOutputStream:75 - [STDERR_REDIRECT] [Fatal Error] :1:1: Premature end of file.
2026-05-09 00:21:01,006 [ERROR] LogOutputStream:75 - [STDERR_REDIRECT] 
2026-05-09 00:21:02,017 [ERROR] LogOutputStream:75 - [STDERR_REDIRECT] [Fatal Error] :1:1: Premature end of file.
2026-05-09 00:21:02,017 [ERROR] LogOutputStream:75 - [STDERR_REDIRECT] 
2026-05-09 00:21:03,008 [ERROR] LogOutputStream:75 - [STDERR_REDIRECT] [Fatal Error] :1:1: Premature end of file.
2026-05-09 00:21:03,008 [ERROR] LogOutputStream:75 - [STDERR_REDIRECT] 
2026-05-09 00:21:03,996 [ERROR] LogOutputStream:75 - [STDERR_REDIRECT] [Fatal Error] :1:1: Premature end of file.
2026-05-09 00:21:03,996 [ERROR] LogOutputStream:75 - [STDERR_REDIRECT] 
2026-05-09 00:21:05,008 [ERROR] LogOutputStream:75 - [STDERR_REDIRECT] [Fatal Error] :1:1: Premature end of file.
2026-05-09 00:21:05,008 [ERROR] LogOutputStream:75 - [STDERR_REDIRECT] 
2026-05-09 00:21:06,014 [ERROR] LogOutputStream:75 - [STDERR_REDIRECT] [Fatal Error] :1:1: Premature end of file.
2026-05-09 00:21:06,014 [ERROR] LogOutputStream:75 - [STDERR_REDIRECT] 
2026-05-09 00:21:07,001 [ERROR] LogOutputStream:75 - [STDERR_REDIRECT] [Fatal Error] :1:1: Premature end of file.
2026-05-09 00:21:07,001 [ERROR] LogOutputStream:75 - [STDERR_REDIRECT] 
2026-05-09 00:21:08,010 [ERROR] LogOutputStream:75 - [STDERR_REDIRECT] [Fatal Error] :1:1: Premature end of file.
2026-05-09 00:21:08,010 [ERROR] LogOutputStream:75 - [STDERR_REDIRECT] 
2026-05-09 00:21:09,003 [ERROR] LogOutputStream:75 - [STDERR_REDIRECT] [Fatal Error] :1:1: Premature end of file.
2026-05-09 00:21:09,003 [ERROR] LogOutputStream:75 - [STDERR_REDIRECT] 
2026-05-09 00:21:10,008 [ERROR] LogOutputStream:75 - [STDERR_REDIRECT] [Fatal Error] :1:1: Premature end of file.
2026-05-09 00:21:10,008 [ERROR] LogOutputStream:75 - [STDERR_REDIRECT] 
2026-05-09 00:21:10,999 [ERROR] LogOutputStream:75 - [STDERR_REDIRECT] [Fatal Error] :1:1: Premature end of file.
2026-05-09 00:21:10,999 [ERROR] LogOutputStream:75 - [STDERR_REDIRECT] 
2026-05-09 00:21:11,988 [ERROR] LogOutputStream:75 - [STDERR_REDIRECT] [Fatal Error] :1:1: Premature end of file.
2026-05-09 00:21:11,988 [ERROR] LogOutputStream:75 - [STDERR_REDIRECT] 
2026-05-09 00:21:12,997 [ERROR] LogOutputStream:75 - [STDERR_REDIRECT] [Fatal Error] :1:1: Premature end of file.
2026-05-09 00:21:12,997 [ERROR] LogOutputStream:75 - [STDERR_REDIRECT] 
2026-05-09 00:21:14,013 [ERROR] LogOutputStream:75 - [STDERR_REDIRECT] [Fatal Error] :1:1: Premature end of file.
2026-05-09 00:21:14,013 [ERROR] LogOutputStream:75 - [STDERR_REDIRECT] 
2026-05-09 00:21:15,009 [ERROR] LogOutputStream:75 - [STDERR_REDIRECT] [Fatal Error] :1:1: Premature end of file.
2026-05-09 00:21:15,009 [ERROR] LogOutputStream:75 - [STDERR_REDIRECT] 
2026-05-09 00:21:16,002 [ERROR] LogOutputStream:75 - [STDERR_REDIRECT] [Fatal Error] :1:1: Premature end of file.
2026-05-09 00:21:16,002 [ERROR] LogOutputStream:75 - [STDERR_REDIRECT] 
2026-05-09 00:21:16,982 [ERROR] LogOutputStream:75 - [STDERR_REDIRECT] [Fatal Error] :1:1: Premature end of file.
2026-05-09 00:21:16,990 [ERROR] LogOutputStream:75 - [STDERR_REDIRECT] 
2026-05-09 00:21:18,005 [ERROR] LogOutputStream:75 - [STDERR_REDIRECT] [Fatal Error] :1:1: Premature end of file.
2026-05-09 00:21:18,005 [ERROR] LogOutputStream:75 - [STDERR_REDIRECT] 
2026-05-09 00:21:19,011 [ERROR] LogOutputStream:75 - [STDERR_REDIRECT] [Fatal Error] :1:1: Premature end of file.
2026-05-09 00:21:19,011 [ERROR] LogOutputStream:75 - [STDERR_REDIRECT] 
2026-05-09 00:21:20,003 [ERROR] LogOutputStream:75 - [STDERR_REDIRECT] [Fatal Error] :1:1: Premature end of file.
2026-05-09 00:21:20,003 [ERROR] LogOutputStream:75 - [STDERR_REDIRECT] 
2026-05-09 00:21:21,010 [ERROR] LogOutputStream:75 - [STDERR_REDIRECT] [Fatal Error] :1:1: Premature end of file.
2026-05-09 00:21:21,010 [ERROR] LogOutputStream:75 - [STDERR_REDIRECT] 
2026-05-09 00:21:21,986 [ERROR] LogOutputStream:75 - [STDERR_REDIRECT] [Fatal Error] :1:1: Premature end of file.
2026-05-09 00:21:21,986 [ERROR] LogOutputStream:75 - [STDERR_REDIRECT] 
2026-05-09 00:21:23,006 [ERROR] LogOutputStream:75 - [STDERR_REDIRECT] [Fatal Error] :1:1: Premature end of file.
2026-05-09 00:21:23,006 [ERROR] LogOutputStream:75 - [STDERR_REDIRECT] 
2026-05-09 00:21:24,000 [ERROR] LogOutputStream:75 - [STDERR_REDIRECT] [Fatal Error] :1:1: Premature end of file.
2026-05-09 00:21:24,000 [ERROR] LogOutputStream:75 - [STDERR_REDIRECT] 
2026-05-09 00:21:25,005 [ERROR] LogOutputStream:75 - [STDERR_REDIRECT] [Fatal Error] :1:1: Premature end of file.
2026-05-09 00:21:25,005 [ERROR] LogOutputStream:75 - [STDERR_REDIRECT] 
2026-05-09 00:21:26,001 [ERROR] LogOutputStream:75 - [STDERR_REDIRECT] [Fatal Error] :1:1: Premature end of file.
2026-05-09 00:21:26,001 [ERROR] LogOutputStream:75 - [STDERR_REDIRECT] 
2026-05-09 00:21:27,013 [ERROR] LogOutputStream:75 - [STDERR_REDIRECT] [Fatal Error] :1:1: Premature end of file.
2026-05-09 00:21:27,013 [ERROR] LogOutputStream:75 - [STDERR_REDIRECT] 
2026-05-09 00:21:28,007 [ERROR] LogOutputStream:75 - [STDERR_REDIRECT] [Fatal Error] :1:1: Premature end of file.
2026-05-09 00:21:28,007 [ERROR] LogOutputStream:75 - [STDERR_REDIRECT] 
2026-05-09 00:21:29,000 [ERROR] LogOutputStream:75 - [STDERR_REDIRECT] [Fatal Error] :1:1: Premature end of file.
2026-05-09 00:21:29,000 [ERROR] LogOutputStream:75 - [STDERR_REDIRECT] 
2026-05-09 00:21:30,011 [ERROR] LogOutputStream:75 - [STDERR_REDIRECT] [Fatal Error] :1:1: Premature end of file.
2026-05-09 00:21:30,024 [ERROR] LogOutputStream:75 - [STDERR_REDIRECT] 
2026-05-09 00:21:30,988 [ERROR] LogOutputStream:75 - [STDERR_REDIRECT] [Fatal Error] :1:1: Premature end of file.
2026-05-09 00:21:30,988 [ERROR] LogOutputStream:75 - [STDERR_REDIRECT] 
2026-05-09 00:21:32,011 [ERROR] LogOutputStream:75 - [STDERR_REDIRECT] [Fatal Error] :1:1: Premature end of file.
2026-05-09 00:21:32,011 [ERROR] LogOutputStream:75 - [STDERR_REDIRECT] 
2026-05-09 00:21:32,989 [ERROR] LogOutputStream:75 - [STDERR_REDIRECT] [Fatal Error] :1:1: Premature end of file.
2026-05-09 00:21:32,989 [ERROR] LogOutputStream:75 - [STDERR_REDIRECT] 
2026-05-09 00:21:34,003 [ERROR] LogOutputStream:75 - [STDERR_REDIRECT] [Fatal Error] :1:1: Premature end of file.
2026-05-09 00:21:34,003 [ERROR] LogOutputStream:75 - [STDERR_REDIRECT] 
2026-05-09 00:21:34,995 [ERROR] LogOutputStream:75 - [STDERR_REDIRECT] [Fatal Error] :1:1: Premature end of file.
2026-05-09 00:21:34,995 [ERROR] LogOutputStream:75 - [STDERR_REDIRECT] 
2026-05-09 00:21:35,999 [ERROR] LogOutputStream:75 - [STDERR_REDIRECT] [Fatal Error] :1:1: Premature end of file.
2026-05-09 00:21:35,999 [ERROR] LogOutputStream:75 - [STDERR_REDIRECT] 
2026-05-09 00:21:37,005 [ERROR] LogOutputStream:75 - [STDERR_REDIRECT] [Fatal Error] :1:1: Premature end of file.
2026-05-09 00:21:37,005 [ERROR] LogOutputStream:75 - [STDERR_REDIRECT] 
2026-05-09 00:21:38,007 [ERROR] LogOutputStream:75 - [STDERR_REDIRECT] [Fatal Error] :1:1: Premature end of file.
2026-05-09 00:21:38,007 [ERROR] LogOutputStream:75 - [STDERR_REDIRECT] 
2026-05-09 00:21:38,995 [ERROR] LogOutputStream:75 - [STDERR_REDIRECT] [Fatal Error] :1:1: Premature end of file.
2026-05-09 00:21:38,995 [ERROR] LogOutputStream:75 - [STDERR_REDIRECT] 
2026-05-09 00:21:40,008 [ERROR] LogOutputStream:75 - [STDERR_REDIRECT] [Fatal Error] :1:1: Premature end of file.
2026-05-09 00:21:40,008 [ERROR] LogOutputStream:75 - [STDERR_REDIRECT] 
2026-05-09 00:21:41,009 [ERROR] LogOutputStream:75 - [STDERR_REDIRECT] [Fatal Error] :1:1: Premature end of file.
2026-05-09 00:21:41,009 [ERROR] LogOutputStream:75 - [STDERR_REDIRECT] 
2026-05-09 00:21:41,998 [ERROR] LogOutputStream:75 - [STDERR_REDIRECT] [Fatal Error] :1:1: Premature end of file.
2026-05-09 00:21:41,998 [ERROR] LogOutputStream:75 - [STDERR_REDIRECT] 
2026-05-09 00:21:43,006 [ERROR] LogOutputStream:75 - [STDERR_REDIRECT] [Fatal Error] :1:1: Premature end of file.
2026-05-09 00:21:43,006 [ERROR] LogOutputStream:75 - [STDERR_REDIRECT] 
2026-05-09 00:21:43,981 [ERROR] LogOutputStream:75 - [STDERR_REDIRECT] [Fatal Error] :1:1: Premature end of file.
2026-05-09 00:21:43,981 [ERROR] LogOutputStream:75 - [STDERR_REDIRECT] 
2026-05-09 00:21:45,011 [ERROR] LogOutputStream:75 - [STDERR_REDIRECT] [Fatal Error] :1:1: Premature end of file.
2026-05-09 00:21:45,019 [ERROR] LogOutputStream:75 - [STDERR_REDIRECT] 
2026-05-09 00:21:46,010 [ERROR] LogOutputStream:75 - [STDERR_REDIRECT] [Fatal Error] :1:1: Premature end of file.
2026-05-09 00:21:46,010 [ERROR] LogOutputStream:75 - [STDERR_REDIRECT] 
2026-05-09 00:21:47,006 [ERROR] LogOutputStream:75 - [STDERR_REDIRECT] [Fatal Error] :1:1: Premature end of file.
2026-05-09 00:21:47,006 [ERROR] LogOutputStream:75 - [STDERR_REDIRECT] 
2026-05-09 00:21:47,991 [ERROR] LogOutputStream:75 - [STDERR_REDIRECT] [Fatal Error] :1:1: Premature end of file.
2026-05-09 00:21:47,991 [ERROR] LogOutputStream:75 - [STDERR_REDIRECT] 
2026-05-09 00:21:48,997 [ERROR] LogOutputStream:75 - [STDERR_REDIRECT] [Fatal Error] :1:1: Premature end of file.
2026-05-09 00:21:48,997 [ERROR] LogOutputStream:75 - [STDERR_REDIRECT] 
2026-05-09 00:21:49,999 [ERROR] LogOutputStream:75 - [STDERR_REDIRECT] [Fatal Error] :1:1: Premature end of file.
2026-05-09 00:21:49,999 [ERROR] LogOutputStream:75 - [STDERR_REDIRECT] 
2026-05-09 00:21:51,007 [ERROR] LogOutputStream:75 - [STDERR_REDIRECT] [Fatal Error] :1:1: Premature end of file.
2026-05-09 00:21:51,007 [ERROR] LogOutputStream:75 - [STDERR_REDIRECT] 
2026-05-09 00:21:52,000 [ERROR] LogOutputStream:75 - [STDERR_REDIRECT] [Fatal Error] :1:1: Premature end of file.
2026-05-09 00:21:52,000 [ERROR] LogOutputStream:75 - [STDERR_REDIRECT] 
2026-05-09 00:21:53,008 [ERROR] LogOutputStream:75 - [STDERR_REDIRECT] [Fatal Error] :1:1: Premature end of file.
2026-05-09 00:21:53,008 [ERROR] LogOutputStream:75 - [STDERR_REDIRECT] 
2026-05-09 00:21:53,997 [ERROR] LogOutputStream:75 - [STDERR_REDIRECT] [Fatal Error] :1:1: Premature end of file.
2026-05-09 00:21:53,997 [ERROR] LogOutputStream:75 - [STDERR_REDIRECT] 
2026-05-09 00:21:55,006 [ERROR] LogOutputStream:75 - [STDERR_REDIRECT] [Fatal Error] :1:1: Premature end of file.
2026-05-09 00:21:55,006 [ERROR] LogOutputStream:75 - [STDERR_REDIRECT] 
2026-05-09 00:21:56,000 [ERROR] LogOutputStream:75 - [STDERR_REDIRECT] [Fatal Error] :1:1: Premature end of file.
2026-05-09 00:21:56,000 [ERROR] LogOutputStream:75 - [STDERR_REDIRECT] 
2026-05-09 00:21:56,980 [ERROR] LogOutputStream:75 - [STDERR_REDIRECT] [Fatal Error] :1:1: Premature end of file.
2026-05-09 00:21:56,980 [ERROR] LogOutputStream:75 - [STDERR_REDIRECT] 
2026-05-09 00:21:58,004 [ERROR] LogOutputStream:75 - [STDERR_REDIRECT] [Fatal Error] :1:1: Premature end of file.
2026-05-09 00:21:58,004 [ERROR] LogOutputStream:75 - [STDERR_REDIRECT] 
2026-05-09 00:21:59,004 [ERROR] LogOutputStream:75 - [STDERR_REDIRECT] [Fatal Error] :1:1: Premature end of file.
2026-05-09 00:21:59,004 [ERROR] LogOutputStream:75 - [STDERR_REDIRECT] 
2026-05-09 00:22:00,001 [ERROR] LogOutputStream:75 - [STDERR_REDIRECT] [Fatal Error] :1:1: Premature end of file.
2026-05-09 00:22:00,008 [ERROR] LogOutputStream:75 - [STDERR_REDIRECT] 
2026-05-09 00:22:00,987 [ERROR] LogOutputStream:75 - [STDERR_REDIRECT] [Fatal Error] :1:1: Premature end of file.
2026-05-09 00:22:00,987 [ERROR] LogOutputStream:75 - [STDERR_REDIRECT] 
2026-05-09 00:22:02,012 [ERROR] LogOutputStream:75 - [STDERR_REDIRECT] [Fatal Error] :1:1: Premature end of file.
2026-05-09 00:22:02,012 [ERROR] LogOutputStream:75 - [STDERR_REDIRECT] 
2026-05-09 00:22:03,000 [ERROR] LogOutputStream:75 - [STDERR_REDIRECT] [Fatal Error] :1:1: Premature end of file.
2026-05-09 00:22:03,000 [ERROR] LogOutputStream:75 - [STDERR_REDIRECT] 
2026-05-09 00:22:03,980 [ERROR] LogOutputStream:75 - [STDERR_REDIRECT] [Fatal Error] :1:1: Premature end of file.
2026-05-09 00:22:03,980 [ERROR] LogOutputStream:75 - [STDERR_REDIRECT] 
2026-05-09 00:22:05,012 [ERROR] LogOutputStream:75 - [STDERR_REDIRECT] [Fatal Error] :1:1: Premature end of file.
2026-05-09 00:22:05,012 [ERROR] LogOutputStream:75 - [STDERR_REDIRECT] 
2026-05-09 00:22:06,005 [ERROR] LogOutputStream:75 - [STDERR_REDIRECT] [Fatal Error] :1:1: Premature end of file.
2026-05-09 00:22:06,005 [ERROR] LogOutputStream:75 - [STDERR_REDIRECT] 
2026-05-09 00:22:07,013 [ERROR] LogOutputStream:75 - [STDERR_REDIRECT] [Fatal Error] :1:1: Premature end of file.
2026-05-09 00:22:07,017 [ERROR] LogOutputStream:75 - [STDERR_REDIRECT] 
2026-05-09 00:22:08,010 [ERROR] LogOutputStream:75 - [STDERR_REDIRECT] [Fatal Error] :1:1: Premature end of file.
2026-05-09 00:22:08,010 [ERROR] LogOutputStream:75 - [STDERR_REDIRECT] 
2026-05-09 00:22:09,007 [ERROR] LogOutputStream:75 - [STDERR_REDIRECT] [Fatal Error] :1:1: Premature end of file.
2026-05-09 00:22:09,007 [ERROR] LogOutputStream:75 - [STDERR_REDIRECT] 
2026-05-09 00:22:10,002 [ERROR] LogOutputStream:75 - [STDERR_REDIRECT] [Fatal Error] :1:1: Premature end of file.
2026-05-09 00:22:10,002 [ERROR] LogOutputStream:75 - [STDERR_REDIRECT] 
2026-05-09 00:22:10,999 [ERROR] LogOutputStream:75 - [STDERR_REDIRECT] [Fatal Error] :1:1: Premature end of file.
2026-05-09 00:22:10,999 [ERROR] LogOutputStream:75 - [STDERR_REDIRECT] 
2026-05-09 00:22:12,005 [ERROR] LogOutputStream:75 - [STDERR_REDIRECT] [Fatal Error] :1:1: Premature end of file.
2026-05-09 00:22:12,005 [ERROR] LogOutputStream:75 - [STDERR_REDIRECT] 
2026-05-09 00:22:12,990 [ERROR] LogOutputStream:75 - [STDERR_REDIRECT] [Fatal Error] :1:1: Premature end of file.
2026-05-09 00:22:12,990 [ERROR] LogOutputStream:75 - [STDERR_REDIRECT] 
2026-05-09 00:22:14,007 [ERROR] LogOutputStream:75 - [STDERR_REDIRECT] [Fatal Error] :1:1: Premature end of file.
2026-05-09 00:22:14,007 [ERROR] LogOutputStream:75 - [STDERR_REDIRECT] 
2026-05-09 00:22:14,991 [ERROR] LogOutputStream:75 - [STDERR_REDIRECT] [Fatal Error] :1:1: Premature end of file.
2026-05-09 00:22:14,991 [ERROR] LogOutputStream:75 - [STDERR_REDIRECT] 
2026-05-09 00:22:15,991 [ERROR] LogOutputStream:75 - [STDERR_REDIRECT] [Fatal Error] :1:1: Premature end of file.
2026-05-09 00:22:15,991 [ERROR] LogOutputStream:75 - [STDERR_REDIRECT] 
2026-05-09 00:22:16,989 [ERROR] LogOutputStream:75 - [STDERR_REDIRECT] [Fatal Error] :1:1: Premature end of file.
2026-05-09 00:22:16,989 [ERROR] LogOutputStream:75 - [STDERR_REDIRECT] 
2026-05-09 00:22:17,987 [ERROR] LogOutputStream:75 - [STDERR_REDIRECT] [Fatal Error] :1:1: Premature end of file.
2026-05-09 00:22:17,987 [ERROR] LogOutputStream:75 - [STDERR_REDIRECT] 
2026-05-09 00:22:19,018 [ERROR] LogOutputStream:75 - [STDERR_REDIRECT] [Fatal Error] :1:1: Premature end of file.
2026-05-09 00:22:19,018 [ERROR] LogOutputStream:75 - [STDERR_REDIRECT] 
2026-05-09 00:22:19,982 [ERROR] LogOutputStream:75 - [STDERR_REDIRECT] [Fatal Error] :1:1: Premature end of file.
2026-05-09 00:22:19,982 [ERROR] LogOutputStream:75 - [STDERR_REDIRECT] 
2026-05-09 00:22:21,002 [ERROR] LogOutputStream:75 - [STDERR_REDIRECT] [Fatal Error] :1:1: Premature end of file.
2026-05-09 00:22:21,002 [ERROR] LogOutputStream:75 - [STDERR_REDIRECT] 
2026-05-09 00:22:21,983 [ERROR] LogOutputStream:75 - [STDERR_REDIRECT] [Fatal Error] :1:1: Premature end of file.
2026-05-09 00:22:21,983 [ERROR] LogOutputStream:75 - [STDERR_REDIRECT] 
2026-05-09 00:22:22,992 [ERROR] LogOutputStream:75 - [STDERR_REDIRECT] [Fatal Error] :1:1: Premature end of file.
2026-05-09 00:22:22,992 [ERROR] LogOutputStream:75 - [STDERR_REDIRECT] 
2026-05-09 00:22:23,986 [ERROR] LogOutputStream:75 - [STDERR_REDIRECT] [Fatal Error] :1:1: Premature end of file.
2026-05-09 00:22:23,986 [ERROR] LogOutputStream:75 - [STDERR_REDIRECT] 
2026-05-09 00:22:24,991 [ERROR] LogOutputStream:75 - [STDERR_REDIRECT] [Fatal Error] :1:1: Premature end of file.
2026-05-09 00:22:24,991 [ERROR] LogOutputStream:75 - [STDERR_REDIRECT] 
2026-05-09 00:22:25,986 [ERROR] LogOutputStream:75 - [STDERR_REDIRECT] [Fatal Error] :1:1: Premature end of file.
2026-05-09 00:22:25,986 [ERROR] LogOutputStream:75 - [STDERR_REDIRECT] 
2026-05-09 00:22:26,991 [ERROR] LogOutputStream:75 - [STDERR_REDIRECT] [Fatal Error] :1:1: Premature end of file.
2026-05-09 00:22:26,991 [ERROR] LogOutputStream:75 - [STDERR_REDIRECT] 
2026-05-09 00:22:28,003 [ERROR] LogOutputStream:75 - [STDERR_REDIRECT] [Fatal Error] :1:1: Premature end of file.
2026-05-09 00:22:28,003 [ERROR] LogOutputStream:75 - [STDERR_REDIRECT] 
2026-05-09 00:22:28,999 [ERROR] LogOutputStream:75 - [STDERR_REDIRECT] [Fatal Error] :1:1: Premature end of file.
2026-05-09 00:22:28,999 [ERROR] LogOutputStream:75 - [STDERR_REDIRECT] 
2026-05-09 00:22:30,003 [ERROR] LogOutputStream:75 - [STDERR_REDIRECT] [Fatal Error] :1:1: Premature end of file.
2026-05-09 00:22:30,003 [ERROR] LogOutputStream:75 - [STDERR_REDIRECT] 
2026-05-09 00:22:31,013 [ERROR] LogOutputStream:75 - [STDERR_REDIRECT] [Fatal Error] :1:1: Premature end of file.
2026-05-09 00:22:31,013 [ERROR] LogOutputStream:75 - [STDERR_REDIRECT] 
2026-05-09 00:22:32,011 [ERROR] LogOutputStream:75 - [STDERR_REDIRECT] [Fatal Error] :1:1: Premature end of file.
2026-05-09 00:22:32,011 [ERROR] LogOutputStream:75 - [STDERR_REDIRECT] 
2026-05-09 00:22:33,001 [ERROR] LogOutputStream:75 - [STDERR_REDIRECT] [Fatal Error] :1:1: Premature end of file.
2026-05-09 00:22:33,001 [ERROR] LogOutputStream:75 - [STDERR_REDIRECT] 
2026-05-09 00:22:34,009 [ERROR] LogOutputStream:75 - [STDERR_REDIRECT] [Fatal Error] :1:1: Premature end of file.
2026-05-09 00:22:34,009 [ERROR] LogOutputStream:75 - [STDERR_REDIRECT] 
2026-05-09 00:22:35,001 [ERROR] LogOutputStream:75 - [STDERR_REDIRECT] [Fatal Error] :1:1: Premature end of file.
2026-05-09 00:22:35,001 [ERROR] LogOutputStream:75 - [STDERR_REDIRECT] 
2026-05-09 00:22:36,005 [ERROR] LogOutputStream:75 - [STDERR_REDIRECT] [Fatal Error] :1:1: Premature end of file.
2026-05-09 00:22:36,005 [ERROR] LogOutputStream:75 - [STDERR_REDIRECT] 
2026-05-09 00:22:36,999 [ERROR] LogOutputStream:75 - [STDERR_REDIRECT] [Fatal Error] :1:1: Premature end of file.
2026-05-09 00:22:36,999 [ERROR] LogOutputStream:75 - [STDERR_REDIRECT] 
2026-05-09 00:22:38,009 [ERROR] LogOutputStream:75 - [STDERR_REDIRECT] [Fatal Error] :1:1: Premature end of file.
2026-05-09 00:22:38,009 [ERROR] LogOutputStream:75 - [STDERR_REDIRECT] 
2026-05-09 00:22:39,010 [ERROR] LogOutputStream:75 - [STDERR_REDIRECT] [Fatal Error] :1:1: Premature end of file.
2026-05-09 00:22:39,010 [ERROR] LogOutputStream:75 - [STDERR_REDIRECT] 
2026-05-09 00:22:40,006 [ERROR] LogOutputStream:75 - [STDERR_REDIRECT] [Fatal Error] :1:1: Premature end of file.
2026-05-09 00:22:40,006 [ERROR] LogOutputStream:75 - [STDERR_REDIRECT] 
2026-05-09 00:22:40,999 [ERROR] LogOutputStream:75 - [STDERR_REDIRECT] [Fatal Error] :1:1: Premature end of file.
2026-05-09 00:22:40,999 [ERROR] LogOutputStream:75 - [STDERR_REDIRECT] 
2026-05-09 00:22:42,001 [ERROR] LogOutputStream:75 - [STDERR_REDIRECT] [Fatal Error] :1:1: Premature end of file.
2026-05-09 00:22:42,005 [ERROR] LogOutputStream:75 - [STDERR_REDIRECT] 
2026-05-09 00:22:43,003 [ERROR] LogOutputStream:75 - [STDERR_REDIRECT] [Fatal Error] :1:1: Premature end of file.
2026-05-09 00:22:43,003 [ERROR] LogOutputStream:75 - [STDERR_REDIRECT] 
2026-05-09 00:22:44,008 [ERROR] LogOutputStream:75 - [STDERR_REDIRECT] [Fatal Error] :1:1: Premature end of file.
2026-05-09 00:22:44,008 [ERROR] LogOutputStream:75 - [STDERR_REDIRECT] 
2026-05-09 00:22:45,003 [ERROR] LogOutputStream:75 - [STDERR_REDIRECT] [Fatal Error] :1:1: Premature end of file.
2026-05-09 00:22:45,003 [ERROR] LogOutputStream:75 - [STDERR_REDIRECT] 
2026-05-09 00:22:46,010 [ERROR] LogOutputStream:75 - [STDERR_REDIRECT] [Fatal Error] :1:1: Premature end of file.
2026-05-09 00:22:46,010 [ERROR] LogOutputStream:75 - [STDERR_REDIRECT] 
2026-05-09 00:22:47,011 [ERROR] LogOutputStream:75 - [STDERR_REDIRECT] [Fatal Error] :1:1: Premature end of file.
2026-05-09 00:22:47,011 [ERROR] LogOutputStream:75 - [STDERR_REDIRECT] 
2026-05-09 00:22:48,012 [ERROR] LogOutputStream:75 - [STDERR_REDIRECT] [Fatal Error] :1:1: Premature end of file.
2026-05-09 00:22:48,012 [ERROR] LogOutputStream:75 - [STDERR_REDIRECT] 
2026-05-09 00:22:49,013 [ERROR] LogOutputStream:75 - [STDERR_REDIRECT] [Fatal Error] :1:1: Premature end of file.
2026-05-09 00:22:49,013 [ERROR] LogOutputStream:75 - [STDERR_REDIRECT] 
2026-05-09 00:22:50,003 [ERROR] LogOutputStream:75 - [STDERR_REDIRECT] [Fatal Error] :1:1: Premature end of file.
2026-05-09 00:22:50,003 [ERROR] LogOutputStream:75 - [STDERR_REDIRECT] 
2026-05-09 00:22:51,006 [ERROR] LogOutputStream:75 - [STDERR_REDIRECT] [Fatal Error] :1:1: Premature end of file.
2026-05-09 00:22:51,006 [ERROR] LogOutputStream:75 - [STDERR_REDIRECT] 
2026-05-09 00:22:51,998 [ERROR] LogOutputStream:75 - [STDERR_REDIRECT] [Fatal Error] :1:1: Premature end of file.
2026-05-09 00:22:51,998 [ERROR] LogOutputStream:75 - [STDERR_REDIRECT] 
2026-05-09 00:22:52,999 [ERROR] LogOutputStream:75 - [STDERR_REDIRECT] [Fatal Error] :1:1: Premature end of file.
2026-05-09 00:22:52,999 [ERROR] LogOutputStream:75 - [STDERR_REDIRECT] 
2026-05-09 00:22:54,011 [ERROR] LogOutputStream:75 - [STDERR_REDIRECT] [Fatal Error] :1:1: Premature end of file.
2026-05-09 00:22:54,011 [ERROR] LogOutputStream:75 - [STDERR_REDIRECT] 
2026-05-09 00:22:55,005 [ERROR] LogOutputStream:75 - [STDERR_REDIRECT] [Fatal Error] :1:1: Premature end of file.
2026-05-09 00:22:55,005 [ERROR] LogOutputStream:75 - [STDERR_REDIRECT] 
2026-05-09 00:22:56,010 [ERROR] LogOutputStream:75 - [STDERR_REDIRECT] [Fatal Error] :1:1: Premature end of file.
2026-05-09 00:22:56,010 [ERROR] LogOutputStream:75 - [STDERR_REDIRECT] 
2026-05-09 00:22:57,002 [ERROR] LogOutputStream:75 - [STDERR_REDIRECT] [Fatal Error] :1:1: Premature end of file.
2026-05-09 00:22:57,002 [ERROR] LogOutputStream:75 - [STDERR_REDIRECT] 
2026-05-09 00:22:58,010 [ERROR] LogOutputStream:75 - [STDERR_REDIRECT] [Fatal Error] :1:1: Premature end of file.
2026-05-09 00:22:58,010 [ERROR] LogOutputStream:75 - [STDERR_REDIRECT] 
2026-05-09 00:22:59,004 [ERROR] LogOutputStream:75 - [STDERR_REDIRECT] [Fatal Error] :1:1: Premature end of file.
2026-05-09 00:22:59,004 [ERROR] LogOutputStream:75 - [STDERR_REDIRECT] 
2026-05-09 00:23:00,001 [ERROR] LogOutputStream:75 - [STDERR_REDIRECT] [Fatal Error] :1:1: Premature end of file.
2026-05-09 00:23:00,001 [ERROR] LogOutputStream:75 - [STDERR_REDIRECT] 
2026-05-09 00:23:01,004 [ERROR] LogOutputStream:75 - [STDERR_REDIRECT] [Fatal Error] :1:1: Premature end of file.
2026-05-09 00:23:01,004 [ERROR] LogOutputStream:75 - [STDERR_REDIRECT] 
2026-05-09 00:23:02,000 [ERROR] LogOutputStream:75 - [STDERR_REDIRECT] [Fatal Error] :1:1: Premature end of file.
2026-05-09 00:23:02,000 [ERROR] LogOutputStream:75 - [STDERR_REDIRECT] 
2026-05-09 00:23:03,009 [ERROR] LogOutputStream:75 - [STDERR_REDIRECT] [Fatal Error] :1:1: Premature end of file.
2026-05-09 00:23:03,011 [ERROR] LogOutputStream:75 - [STDERR_REDIRECT] 
2026-05-09 00:23:03,996 [ERROR] LogOutputStream:75 - [STDERR_REDIRECT] [Fatal Error] :1:1: Premature end of file.
2026-05-09 00:23:03,996 [ERROR] LogOutputStream:75 - [STDERR_REDIRECT] 
2026-05-09 00:23:05,005 [ERROR] LogOutputStream:75 - [STDERR_REDIRECT] [Fatal Error] :1:1: Premature end of file.
2026-05-09 00:23:05,005 [ERROR] LogOutputStream:75 - [STDERR_REDIRECT] 
2026-05-09 00:23:06,009 [ERROR] LogOutputStream:75 - [STDERR_REDIRECT] [Fatal Error] :1:1: Premature end of file.
2026-05-09 00:23:06,009 [ERROR] LogOutputStream:75 - [STDERR_REDIRECT] 
2026-05-09 00:23:07,006 [ERROR] LogOutputStream:75 - [STDERR_REDIRECT] [Fatal Error] :1:1: Premature end of file.
2026-05-09 00:23:07,006 [ERROR] LogOutputStream:75 - [STDERR_REDIRECT] 
2026-05-09 00:23:07,999 [ERROR] LogOutputStream:75 - [STDERR_REDIRECT] [Fatal Error] :1:1: Premature end of file.
2026-05-09 00:23:07,999 [ERROR] LogOutputStream:75 - [STDERR_REDIRECT] 
2026-05-09 00:23:09,009 [ERROR] LogOutputStream:75 - [STDERR_REDIRECT] [Fatal Error] :1:1: Premature end of file.
2026-05-09 00:23:09,009 [ERROR] LogOutputStream:75 - [STDERR_REDIRECT] 
2026-05-09 00:23:10,000 [ERROR] LogOutputStream:75 - [STDERR_REDIRECT] [Fatal Error] :1:1: Premature end of file.
2026-05-09 00:23:10,000 [ERROR] LogOutputStream:75 - [STDERR_REDIRECT] 
2026-05-09 00:23:11,010 [ERROR] LogOutputStream:75 - [STDERR_REDIRECT] [Fatal Error] :1:1: Premature end of file.
2026-05-09 00:23:11,010 [ERROR] LogOutputStream:75 - [STDERR_REDIRECT] 
2026-05-09 00:23:12,001 [ERROR] LogOutputStream:75 - [STDERR_REDIRECT] [Fatal Error] :1:1: Premature end of file.
2026-05-09 00:23:12,001 [ERROR] LogOutputStream:75 - [STDERR_REDIRECT] 
2026-05-09 00:23:13,009 [ERROR] LogOutputStream:75 - [STDERR_REDIRECT] [Fatal Error] :1:1: Premature end of file.
2026-05-09 00:23:13,009 [ERROR] LogOutputStream:75 - [STDERR_REDIRECT] 
2026-05-09 00:23:14,005 [ERROR] LogOutputStream:75 - [STDERR_REDIRECT] [Fatal Error] :1:1: Premature end of file.
2026-05-09 00:23:14,005 [ERROR] LogOutputStream:75 - [STDERR_REDIRECT] 
2026-05-09 00:23:15,012 [ERROR] LogOutputStream:75 - [STDERR_REDIRECT] [Fatal Error] :1:1: Premature end of file.
2026-05-09 00:23:15,012 [ERROR] LogOutputStream:75 - [STDERR_REDIRECT] 
2026-05-09 00:23:15,993 [ERROR] LogOutputStream:75 - [STDERR_REDIRECT] [Fatal Error] :1:1: Premature end of file.
2026-05-09 00:23:15,993 [ERROR] LogOutputStream:75 - [STDERR_REDIRECT] 
2026-05-09 00:23:17,014 [ERROR] LogOutputStream:75 - [STDERR_REDIRECT] [Fatal Error] :1:1: Premature end of file.
2026-05-09 00:23:17,014 [ERROR] LogOutputStream:75 - [STDERR_REDIRECT] 
2026-05-09 00:23:18,004 [ERROR] LogOutputStream:75 - [STDERR_REDIRECT] [Fatal Error] :1:1: Premature end of file.
2026-05-09 00:23:18,004 [ERROR] LogOutputStream:75 - [STDERR_REDIRECT] 
2026-05-09 00:23:19,010 [ERROR] LogOutputStream:75 - [STDERR_REDIRECT] [Fatal Error] :1:1: Premature end of file.
2026-05-09 00:23:19,010 [ERROR] LogOutputStream:75 - [STDERR_REDIRECT] 
2026-05-09 00:23:20,010 [ERROR] LogOutputStream:75 - [STDERR_REDIRECT] [Fatal Error] :1:1: Premature end of file.
2026-05-09 00:23:20,010 [ERROR] LogOutputStream:75 - [STDERR_REDIRECT] 
2026-05-09 00:23:21,005 [ERROR] LogOutputStream:75 - [STDERR_REDIRECT] [Fatal Error] :1:1: Premature end of file.
2026-05-09 00:23:21,005 [ERROR] LogOutputStream:75 - [STDERR_REDIRECT] 
2026-05-09 00:23:22,010 [ERROR] LogOutputStream:75 - [STDERR_REDIRECT] [Fatal Error] :1:1: Premature end of file.
2026-05-09 00:23:22,010 [ERROR] LogOutputStream:75 - [STDERR_REDIRECT] 
2026-05-09 00:23:23,001 [ERROR] LogOutputStream:75 - [STDERR_REDIRECT] [Fatal Error] :1:1: Premature end of file.
2026-05-09 00:23:23,001 [ERROR] LogOutputStream:75 - [STDERR_REDIRECT] 
2026-05-09 00:23:24,000 [ERROR] LogOutputStream:75 - [STDERR_REDIRECT] [Fatal Error] :1:1: Premature end of file.
2026-05-09 00:23:24,000 [ERROR] LogOutputStream:75 - [STDERR_REDIRECT] 
2026-05-09 00:23:24,987 [ERROR] LogOutputStream:75 - [STDERR_REDIRECT] [Fatal Error] :1:1: Premature end of file.
2026-05-09 00:23:24,987 [ERROR] LogOutputStream:75 - [STDERR_REDIRECT] 
2026-05-09 00:23:26,010 [ERROR] LogOutputStream:75 - [STDERR_REDIRECT] [Fatal Error] :1:1: Premature end of file.
2026-05-09 00:23:26,010 [ERROR] LogOutputStream:75 - [STDERR_REDIRECT] 
2026-05-09 00:23:27,003 [ERROR] LogOutputStream:75 - [STDERR_REDIRECT] [Fatal Error] :1:1: Premature end of file.
2026-05-09 00:23:27,003 [ERROR] LogOutputStream:75 - [STDERR_REDIRECT] 
2026-05-09 00:23:28,008 [ERROR] LogOutputStream:75 - [STDERR_REDIRECT] [Fatal Error] :1:1: Premature end of file.
2026-05-09 00:23:28,008 [ERROR] LogOutputStream:75 - [STDERR_REDIRECT] 
2026-05-09 00:23:29,008 [ERROR] LogOutputStream:75 - [STDERR_REDIRECT] [Fatal Error] :1:1: Premature end of file.
2026-05-09 00:23:29,008 [ERROR] LogOutputStream:75 - [STDERR_REDIRECT] 
2026-05-09 00:23:30,010 [ERROR] LogOutputStream:75 - [STDERR_REDIRECT] [Fatal Error] :1:1: Premature end of file.
2026-05-09 00:23:30,010 [ERROR] LogOutputStream:75 - [STDERR_REDIRECT] 
2026-05-09 00:23:31,009 [ERROR] LogOutputStream:75 - [STDERR_REDIRECT] [Fatal Error] :1:1: Premature end of file.
2026-05-09 00:23:31,009 [ERROR] LogOutputStream:75 - [STDERR_REDIRECT] 
2026-05-09 00:23:32,002 [ERROR] LogOutputStream:75 - [STDERR_REDIRECT] [Fatal Error] :1:1: Premature end of file.
2026-05-09 00:23:32,002 [ERROR] LogOutputStream:75 - [STDERR_REDIRECT] 
2026-05-09 00:23:33,011 [ERROR] LogOutputStream:75 - [STDERR_REDIRECT] [Fatal Error] :1:1: Premature end of file.
2026-05-09 00:23:33,011 [ERROR] LogOutputStream:75 - [STDERR_REDIRECT] 
2026-05-09 00:23:33,998 [ERROR] LogOutputStream:75 - [STDERR_REDIRECT] [Fatal Error] :1:1: Premature end of file.
2026-05-09 00:23:33,998 [ERROR] LogOutputStream:75 - [STDERR_REDIRECT] 
2026-05-09 00:23:35,007 [ERROR] LogOutputStream:75 - [STDERR_REDIRECT] [Fatal Error] :1:1: Premature end of file.
2026-05-09 00:23:35,007 [ERROR] LogOutputStream:75 - [STDERR_REDIRECT] 
2026-05-09 00:23:35,999 [ERROR] LogOutputStream:75 - [STDERR_REDIRECT] [Fatal Error] :1:1: Premature end of file.
2026-05-09 00:23:35,999 [ERROR] LogOutputStream:75 - [STDERR_REDIRECT] 
2026-05-09 00:23:37,004 [ERROR] LogOutputStream:75 - [STDERR_REDIRECT] [Fatal Error] :1:1: Premature end of file.
2026-05-09 00:23:37,004 [ERROR] LogOutputStream:75 - [STDERR_REDIRECT] 
2026-05-09 00:23:37,999 [ERROR] LogOutputStream:75 - [STDERR_REDIRECT] [Fatal Error] :1:1: Premature end of file.
2026-05-09 00:23:37,999 [ERROR] LogOutputStream:75 - [STDERR_REDIRECT] 
2026-05-09 00:23:38,992 [ERROR] LogOutputStream:75 - [STDERR_REDIRECT] [Fatal Error] :1:1: Premature end of file.
2026-05-09 00:23:39,003 [ERROR] LogOutputStream:75 - [STDERR_REDIRECT] 
2026-05-09 00:23:39,997 [ERROR] LogOutputStream:75 - [STDERR_REDIRECT] [Fatal Error] :1:1: Premature end of file.
2026-05-09 00:23:39,997 [ERROR] LogOutputStream:75 - [STDERR_REDIRECT] 
2026-05-09 00:23:40,996 [ERROR] LogOutputStream:75 - [STDERR_REDIRECT] [Fatal Error] :1:1: Premature end of file.
2026-05-09 00:23:40,996 [ERROR] LogOutputStream:75 - [STDERR_REDIRECT] 
2026-05-09 00:23:41,998 [ERROR] LogOutputStream:75 - [STDERR_REDIRECT] [Fatal Error] :1:1: Premature end of file.
2026-05-09 00:23:41,998 [ERROR] LogOutputStream:75 - [STDERR_REDIRECT] 
2026-05-09 00:23:42,997 [ERROR] LogOutputStream:75 - [STDERR_REDIRECT] [Fatal Error] :1:1: Premature end of file.
2026-05-09 00:23:42,997 [ERROR] LogOutputStream:75 - [STDERR_REDIRECT] 
2026-05-09 00:23:43,990 [ERROR] LogOutputStream:75 - [STDERR_REDIRECT] [Fatal Error] :1:1: Premature end of file.
2026-05-09 00:23:43,990 [ERROR] LogOutputStream:75 - [STDERR_REDIRECT] 
2026-05-09 00:23:45,011 [ERROR] LogOutputStream:75 - [STDERR_REDIRECT] [Fatal Error] :1:1: Premature end of file.
2026-05-09 00:23:45,011 [ERROR] LogOutputStream:75 - [STDERR_REDIRECT] 
2026-05-09 00:23:46,000 [ERROR] LogOutputStream:75 - [STDERR_REDIRECT] [Fatal Error] :1:1: Premature end of file.
2026-05-09 00:23:46,000 [ERROR] LogOutputStream:75 - [STDERR_REDIRECT] 
2026-05-09 00:23:47,006 [ERROR] LogOutputStream:75 - [STDERR_REDIRECT] [Fatal Error] :1:1: Premature end of file.
2026-05-09 00:23:47,006 [ERROR] LogOutputStream:75 - [STDERR_REDIRECT] 
2026-05-09 00:23:48,000 [ERROR] LogOutputStream:75 - [STDERR_REDIRECT] [Fatal Error] :1:1: Premature end of file.
2026-05-09 00:23:48,000 [ERROR] LogOutputStream:75 - [STDERR_REDIRECT] 
2026-05-09 00:23:48,997 [ERROR] LogOutputStream:75 - [STDERR_REDIRECT] [Fatal Error] :1:1: Premature end of file.
2026-05-09 00:23:48,997 [ERROR] LogOutputStream:75 - [STDERR_REDIRECT] 
2026-05-09 00:23:50,006 [ERROR] LogOutputStream:75 - [STDERR_REDIRECT] [Fatal Error] :1:1: Premature end of file.
2026-05-09 00:23:50,006 [ERROR] LogOutputStream:75 - [STDERR_REDIRECT] 
2026-05-09 00:23:50,998 [ERROR] LogOutputStream:75 - [STDERR_REDIRECT] [Fatal Error] :1:1: Premature end of file.
2026-05-09 00:23:50,998 [ERROR] LogOutputStream:75 - [STDERR_REDIRECT] 
2026-05-09 00:23:52,008 [ERROR] LogOutputStream:75 - [STDERR_REDIRECT] [Fatal Error] :1:1: Premature end of file.
2026-05-09 00:23:52,008 [ERROR] LogOutputStream:75 - [STDERR_REDIRECT] 
2026-05-09 00:23:52,983 [ERROR] LogOutputStream:75 - [STDERR_REDIRECT] [Fatal Error] :1:1: Premature end of file.
2026-05-09 00:23:52,983 [ERROR] LogOutputStream:75 - [STDERR_REDIRECT] 
2026-05-09 00:23:54,001 [ERROR] LogOutputStream:75 - [STDERR_REDIRECT] [Fatal Error] :1:1: Premature end of file.
2026-05-09 00:23:54,001 [ERROR] LogOutputStream:75 - [STDERR_REDIRECT] 
2026-05-09 00:23:54,999 [ERROR] LogOutputStream:75 - [STDERR_REDIRECT] [Fatal Error] :1:1: Premature end of file.
2026-05-09 00:23:54,999 [ERROR] LogOutputStream:75 - [STDERR_REDIRECT] 
2026-05-09 00:23:55,993 [ERROR] LogOutputStream:75 - [STDERR_REDIRECT] [Fatal Error] :1:1: Premature end of file.
2026-05-09 00:23:56,005 [ERROR] LogOutputStream:75 - [STDERR_REDIRECT] 
2026-05-09 00:23:57,013 [ERROR] LogOutputStream:75 - [STDERR_REDIRECT] [Fatal Error] :1:1: Premature end of file.
2026-05-09 00:23:57,013 [ERROR] LogOutputStream:75 - [STDERR_REDIRECT] 
2026-05-09 00:23:58,006 [ERROR] LogOutputStream:75 - [STDERR_REDIRECT] [Fatal Error] :1:1: Premature end of file.
2026-05-09 00:23:58,006 [ERROR] LogOutputStream:75 - [STDERR_REDIRECT] 
2026-05-09 00:23:59,011 [ERROR] LogOutputStream:75 - [STDERR_REDIRECT] [Fatal Error] :1:1: Premature end of file.
2026-05-09 00:23:59,011 [ERROR] LogOutputStream:75 - [STDERR_REDIRECT] 
2026-05-09 00:24:00,001 [ERROR] LogOutputStream:75 - [STDERR_REDIRECT] [Fatal Error] :1:1: Premature end of file.
2026-05-09 00:24:00,001 [ERROR] LogOutputStream:75 - [STDERR_REDIRECT] 
2026-05-09 00:24:01,010 [ERROR] LogOutputStream:75 - [STDERR_REDIRECT] [Fatal Error] :1:1: Premature end of file.
2026-05-09 00:24:01,010 [ERROR] LogOutputStream:75 - [STDERR_REDIRECT] 
2026-05-09 00:24:02,006 [ERROR] LogOutputStream:75 - [STDERR_REDIRECT] [Fatal Error] :1:1: Premature end of file.
2026-05-09 00:24:02,006 [ERROR] LogOutputStream:75 - [STDERR_REDIRECT] 
2026-05-09 00:24:02,997 [ERROR] LogOutputStream:75 - [STDERR_REDIRECT] [Fatal Error] :1:1: Premature end of file.
2026-05-09 00:24:02,997 [ERROR] LogOutputStream:75 - [STDERR_REDIRECT] 
2026-05-09 00:24:03,994 [ERROR] LogOutputStream:75 - [STDERR_REDIRECT] [Fatal Error] :1:1: Premature end of file.
2026-05-09 00:24:03,994 [ERROR] LogOutputStream:75 - [STDERR_REDIRECT] 
2026-05-09 00:24:05,011 [ERROR] LogOutputStream:75 - [STDERR_REDIRECT] [Fatal Error] :1:1: Premature end of file.
2026-05-09 00:24:05,011 [ERROR] LogOutputStream:75 - [STDERR_REDIRECT] 
2026-05-09 00:24:05,999 [ERROR] LogOutputStream:75 - [STDERR_REDIRECT] [Fatal Error] :1:1: Premature end of file.
2026-05-09 00:24:05,999 [ERROR] LogOutputStream:75 - [STDERR_REDIRECT] 
2026-05-09 00:24:07,007 [ERROR] LogOutputStream:75 - [STDERR_REDIRECT] [Fatal Error] :1:1: Premature end of file.
2026-05-09 00:24:07,007 [ERROR] LogOutputStream:75 - [STDERR_REDIRECT] 
2026-05-09 00:24:08,011 [ERROR] LogOutputStream:75 - [STDERR_REDIRECT] [Fatal Error] :1:1: Premature end of file.
2026-05-09 00:24:08,011 [ERROR] LogOutputStream:75 - [STDERR_REDIRECT] 
2026-05-09 00:24:09,001 [ERROR] LogOutputStream:75 - [STDERR_REDIRECT] [Fatal Error] :1:1: Premature end of file.
2026-05-09 00:24:09,001 [ERROR] LogOutputStream:75 - [STDERR_REDIRECT] 
2026-05-09 00:24:10,002 [ERROR] LogOutputStream:75 - [STDERR_REDIRECT] [Fatal Error] :1:1: Premature end of file.
2026-05-09 00:24:10,002 [ERROR] LogOutputStream:75 - [STDERR_REDIRECT] 
2026-05-09 00:24:11,005 [ERROR] LogOutputStream:75 - [STDERR_REDIRECT] [Fatal Error] :1:1: Premature end of file.
2026-05-09 00:24:11,005 [ERROR] LogOutputStream:75 - [STDERR_REDIRECT] 
2026-05-09 00:24:11,996 [ERROR] LogOutputStream:75 - [STDERR_REDIRECT] [Fatal Error] :1:1: Premature end of file.
2026-05-09 00:24:11,996 [ERROR] LogOutputStream:75 - [STDERR_REDIRECT] 
2026-05-09 00:24:13,004 [ERROR] LogOutputStream:75 - [STDERR_REDIRECT] [Fatal Error] :1:1: Premature end of file.
2026-05-09 00:24:13,004 [ERROR] LogOutputStream:75 - [STDERR_REDIRECT] 
2026-05-09 00:24:14,014 [ERROR] LogOutputStream:75 - [STDERR_REDIRECT] [Fatal Error] :1:1: Premature end of file.
2026-05-09 00:24:14,014 [ERROR] LogOutputStream:75 - [STDERR_REDIRECT] 
2026-05-09 00:24:15,005 [ERROR] LogOutputStream:75 - [STDERR_REDIRECT] [Fatal Error] :1:1: Premature end of file.
2026-05-09 00:24:15,005 [ERROR] LogOutputStream:75 - [STDERR_REDIRECT] 
2026-05-09 00:24:15,998 [ERROR] LogOutputStream:75 - [STDERR_REDIRECT] [Fatal Error] :1:1: Premature end of file.
2026-05-09 00:24:15,998 [ERROR] LogOutputStream:75 - [STDERR_REDIRECT] 
2026-05-09 00:24:16,996 [ERROR] LogOutputStream:75 - [STDERR_REDIRECT] [Fatal Error] :1:1: Premature end of file.
2026-05-09 00:24:16,996 [ERROR] LogOutputStream:75 - [STDERR_REDIRECT] 
2026-05-09 00:24:18,008 [ERROR] LogOutputStream:75 - [STDERR_REDIRECT] [Fatal Error] :1:1: Premature end of file.
2026-05-09 00:24:18,008 [ERROR] LogOutputStream:75 - [STDERR_REDIRECT] 
2026-05-09 00:24:19,004 [ERROR] LogOutputStream:75 - [STDERR_REDIRECT] [Fatal Error] :1:1: Premature end of file.
2026-05-09 00:24:19,004 [ERROR] LogOutputStream:75 - [STDERR_REDIRECT] 
2026-05-09 00:24:20,011 [ERROR] LogOutputStream:75 - [STDERR_REDIRECT] [Fatal Error] :1:1: Premature end of file.
2026-05-09 00:24:20,011 [ERROR] LogOutputStream:75 - [STDERR_REDIRECT] 
2026-05-09 00:24:20,999 [ERROR] LogOutputStream:75 - [STDERR_REDIRECT] [Fatal Error] :1:1: Premature end of file.
2026-05-09 00:24:21,005 [ERROR] LogOutputStream:75 - [STDERR_REDIRECT] 
2026-05-09 00:24:22,005 [ERROR] LogOutputStream:75 - [STDERR_REDIRECT] [Fatal Error] :1:1: Premature end of file.
2026-05-09 00:24:22,005 [ERROR] LogOutputStream:75 - [STDERR_REDIRECT] 
2026-05-09 00:24:22,993 [ERROR] LogOutputStream:75 - [STDERR_REDIRECT] [Fatal Error] :1:1: Premature end of file.
2026-05-09 00:24:22,993 [ERROR] LogOutputStream:75 - [STDERR_REDIRECT] 
2026-05-09 00:24:24,000 [ERROR] LogOutputStream:75 - [STDERR_REDIRECT] [Fatal Error] :1:1: Premature end of file.
2026-05-09 00:24:24,000 [ERROR] LogOutputStream:75 - [STDERR_REDIRECT] 
2026-05-09 00:24:25,014 [ERROR] LogOutputStream:75 - [STDERR_REDIRECT] [Fatal Error] :1:1: Premature end of file.
2026-05-09 00:24:25,014 [ERROR] LogOutputStream:75 - [STDERR_REDIRECT] 
2026-05-09 00:24:25,998 [ERROR] LogOutputStream:75 - [STDERR_REDIRECT] [Fatal Error] :1:1: Premature end of file.
2026-05-09 00:24:25,998 [ERROR] LogOutputStream:75 - [STDERR_REDIRECT] 
2026-05-09 00:24:27,004 [ERROR] LogOutputStream:75 - [STDERR_REDIRECT] [Fatal Error] :1:1: Premature end of file.
2026-05-09 00:24:27,004 [ERROR] LogOutputStream:75 - [STDERR_REDIRECT] 
2026-05-09 00:24:28,002 [ERROR] LogOutputStream:75 - [STDERR_REDIRECT] [Fatal Error] :1:1: Premature end of file.
2026-05-09 00:24:28,002 [ERROR] LogOutputStream:75 - [STDERR_REDIRECT] 
2026-05-09 00:24:29,006 [ERROR] LogOutputStream:75 - [STDERR_REDIRECT] [Fatal Error] :1:1: Premature end of file.
2026-05-09 00:24:29,006 [ERROR] LogOutputStream:75 - [STDERR_REDIRECT] 
2026-05-09 00:24:29,981 [ERROR] LogOutputStream:75 - [STDERR_REDIRECT] [Fatal Error] :1:1: Premature end of file.
2026-05-09 00:24:29,981 [ERROR] LogOutputStream:75 - [STDERR_REDIRECT] 
2026-05-09 00:24:31,003 [ERROR] LogOutputStream:75 - [STDERR_REDIRECT] [Fatal Error] :1:1: Premature end of file.
2026-05-09 00:24:31,008 [ERROR] LogOutputStream:75 - [STDERR_REDIRECT] 
2026-05-09 00:24:32,016 [ERROR] LogOutputStream:75 - [STDERR_REDIRECT] [Fatal Error] :1:1: Premature end of file.
2026-05-09 00:24:32,016 [ERROR] LogOutputStream:75 - [STDERR_REDIRECT] 
2026-05-09 00:24:33,005 [ERROR] LogOutputStream:75 - [STDERR_REDIRECT] [Fatal Error] :1:1: Premature end of file.
2026-05-09 00:24:33,005 [ERROR] LogOutputStream:75 - [STDERR_REDIRECT] 
2026-05-09 00:24:34,001 [ERROR] LogOutputStream:75 - [STDERR_REDIRECT] [Fatal Error] :1:1: Premature end of file.
2026-05-09 00:24:34,001 [ERROR] LogOutputStream:75 - [STDERR_REDIRECT] 
2026-05-09 00:24:35,004 [ERROR] LogOutputStream:75 - [STDERR_REDIRECT] [Fatal Error] :1:1: Premature end of file.
2026-05-09 00:24:35,004 [ERROR] LogOutputStream:75 - [STDERR_REDIRECT] 
2026-05-09 00:24:36,000 [ERROR] LogOutputStream:75 - [STDERR_REDIRECT] [Fatal Error] :1:1: Premature end of file.
2026-05-09 00:24:36,000 [ERROR] LogOutputStream:75 - [STDERR_REDIRECT] 
2026-05-09 00:24:37,003 [ERROR] LogOutputStream:75 - [STDERR_REDIRECT] [Fatal Error] :1:1: Premature end of file.
2026-05-09 00:24:37,003 [ERROR] LogOutputStream:75 - [STDERR_REDIRECT] 
2026-05-09 00:24:38,007 [ERROR] LogOutputStream:75 - [STDERR_REDIRECT] [Fatal Error] :1:1: Premature end of file.
2026-05-09 00:24:38,007 [ERROR] LogOutputStream:75 - [STDERR_REDIRECT] 
2026-05-09 00:24:39,015 [ERROR] LogOutputStream:75 - [STDERR_REDIRECT] [Fatal Error] :1:1: Premature end of file.
2026-05-09 00:24:39,015 [ERROR] LogOutputStream:75 - [STDERR_REDIRECT] 
2026-05-09 00:24:39,998 [ERROR] LogOutputStream:75 - [STDERR_REDIRECT] [Fatal Error] :1:1: Premature end of file.
2026-05-09 00:24:39,998 [ERROR] LogOutputStream:75 - [STDERR_REDIRECT] 
2026-05-09 00:24:41,008 [ERROR] LogOutputStream:75 - [STDERR_REDIRECT] [Fatal Error] :1:1: Premature end of file.
2026-05-09 00:24:41,008 [ERROR] LogOutputStream:75 - [STDERR_REDIRECT] 
2026-05-09 00:24:42,007 [ERROR] LogOutputStream:75 - [STDERR_REDIRECT] [Fatal Error] :1:1: Premature end of file.
2026-05-09 00:24:42,007 [ERROR] LogOutputStream:75 - [STDERR_REDIRECT] 
2026-05-09 00:24:42,997 [ERROR] LogOutputStream:75 - [STDERR_REDIRECT] [Fatal Error] :1:1: Premature end of file.
2026-05-09 00:24:42,997 [ERROR] LogOutputStream:75 - [STDERR_REDIRECT] 
2026-05-09 00:24:43,985 [ERROR] LogOutputStream:75 - [STDERR_REDIRECT] [Fatal Error] :1:1: Premature end of file.
2026-05-09 00:24:43,985 [ERROR] LogOutputStream:75 - [STDERR_REDIRECT] 
2026-05-09 00:24:45,009 [ERROR] LogOutputStream:75 - [STDERR_REDIRECT] [Fatal Error] :1:1: Premature end of file.
2026-05-09 00:24:45,012 [ERROR] LogOutputStream:75 - [STDERR_REDIRECT] 
2026-05-09 00:24:46,008 [ERROR] LogOutputStream:75 - [STDERR_REDIRECT] [Fatal Error] :1:1: Premature end of file.
2026-05-09 00:24:46,008 [ERROR] LogOutputStream:75 - [STDERR_REDIRECT] 
2026-05-09 00:24:47,011 [ERROR] LogOutputStream:75 - [STDERR_REDIRECT] [Fatal Error] :1:1: Premature end of file.
2026-05-09 00:24:47,011 [ERROR] LogOutputStream:75 - [STDERR_REDIRECT] 
2026-05-09 00:24:48,005 [ERROR] LogOutputStream:75 - [STDERR_REDIRECT] [Fatal Error] :1:1: Premature end of file.
2026-05-09 00:24:48,005 [ERROR] LogOutputStream:75 - [STDERR_REDIRECT] 
2026-05-09 00:24:48,997 [ERROR] LogOutputStream:75 - [STDERR_REDIRECT] [Fatal Error] :1:1: Premature end of file.
2026-05-09 00:24:48,997 [ERROR] LogOutputStream:75 - [STDERR_REDIRECT] 
2026-05-09 00:24:50,007 [ERROR] LogOutputStream:75 - [STDERR_REDIRECT] [Fatal Error] :1:1: Premature end of file.
2026-05-09 00:24:50,015 [ERROR] LogOutputStream:75 - [STDERR_REDIRECT] 
2026-05-09 00:24:51,003 [ERROR] LogOutputStream:75 - [STDERR_REDIRECT] [Fatal Error] :1:1: Premature end of file.
2026-05-09 00:24:51,003 [ERROR] LogOutputStream:75 - [STDERR_REDIRECT] 
2026-05-09 00:24:51,993 [ERROR] LogOutputStream:75 - [STDERR_REDIRECT] [Fatal Error] :1:1: Premature end of file.
2026-05-09 00:24:51,993 [ERROR] LogOutputStream:75 - [STDERR_REDIRECT] 
2026-05-09 00:24:53,003 [ERROR] LogOutputStream:75 - [STDERR_REDIRECT] [Fatal Error] :1:1: Premature end of file.
2026-05-09 00:24:53,003 [ERROR] LogOutputStream:75 - [STDERR_REDIRECT] 
2026-05-09 00:24:53,981 [ERROR] LogOutputStream:75 - [STDERR_REDIRECT] [Fatal Error] :1:1: Premature end of file.
2026-05-09 00:24:53,981 [ERROR] LogOutputStream:75 - [STDERR_REDIRECT] 
2026-05-09 00:24:55,006 [ERROR] LogOutputStream:75 - [STDERR_REDIRECT] [Fatal Error] :1:1: Premature end of file.
2026-05-09 00:24:55,006 [ERROR] LogOutputStream:75 - [STDERR_REDIRECT] 
2026-05-09 00:24:55,998 [ERROR] LogOutputStream:75 - [STDERR_REDIRECT] [Fatal Error] :1:1: Premature end of file.
2026-05-09 00:24:55,998 [ERROR] LogOutputStream:75 - [STDERR_REDIRECT] 
2026-05-09 00:24:57,006 [ERROR] LogOutputStream:75 - [STDERR_REDIRECT] [Fatal Error] :1:1: Premature end of file.
2026-05-09 00:24:57,006 [ERROR] LogOutputStream:75 - [STDERR_REDIRECT] 
2026-05-09 00:24:57,996 [ERROR] LogOutputStream:75 - [STDERR_REDIRECT] [Fatal Error] :1:1: Premature end of file.
2026-05-09 00:24:57,996 [ERROR] LogOutputStream:75 - [STDERR_REDIRECT] 
2026-05-09 00:24:59,010 [ERROR] LogOutputStream:75 - [STDERR_REDIRECT] [Fatal Error] :1:1: Premature end of file.
2026-05-09 00:24:59,010 [ERROR] LogOutputStream:75 - [STDERR_REDIRECT] 
2026-05-09 00:25:00,008 [ERROR] LogOutputStream:75 - [STDERR_REDIRECT] [Fatal Error] :1:1: Premature end of file.
2026-05-09 00:25:00,008 [ERROR] LogOutputStream:75 - [STDERR_REDIRECT] 
2026-05-09 00:25:01,016 [ERROR] LogOutputStream:75 - [STDERR_REDIRECT] [Fatal Error] :1:1: Premature end of file.
2026-05-09 00:25:01,016 [ERROR] LogOutputStream:75 - [STDERR_REDIRECT] 
2026-05-09 00:25:01,992 [ERROR] LogOutputStream:75 - [STDERR_REDIRECT] [Fatal Error] :1:1: Premature end of file.
2026-05-09 00:25:01,992 [ERROR] LogOutputStream:75 - [STDERR_REDIRECT] 
2026-05-09 00:25:03,007 [ERROR] LogOutputStream:75 - [STDERR_REDIRECT] [Fatal Error] :1:1: Premature end of file.
2026-05-09 00:25:03,007 [ERROR] LogOutputStream:75 - [STDERR_REDIRECT] 
2026-05-09 00:25:04,001 [ERROR] LogOutputStream:75 - [STDERR_REDIRECT] [Fatal Error] :1:1: Premature end of file.
2026-05-09 00:25:04,001 [ERROR] LogOutputStream:75 - [STDERR_REDIRECT] 
2026-05-09 00:25:04,997 [ERROR] LogOutputStream:75 - [STDERR_REDIRECT] [Fatal Error] :1:1: Premature end of file.
2026-05-09 00:25:04,997 [ERROR] LogOutputStream:75 - [STDERR_REDIRECT] 
2026-05-09 00:25:05,998 [ERROR] LogOutputStream:75 - [STDERR_REDIRECT] [Fatal Error] :1:1: Premature end of file.
2026-05-09 00:25:05,998 [ERROR] LogOutputStream:75 - [STDERR_REDIRECT] 
2026-05-09 00:25:07,008 [ERROR] LogOutputStream:75 - [STDERR_REDIRECT] [Fatal Error] :1:1: Premature end of file.
2026-05-09 00:25:07,008 [ERROR] LogOutputStream:75 - [STDERR_REDIRECT] 
2026-05-09 00:25:08,001 [ERROR] LogOutputStream:75 - [STDERR_REDIRECT] [Fatal Error] :1:1: Premature end of file.
2026-05-09 00:25:08,001 [ERROR] LogOutputStream:75 - [STDERR_REDIRECT] 
2026-05-09 00:25:09,008 [ERROR] LogOutputStream:75 - [STDERR_REDIRECT] [Fatal Error] :1:1: Premature end of file.
2026-05-09 00:25:09,008 [ERROR] LogOutputStream:75 - [STDERR_REDIRECT] 
2026-05-09 00:25:10,005 [ERROR] LogOutputStream:75 - [STDERR_REDIRECT] [Fatal Error] :1:1: Premature end of file.
2026-05-09 00:25:10,005 [ERROR] LogOutputStream:75 - [STDERR_REDIRECT] 
2026-05-09 00:25:11,011 [ERROR] LogOutputStream:75 - [STDERR_REDIRECT] [Fatal Error] :1:1: Premature end of file.
2026-05-09 00:25:11,011 [ERROR] LogOutputStream:75 - [STDERR_REDIRECT] 
2026-05-09 00:25:11,985 [ERROR] LogOutputStream:75 - [STDERR_REDIRECT] [Fatal Error] :1:1: Premature end of file.
2026-05-09 00:25:11,985 [ERROR] LogOutputStream:75 - [STDERR_REDIRECT] 
2026-05-09 00:25:13,010 [ERROR] LogOutputStream:75 - [STDERR_REDIRECT] [Fatal Error] :1:1: Premature end of file.
2026-05-09 00:25:13,010 [ERROR] LogOutputStream:75 - [STDERR_REDIRECT] 
2026-05-09 00:25:14,003 [ERROR] LogOutputStream:75 - [STDERR_REDIRECT] [Fatal Error] :1:1: Premature end of file.
2026-05-09 00:25:14,003 [ERROR] LogOutputStream:75 - [STDERR_REDIRECT] 
2026-05-09 00:25:15,010 [ERROR] LogOutputStream:75 - [STDERR_REDIRECT] [Fatal Error] :1:1: Premature end of file.
2026-05-09 00:25:15,010 [ERROR] LogOutputStream:75 - [STDERR_REDIRECT] 
2026-05-09 00:25:16,008 [ERROR] LogOutputStream:75 - [STDERR_REDIRECT] [Fatal Error] :1:1: Premature end of file.
2026-05-09 00:25:16,008 [ERROR] LogOutputStream:75 - [STDERR_REDIRECT] 
2026-05-09 00:25:17,003 [ERROR] LogOutputStream:75 - [STDERR_REDIRECT] [Fatal Error] :1:1: Premature end of file.
2026-05-09 00:25:17,003 [ERROR] LogOutputStream:75 - [STDERR_REDIRECT] 
2026-05-09 00:25:17,998 [ERROR] LogOutputStream:75 - [STDERR_REDIRECT] [Fatal Error] :1:1: Premature end of file.
2026-05-09 00:25:17,998 [ERROR] LogOutputStream:75 - [STDERR_REDIRECT] 
2026-05-09 00:25:19,006 [ERROR] LogOutputStream:75 - [STDERR_REDIRECT] [Fatal Error] :1:1: Premature end of file.
2026-05-09 00:25:19,006 [ERROR] LogOutputStream:75 - [STDERR_REDIRECT] 
2026-05-09 00:25:20,005 [ERROR] LogOutputStream:75 - [STDERR_REDIRECT] [Fatal Error] :1:1: Premature end of file.
2026-05-09 00:25:20,005 [ERROR] LogOutputStream:75 - [STDERR_REDIRECT] 
2026-05-09 00:25:21,015 [ERROR] LogOutputStream:75 - [STDERR_REDIRECT] [Fatal Error] :1:1: Premature end of file.
2026-05-09 00:25:21,015 [ERROR] LogOutputStream:75 - [STDERR_REDIRECT] 
2026-05-09 00:25:21,994 [ERROR] LogOutputStream:75 - [STDERR_REDIRECT] [Fatal Error] :1:1: Premature end of file.
2026-05-09 00:25:21,994 [ERROR] LogOutputStream:75 - [STDERR_REDIRECT] 
2026-05-09 00:25:23,006 [ERROR] LogOutputStream:75 - [STDERR_REDIRECT] [Fatal Error] :1:1: Premature end of file.
2026-05-09 00:25:23,006 [ERROR] LogOutputStream:75 - [STDERR_REDIRECT] 
2026-05-09 00:25:24,000 [ERROR] LogOutputStream:75 - [STDERR_REDIRECT] [Fatal Error] :1:1: Premature end of file.
2026-05-09 00:25:24,000 [ERROR] LogOutputStream:75 - [STDERR_REDIRECT] 
2026-05-09 00:25:25,010 [ERROR] LogOutputStream:75 - [STDERR_REDIRECT] [Fatal Error] :1:1: Premature end of file.
2026-05-09 00:25:25,010 [ERROR] LogOutputStream:75 - [STDERR_REDIRECT] 
2026-05-09 00:25:26,006 [ERROR] LogOutputStream:75 - [STDERR_REDIRECT] [Fatal Error] :1:1: Premature end of file.
2026-05-09 00:25:26,006 [ERROR] LogOutputStream:75 - [STDERR_REDIRECT] 
2026-05-09 00:25:27,006 [ERROR] LogOutputStream:75 - [STDERR_REDIRECT] [Fatal Error] :1:1: Premature end of file.
2026-05-09 00:25:27,006 [ERROR] LogOutputStream:75 - [STDERR_REDIRECT] 
2026-05-09 00:25:28,002 [ERROR] LogOutputStream:75 - [STDERR_REDIRECT] [Fatal Error] :1:1: Premature end of file.
2026-05-09 00:25:28,002 [ERROR] LogOutputStream:75 - [STDERR_REDIRECT] 
2026-05-09 00:25:28,993 [ERROR] LogOutputStream:75 - [STDERR_REDIRECT] [Fatal Error] :1:1: Premature end of file.
2026-05-09 00:25:28,993 [ERROR] LogOutputStream:75 - [STDERR_REDIRECT] 
2026-05-09 00:25:29,981 [ERROR] LogOutputStream:75 - [STDERR_REDIRECT] [Fatal Error] :1:1: Premature end of file.
2026-05-09 00:25:29,981 [ERROR] LogOutputStream:75 - [STDERR_REDIRECT] 
2026-05-09 00:25:31,010 [ERROR] LogOutputStream:75 - [STDERR_REDIRECT] [Fatal Error] :1:1: Premature end of file.
2026-05-09 00:25:31,010 [ERROR] LogOutputStream:75 - [STDERR_REDIRECT] 
2026-05-09 00:25:32,001 [ERROR] LogOutputStream:75 - [STDERR_REDIRECT] [Fatal Error] :1:1: Premature end of file.
2026-05-09 00:25:32,001 [ERROR] LogOutputStream:75 - [STDERR_REDIRECT] 
2026-05-09 00:25:32,997 [ERROR] LogOutputStream:75 - [STDERR_REDIRECT] [Fatal Error] :1:1: Premature end of file.
2026-05-09 00:25:32,997 [ERROR] LogOutputStream:75 - [STDERR_REDIRECT] 
2026-05-09 00:25:33,984 [ERROR] LogOutputStream:75 - [STDERR_REDIRECT] [Fatal Error] :1:1: Premature end of file.
2026-05-09 00:25:33,984 [ERROR] LogOutputStream:75 - [STDERR_REDIRECT] 
2026-05-09 00:25:35,006 [ERROR] LogOutputStream:75 - [STDERR_REDIRECT] [Fatal Error] :1:1: Premature end of file.
2026-05-09 00:25:35,006 [ERROR] LogOutputStream:75 - [STDERR_REDIRECT] 
2026-05-09 00:25:36,001 [ERROR] LogOutputStream:75 - [STDERR_REDIRECT] [Fatal Error] :1:1: Premature end of file.
2026-05-09 00:25:36,001 [ERROR] LogOutputStream:75 - [STDERR_REDIRECT] 
2026-05-09 00:25:37,009 [ERROR] LogOutputStream:75 - [STDERR_REDIRECT] [Fatal Error] :1:1: Premature end of file.
2026-05-09 00:25:37,009 [ERROR] LogOutputStream:75 - [STDERR_REDIRECT] 
2026-05-09 00:25:37,992 [ERROR] LogOutputStream:75 - [STDERR_REDIRECT] [Fatal Error] :1:1: Premature end of file.
2026-05-09 00:25:37,992 [ERROR] LogOutputStream:75 - [STDERR_REDIRECT] 
2026-05-09 00:25:38,991 [ERROR] LogOutputStream:75 - [STDERR_REDIRECT] [Fatal Error] :1:1: Premature end of file.
2026-05-09 00:25:38,991 [ERROR] LogOutputStream:75 - [STDERR_REDIRECT] 
2026-05-09 00:25:39,985 [ERROR] LogOutputStream:75 - [STDERR_REDIRECT] [Fatal Error] :1:1: Premature end of file.
2026-05-09 00:25:39,985 [ERROR] LogOutputStream:75 - [STDERR_REDIRECT] 
2026-05-09 00:25:40,999 [ERROR] LogOutputStream:75 - [STDERR_REDIRECT] [Fatal Error] :1:1: Premature end of file.
2026-05-09 00:25:40,999 [ERROR] LogOutputStream:75 - [STDERR_REDIRECT] 
2026-05-09 00:25:42,001 [ERROR] LogOutputStream:75 - [STDERR_REDIRECT] [Fatal Error] :1:1: Premature end of file.
2026-05-09 00:25:42,001 [ERROR] LogOutputStream:75 - [STDERR_REDIRECT] 
2026-05-09 00:25:43,003 [ERROR] LogOutputStream:75 - [STDERR_REDIRECT] [Fatal Error] :1:1: Premature end of file.
2026-05-09 00:25:43,003 [ERROR] LogOutputStream:75 - [STDERR_REDIRECT] 
2026-05-09 00:25:43,988 [ERROR] LogOutputStream:75 - [STDERR_REDIRECT] [Fatal Error] :1:1: Premature end of file.
2026-05-09 00:25:43,988 [ERROR] LogOutputStream:75 - [STDERR_REDIRECT] 
2026-05-09 00:25:44,996 [ERROR] LogOutputStream:75 - [STDERR_REDIRECT] [Fatal Error] :1:1: Premature end of file.
2026-05-09 00:25:44,996 [ERROR] LogOutputStream:75 - [STDERR_REDIRECT] 
2026-05-09 00:25:46,006 [ERROR] LogOutputStream:75 - [STDERR_REDIRECT] [Fatal Error] :1:1: Premature end of file.
2026-05-09 00:25:46,006 [ERROR] LogOutputStream:75 - [STDERR_REDIRECT] 
2026-05-09 00:25:47,011 [ERROR] LogOutputStream:75 - [STDERR_REDIRECT] [Fatal Error] :1:1: Premature end of file.
2026-05-09 00:25:47,011 [ERROR] LogOutputStream:75 - [STDERR_REDIRECT] 
2026-05-09 00:25:47,988 [ERROR] LogOutputStream:75 - [STDERR_REDIRECT] [Fatal Error] :1:1: Premature end of file.
2026-05-09 00:25:47,988 [ERROR] LogOutputStream:75 - [STDERR_REDIRECT] 
2026-05-09 00:25:49,003 [ERROR] LogOutputStream:75 - [STDERR_REDIRECT] [Fatal Error] :1:1: Premature end of file.
2026-05-09 00:25:49,018 [ERROR] LogOutputStream:75 - [STDERR_REDIRECT] 
2026-05-09 00:25:49,988 [ERROR] LogOutputStream:75 - [STDERR_REDIRECT] [Fatal Error] :1:1: Premature end of file.
2026-05-09 00:25:49,988 [ERROR] LogOutputStream:75 - [STDERR_REDIRECT] 
2026-05-09 00:25:51,000 [ERROR] LogOutputStream:75 - [STDERR_REDIRECT] [Fatal Error] :1:1: Premature end of file.
2026-05-09 00:25:51,000 [ERROR] LogOutputStream:75 - [STDERR_REDIRECT] 
2026-05-09 00:25:52,003 [ERROR] LogOutputStream:75 - [STDERR_REDIRECT] [Fatal Error] :1:1: Premature end of file.
2026-05-09 00:25:52,003 [ERROR] LogOutputStream:75 - [STDERR_REDIRECT] 
2026-05-09 00:25:52,989 [ERROR] LogOutputStream:75 - [STDERR_REDIRECT] [Fatal Error] :1:1: Premature end of file.
2026-05-09 00:25:52,989 [ERROR] LogOutputStream:75 - [STDERR_REDIRECT] 
2026-05-09 00:25:53,993 [ERROR] LogOutputStream:75 - [STDERR_REDIRECT] [Fatal Error] :1:1: Premature end of file.
2026-05-09 00:25:53,993 [ERROR] LogOutputStream:75 - [STDERR_REDIRECT] 
2026-05-09 00:25:54,997 [ERROR] LogOutputStream:75 - [STDERR_REDIRECT] [Fatal Error] :1:1: Premature end of file.
2026-05-09 00:25:54,997 [ERROR] LogOutputStream:75 - [STDERR_REDIRECT] 
2026-05-09 00:25:55,995 [ERROR] LogOutputStream:75 - [STDERR_REDIRECT] [Fatal Error] :1:1: Premature end of file.
2026-05-09 00:25:55,995 [ERROR] LogOutputStream:75 - [STDERR_REDIRECT] 
2026-05-09 00:25:57,000 [ERROR] LogOutputStream:75 - [STDERR_REDIRECT] [Fatal Error] :1:1: Premature end of file.
2026-05-09 00:25:57,000 [ERROR] LogOutputStream:75 - [STDERR_REDIRECT] 
2026-05-09 00:25:57,998 [ERROR] LogOutputStream:75 - [STDERR_REDIRECT] [Fatal Error] :1:1: Premature end of file.
2026-05-09 00:25:57,998 [ERROR] LogOutputStream:75 - [STDERR_REDIRECT] 
2026-05-09 00:25:59,006 [ERROR] LogOutputStream:75 - [STDERR_REDIRECT] [Fatal Error] :1:1: Premature end of file.
2026-05-09 00:25:59,006 [ERROR] LogOutputStream:75 - [STDERR_REDIRECT] 
2026-05-09 00:26:00,001 [ERROR] LogOutputStream:75 - [STDERR_REDIRECT] [Fatal Error] :1:1: Premature end of file.
2026-05-09 00:26:00,001 [ERROR] LogOutputStream:75 - [STDERR_REDIRECT] 
2026-05-09 00:26:01,007 [ERROR] LogOutputStream:75 - [STDERR_REDIRECT] [Fatal Error] :1:1: Premature end of file.
2026-05-09 00:26:01,007 [ERROR] LogOutputStream:75 - [STDERR_REDIRECT] 
2026-05-09 00:26:02,000 [ERROR] LogOutputStream:75 - [STDERR_REDIRECT] [Fatal Error] :1:1: Premature end of file.
2026-05-09 00:26:02,000 [ERROR] LogOutputStream:75 - [STDERR_REDIRECT] 
2026-05-09 00:26:03,005 [ERROR] LogOutputStream:75 - [STDERR_REDIRECT] [Fatal Error] :1:1: Premature end of file.
2026-05-09 00:26:03,005 [ERROR] LogOutputStream:75 - [STDERR_REDIRECT] 
2026-05-09 00:26:03,997 [ERROR] LogOutputStream:75 - [STDERR_REDIRECT] [Fatal Error] :1:1: Premature end of file.
2026-05-09 00:26:03,997 [ERROR] LogOutputStream:75 - [STDERR_REDIRECT] 
2026-05-09 00:26:05,014 [ERROR] LogOutputStream:75 - [STDERR_REDIRECT] [Fatal Error] :1:1: Premature end of file.
2026-05-09 00:26:05,014 [ERROR] LogOutputStream:75 - [STDERR_REDIRECT] 
2026-05-09 00:26:05,983 [ERROR] LogOutputStream:75 - [STDERR_REDIRECT] [Fatal Error] :1:1: Premature end of file.
2026-05-09 00:26:05,983 [ERROR] LogOutputStream:75 - [STDERR_REDIRECT] 
2026-05-09 00:26:07,008 [ERROR] LogOutputStream:75 - [STDERR_REDIRECT] [Fatal Error] :1:1: Premature end of file.
2026-05-09 00:26:07,008 [ERROR] LogOutputStream:75 - [STDERR_REDIRECT] 
2026-05-09 00:26:08,003 [ERROR] LogOutputStream:75 - [STDERR_REDIRECT] [Fatal Error] :1:1: Premature end of file.
2026-05-09 00:26:08,003 [ERROR] LogOutputStream:75 - [STDERR_REDIRECT] 
2026-05-09 00:26:09,002 [ERROR] LogOutputStream:75 - [STDERR_REDIRECT] [Fatal Error] :1:1: Premature end of file.
2026-05-09 00:26:09,002 [ERROR] LogOutputStream:75 - [STDERR_REDIRECT] 
2026-05-09 00:26:10,001 [ERROR] LogOutputStream:75 - [STDERR_REDIRECT] [Fatal Error] :1:1: Premature end of file.
2026-05-09 00:26:10,001 [ERROR] LogOutputStream:75 - [STDERR_REDIRECT] 
2026-05-09 00:26:10,981 [ERROR] LogOutputStream:75 - [STDERR_REDIRECT] [Fatal Error] :1:1: Premature end of file.
2026-05-09 00:26:10,981 [ERROR] LogOutputStream:75 - [STDERR_REDIRECT] 
2026-05-09 00:26:11,995 [ERROR] LogOutputStream:75 - [STDERR_REDIRECT] [Fatal Error] :1:1: Premature end of file.
2026-05-09 00:26:11,995 [ERROR] LogOutputStream:75 - [STDERR_REDIRECT] 
2026-05-09 00:26:13,008 [ERROR] LogOutputStream:75 - [STDERR_REDIRECT] [Fatal Error] :1:1: Premature end of file.
2026-05-09 00:26:13,008 [ERROR] LogOutputStream:75 - [STDERR_REDIRECT] 
2026-05-09 00:26:13,999 [ERROR] LogOutputStream:75 - [STDERR_REDIRECT] [Fatal Error] :1:1: Premature end of file.
2026-05-09 00:26:13,999 [ERROR] LogOutputStream:75 - [STDERR_REDIRECT] 
2026-05-09 00:26:14,982 [ERROR] LogOutputStream:75 - [STDERR_REDIRECT] [Fatal Error] :1:1: Premature end of file.
2026-05-09 00:26:14,982 [ERROR] LogOutputStream:75 - [STDERR_REDIRECT] 
2026-05-09 00:26:16,001 [ERROR] LogOutputStream:75 - [STDERR_REDIRECT] [Fatal Error] :1:1: Premature end of file.
2026-05-09 00:26:16,001 [ERROR] LogOutputStream:75 - [STDERR_REDIRECT] 
2026-05-09 00:26:16,998 [ERROR] LogOutputStream:75 - [STDERR_REDIRECT] [Fatal Error] :1:1: Premature end of file.
2026-05-09 00:26:16,998 [ERROR] LogOutputStream:75 - [STDERR_REDIRECT] 
2026-05-09 00:26:18,010 [ERROR] LogOutputStream:75 - [STDERR_REDIRECT] [Fatal Error] :1:1: Premature end of file.
2026-05-09 00:26:18,010 [ERROR] LogOutputStream:75 - [STDERR_REDIRECT] 
2026-05-09 00:26:19,001 [ERROR] LogOutputStream:75 - [STDERR_REDIRECT] [Fatal Error] :1:1: Premature end of file.
2026-05-09 00:26:19,016 [ERROR] LogOutputStream:75 - [STDERR_REDIRECT] 
2026-05-09 00:26:19,985 [ERROR] LogOutputStream:75 - [STDERR_REDIRECT] [Fatal Error] :1:1: Premature end of file.
2026-05-09 00:26:19,985 [ERROR] LogOutputStream:75 - [STDERR_REDIRECT] 
2026-05-09 00:26:20,993 [ERROR] LogOutputStream:75 - [STDERR_REDIRECT] [Fatal Error] :1:1: Premature end of file.
2026-05-09 00:26:20,993 [ERROR] LogOutputStream:75 - [STDERR_REDIRECT] 
2026-05-09 00:26:22,011 [ERROR] LogOutputStream:75 - [STDERR_REDIRECT] [Fatal Error] :1:1: Premature end of file.
2026-05-09 00:26:22,011 [ERROR] LogOutputStream:75 - [STDERR_REDIRECT] 
2026-05-09 00:26:23,006 [ERROR] LogOutputStream:75 - [STDERR_REDIRECT] [Fatal Error] :1:1: Premature end of file.
2026-05-09 00:26:23,006 [ERROR] LogOutputStream:75 - [STDERR_REDIRECT] 
2026-05-09 00:26:23,995 [ERROR] LogOutputStream:75 - [STDERR_REDIRECT] [Fatal Error] :1:1: Premature end of file.
2026-05-09 00:26:23,995 [ERROR] LogOutputStream:75 - [STDERR_REDIRECT] 
2026-05-09 00:26:25,004 [ERROR] LogOutputStream:75 - [STDERR_REDIRECT] [Fatal Error] :1:1: Premature end of file.
2026-05-09 00:26:25,004 [ERROR] LogOutputStream:75 - [STDERR_REDIRECT] 
2026-05-09 00:26:25,980 [ERROR] LogOutputStream:75 - [STDERR_REDIRECT] [Fatal Error] :1:1: Premature end of file.
2026-05-09 00:26:25,980 [ERROR] LogOutputStream:75 - [STDERR_REDIRECT] 
2026-05-09 00:26:27,005 [ERROR] LogOutputStream:75 - [STDERR_REDIRECT] [Fatal Error] :1:1: Premature end of file.
2026-05-09 00:26:27,005 [ERROR] LogOutputStream:75 - [STDERR_REDIRECT] 
2026-05-09 00:26:27,996 [ERROR] LogOutputStream:75 - [STDERR_REDIRECT] [Fatal Error] :1:1: Premature end of file.
2026-05-09 00:26:27,996 [ERROR] LogOutputStream:75 - [STDERR_REDIRECT] 
2026-05-09 00:26:29,007 [ERROR] LogOutputStream:75 - [STDERR_REDIRECT] [Fatal Error] :1:1: Premature end of file.
2026-05-09 00:26:29,007 [ERROR] LogOutputStream:75 - [STDERR_REDIRECT] 
2026-05-09 00:26:29,985 [ERROR] LogOutputStream:75 - [STDERR_REDIRECT] [Fatal Error] :1:1: Premature end of file.
2026-05-09 00:26:29,985 [ERROR] LogOutputStream:75 - [STDERR_REDIRECT] 
2026-05-09 00:26:31,008 [ERROR] LogOutputStream:75 - [STDERR_REDIRECT] [Fatal Error] :1:1: Premature end of file.
2026-05-09 00:26:31,008 [ERROR] LogOutputStream:75 - [STDERR_REDIRECT] 
2026-05-09 00:26:31,990 [ERROR] LogOutputStream:75 - [STDERR_REDIRECT] [Fatal Error] :1:1: Premature end of file.
2026-05-09 00:26:31,990 [ERROR] LogOutputStream:75 - [STDERR_REDIRECT] 
2026-05-09 00:26:33,006 [ERROR] LogOutputStream:75 - [STDERR_REDIRECT] [Fatal Error] :1:1: Premature end of file.
2026-05-09 00:26:33,006 [ERROR] LogOutputStream:75 - [STDERR_REDIRECT] 
2026-05-09 00:26:34,003 [ERROR] LogOutputStream:75 - [STDERR_REDIRECT] [Fatal Error] :1:1: Premature end of file.
2026-05-09 00:26:34,013 [ERROR] LogOutputStream:75 - [STDERR_REDIRECT] 
2026-05-09 00:26:35,010 [ERROR] LogOutputStream:75 - [STDERR_REDIRECT] [Fatal Error] :1:1: Premature end of file.
2026-05-09 00:26:35,010 [ERROR] LogOutputStream:75 - [STDERR_REDIRECT] 
2026-05-09 00:26:36,003 [ERROR] LogOutputStream:75 - [STDERR_REDIRECT] [Fatal Error] :1:1: Premature end of file.
2026-05-09 00:26:36,003 [ERROR] LogOutputStream:75 - [STDERR_REDIRECT] 
2026-05-09 00:26:37,005 [ERROR] LogOutputStream:75 - [STDERR_REDIRECT] [Fatal Error] :1:1: Premature end of file.
2026-05-09 00:26:37,005 [ERROR] LogOutputStream:75 - [STDERR_REDIRECT] 
2026-05-09 00:26:38,006 [ERROR] LogOutputStream:75 - [STDERR_REDIRECT] [Fatal Error] :1:1: Premature end of file.
2026-05-09 00:26:38,006 [ERROR] LogOutputStream:75 - [STDERR_REDIRECT] 
2026-05-09 00:26:39,008 [ERROR] LogOutputStream:75 - [STDERR_REDIRECT] [Fatal Error] :1:1: Premature end of file.
2026-05-09 00:26:39,008 [ERROR] LogOutputStream:75 - [STDERR_REDIRECT] 
2026-05-09 00:26:40,008 [ERROR] LogOutputStream:75 - [STDERR_REDIRECT] [Fatal Error] :1:1: Premature end of file.
2026-05-09 00:26:40,008 [ERROR] LogOutputStream:75 - [STDERR_REDIRECT] 
2026-05-09 00:26:41,002 [ERROR] LogOutputStream:75 - [STDERR_REDIRECT] [Fatal Error] :1:1: Premature end of file.
2026-05-09 00:26:41,002 [ERROR] LogOutputStream:75 - [STDERR_REDIRECT] 
2026-05-09 00:26:42,009 [ERROR] LogOutputStream:75 - [STDERR_REDIRECT] [Fatal Error] :1:1: Premature end of file.
2026-05-09 00:26:42,009 [ERROR] LogOutputStream:75 - [STDERR_REDIRECT] 
2026-05-09 00:26:43,005 [ERROR] LogOutputStream:75 - [STDERR_REDIRECT] [Fatal Error] :1:1: Premature end of file.
2026-05-09 00:26:43,005 [ERROR] LogOutputStream:75 - [STDERR_REDIRECT] 
2026-05-09 00:26:44,006 [ERROR] LogOutputStream:75 - [STDERR_REDIRECT] [Fatal Error] :1:1: Premature end of file.
2026-05-09 00:26:44,006 [ERROR] LogOutputStream:75 - [STDERR_REDIRECT] 
2026-05-09 00:26:44,983 [ERROR] LogOutputStream:75 - [STDERR_REDIRECT] [Fatal Error] :1:1: Premature end of file.
2026-05-09 00:26:44,983 [ERROR] LogOutputStream:75 - [STDERR_REDIRECT] 
2026-05-09 00:26:46,016 [ERROR] LogOutputStream:75 - [STDERR_REDIRECT] [Fatal Error] :1:1: Premature end of file.
2026-05-09 00:26:46,016 [ERROR] LogOutputStream:75 - [STDERR_REDIRECT] 
2026-05-09 00:26:46,999 [ERROR] LogOutputStream:75 - [STDERR_REDIRECT] [Fatal Error] :1:1: Premature end of file.
2026-05-09 00:26:46,999 [ERROR] LogOutputStream:75 - [STDERR_REDIRECT] 
2026-05-09 00:26:48,010 [ERROR] LogOutputStream:75 - [STDERR_REDIRECT] [Fatal Error] :1:1: Premature end of file.
2026-05-09 00:26:48,010 [ERROR] LogOutputStream:75 - [STDERR_REDIRECT] 
2026-05-09 00:26:49,004 [ERROR] LogOutputStream:75 - [STDERR_REDIRECT] [Fatal Error] :1:1: Premature end of file.
2026-05-09 00:26:49,004 [ERROR] LogOutputStream:75 - [STDERR_REDIRECT] 
2026-05-09 00:26:49,998 [ERROR] LogOutputStream:75 - [STDERR_REDIRECT] [Fatal Error] :1:1: Premature end of file.
2026-05-09 00:26:49,998 [ERROR] LogOutputStream:75 - [STDERR_REDIRECT] 
2026-05-09 00:26:51,000 [ERROR] LogOutputStream:75 - [STDERR_REDIRECT] [Fatal Error] :1:1: Premature end of file.
2026-05-09 00:26:51,000 [ERROR] LogOutputStream:75 - [STDERR_REDIRECT] 
2026-05-09 00:26:52,010 [ERROR] LogOutputStream:75 - [STDERR_REDIRECT] [Fatal Error] :1:1: Premature end of file.
2026-05-09 00:26:52,010 [ERROR] LogOutputStream:75 - [STDERR_REDIRECT] 
2026-05-09 00:26:52,986 [ERROR] LogOutputStream:75 - [STDERR_REDIRECT] [Fatal Error] :1:1: Premature end of file.
2026-05-09 00:26:52,986 [ERROR] LogOutputStream:75 - [STDERR_REDIRECT] 
2026-05-09 00:26:54,008 [ERROR] LogOutputStream:75 - [STDERR_REDIRECT] [Fatal Error] :1:1: Premature end of file.
2026-05-09 00:26:54,008 [ERROR] LogOutputStream:75 - [STDERR_REDIRECT] 
2026-05-09 00:26:55,014 [ERROR] LogOutputStream:75 - [STDERR_REDIRECT] [Fatal Error] :1:1: Premature end of file.
2026-05-09 00:26:55,014 [ERROR] LogOutputStream:75 - [STDERR_REDIRECT] 
2026-05-09 00:26:55,997 [ERROR] LogOutputStream:75 - [STDERR_REDIRECT] [Fatal Error] :1:1: Premature end of file.
2026-05-09 00:26:55,997 [ERROR] LogOutputStream:75 - [STDERR_REDIRECT] 
2026-05-09 00:26:57,006 [ERROR] LogOutputStream:75 - [STDERR_REDIRECT] [Fatal Error] :1:1: Premature end of file.
2026-05-09 00:26:57,006 [ERROR] LogOutputStream:75 - [STDERR_REDIRECT] 
2026-05-09 00:26:58,007 [ERROR] LogOutputStream:75 - [STDERR_REDIRECT] [Fatal Error] :1:1: Premature end of file.
2026-05-09 00:26:58,007 [ERROR] LogOutputStream:75 - [STDERR_REDIRECT] 
2026-05-09 00:26:59,001 [ERROR] LogOutputStream:75 - [STDERR_REDIRECT] [Fatal Error] :1:1: Premature end of file.
2026-05-09 00:26:59,001 [ERROR] LogOutputStream:75 - [STDERR_REDIRECT] 
2026-05-09 00:27:00,000 [ERROR] LogOutputStream:75 - [STDERR_REDIRECT] [Fatal Error] :1:1: Premature end of file.
2026-05-09 00:27:00,000 [ERROR] LogOutputStream:75 - [STDERR_REDIRECT] 
2026-05-09 00:27:01,009 [ERROR] LogOutputStream:75 - [STDERR_REDIRECT] [Fatal Error] :1:1: Premature end of file.
2026-05-09 00:27:01,009 [ERROR] LogOutputStream:75 - [STDERR_REDIRECT] 
2026-05-09 00:27:02,009 [ERROR] LogOutputStream:75 - [STDERR_REDIRECT] [Fatal Error] :1:1: Premature end of file.
2026-05-09 00:27:02,010 [ERROR] LogOutputStream:75 - [STDERR_REDIRECT] 
2026-05-09 00:27:03,012 [ERROR] LogOutputStream:75 - [STDERR_REDIRECT] [Fatal Error] :1:1: Premature end of file.
2026-05-09 00:27:03,012 [ERROR] LogOutputStream:75 - [STDERR_REDIRECT] 
2026-05-09 00:27:04,001 [ERROR] LogOutputStream:75 - [STDERR_REDIRECT] [Fatal Error] :1:1: Premature end of file.
2026-05-09 00:27:04,001 [ERROR] LogOutputStream:75 - [STDERR_REDIRECT] 
2026-05-09 00:27:04,989 [ERROR] LogOutputStream:75 - [STDERR_REDIRECT] [Fatal Error] :1:1: Premature end of file.
2026-05-09 00:27:04,989 [ERROR] LogOutputStream:75 - [STDERR_REDIRECT] 
2026-05-09 00:27:06,001 [ERROR] LogOutputStream:75 - [STDERR_REDIRECT] [Fatal Error] :1:1: Premature end of file.
2026-05-09 00:27:06,001 [ERROR] LogOutputStream:75 - [STDERR_REDIRECT] 
2026-05-09 00:27:06,988 [ERROR] LogOutputStream:75 - [STDERR_REDIRECT] [Fatal Error] :1:1: Premature end of file.
2026-05-09 00:27:06,988 [ERROR] LogOutputStream:75 - [STDERR_REDIRECT] 
2026-05-09 00:27:08,003 [ERROR] LogOutputStream:75 - [STDERR_REDIRECT] [Fatal Error] :1:1: Premature end of file.
2026-05-09 00:27:08,003 [ERROR] LogOutputStream:75 - [STDERR_REDIRECT] 
2026-05-09 00:27:09,010 [ERROR] LogOutputStream:75 - [STDERR_REDIRECT] [Fatal Error] :1:1: Premature end of file.
2026-05-09 00:27:09,015 [ERROR] LogOutputStream:75 - [STDERR_REDIRECT] 
2026-05-09 00:27:09,999 [ERROR] LogOutputStream:75 - [STDERR_REDIRECT] [Fatal Error] :1:1: Premature end of file.
2026-05-09 00:27:09,999 [ERROR] LogOutputStream:75 - [STDERR_REDIRECT] 
2026-05-09 00:27:11,004 [ERROR] LogOutputStream:75 - [STDERR_REDIRECT] [Fatal Error] :1:1: Premature end of file.
2026-05-09 00:27:11,004 [ERROR] LogOutputStream:75 - [STDERR_REDIRECT] 
2026-05-09 00:27:11,996 [ERROR] LogOutputStream:75 - [STDERR_REDIRECT] [Fatal Error] :1:1: Premature end of file.
2026-05-09 00:27:11,996 [ERROR] LogOutputStream:75 - [STDERR_REDIRECT] 
2026-05-09 00:27:13,005 [ERROR] LogOutputStream:75 - [STDERR_REDIRECT] [Fatal Error] :1:1: Premature end of file.
2026-05-09 00:27:13,005 [ERROR] LogOutputStream:75 - [STDERR_REDIRECT] 
2026-05-09 00:27:14,010 [ERROR] LogOutputStream:75 - [STDERR_REDIRECT] [Fatal Error] :1:1: Premature end of file.
2026-05-09 00:27:14,010 [ERROR] LogOutputStream:75 - [STDERR_REDIRECT] 
2026-05-09 00:27:15,000 [ERROR] LogOutputStream:75 - [STDERR_REDIRECT] [Fatal Error] :1:1: Premature end of file.
2026-05-09 00:27:15,000 [ERROR] LogOutputStream:75 - [STDERR_REDIRECT] 
2026-05-09 00:27:16,011 [ERROR] LogOutputStream:75 - [STDERR_REDIRECT] [Fatal Error] :1:1: Premature end of file.
2026-05-09 00:27:16,011 [ERROR] LogOutputStream:75 - [STDERR_REDIRECT] 
2026-05-09 00:27:17,000 [ERROR] LogOutputStream:75 - [STDERR_REDIRECT] [Fatal Error] :1:1: Premature end of file.
2026-05-09 00:27:17,000 [ERROR] LogOutputStream:75 - [STDERR_REDIRECT] 
2026-05-09 00:27:18,003 [ERROR] LogOutputStream:75 - [STDERR_REDIRECT] [Fatal Error] :1:1: Premature end of file.
2026-05-09 00:27:18,003 [ERROR] LogOutputStream:75 - [STDERR_REDIRECT] 
2026-05-09 00:27:19,003 [ERROR] LogOutputStream:75 - [STDERR_REDIRECT] [Fatal Error] :1:1: Premature end of file.
2026-05-09 00:27:19,003 [ERROR] LogOutputStream:75 - [STDERR_REDIRECT] 
2026-05-09 00:27:20,000 [ERROR] LogOutputStream:75 - [STDERR_REDIRECT] [Fatal Error] :1:1: Premature end of file.
2026-05-09 00:27:20,000 [ERROR] LogOutputStream:75 - [STDERR_REDIRECT] 
2026-05-09 00:27:21,012 [ERROR] LogOutputStream:75 - [STDERR_REDIRECT] [Fatal Error] :1:1: Premature end of file.
2026-05-09 00:27:21,012 [ERROR] LogOutputStream:75 - [STDERR_REDIRECT] 
2026-05-09 00:27:22,001 [ERROR] LogOutputStream:75 - [STDERR_REDIRECT] [Fatal Error] :1:1: Premature end of file.
2026-05-09 00:27:22,001 [ERROR] LogOutputStream:75 - [STDERR_REDIRECT] 
2026-05-09 00:27:22,997 [ERROR] LogOutputStream:75 - [STDERR_REDIRECT] [Fatal Error] :1:1: Premature end of file.
2026-05-09 00:27:22,997 [ERROR] LogOutputStream:75 - [STDERR_REDIRECT] 
2026-05-09 00:27:24,009 [ERROR] LogOutputStream:75 - [STDERR_REDIRECT] [Fatal Error] :1:1: Premature end of file.
2026-05-09 00:27:24,009 [ERROR] LogOutputStream:75 - [STDERR_REDIRECT] 
2026-05-09 00:27:25,011 [ERROR] LogOutputStream:75 - [STDERR_REDIRECT] [Fatal Error] :1:1: Premature end of file.
2026-05-09 00:27:25,011 [ERROR] LogOutputStream:75 - [STDERR_REDIRECT] 
2026-05-09 00:27:26,003 [ERROR] LogOutputStream:75 - [STDERR_REDIRECT] [Fatal Error] :1:1: Premature end of file.
2026-05-09 00:27:26,003 [ERROR] LogOutputStream:75 - [STDERR_REDIRECT] 
2026-05-09 00:27:27,012 [ERROR] LogOutputStream:75 - [STDERR_REDIRECT] [Fatal Error] :1:1: Premature end of file.
2026-05-09 00:27:27,019 [ERROR] LogOutputStream:75 - [STDERR_REDIRECT] 
2026-05-09 00:27:28,004 [ERROR] LogOutputStream:75 - [STDERR_REDIRECT] [Fatal Error] :1:1: Premature end of file.
2026-05-09 00:27:28,004 [ERROR] LogOutputStream:75 - [STDERR_REDIRECT] 
2026-05-09 00:27:29,007 [ERROR] LogOutputStream:75 - [STDERR_REDIRECT] [Fatal Error] :1:1: Premature end of file.
2026-05-09 00:27:29,007 [ERROR] LogOutputStream:75 - [STDERR_REDIRECT] 
2026-05-09 00:27:30,001 [ERROR] LogOutputStream:75 - [STDERR_REDIRECT] [Fatal Error] :1:1: Premature end of file.
2026-05-09 00:27:30,001 [ERROR] LogOutputStream:75 - [STDERR_REDIRECT] 
2026-05-09 00:27:31,011 [ERROR] LogOutputStream:75 - [STDERR_REDIRECT] [Fatal Error] :1:1: Premature end of file.
2026-05-09 00:27:31,011 [ERROR] LogOutputStream:75 - [STDERR_REDIRECT] 
2026-05-09 00:27:32,004 [ERROR] LogOutputStream:75 - [STDERR_REDIRECT] [Fatal Error] :1:1: Premature end of file.
2026-05-09 00:27:32,004 [ERROR] LogOutputStream:75 - [STDERR_REDIRECT] 
2026-05-09 00:27:33,003 [ERROR] LogOutputStream:75 - [STDERR_REDIRECT] [Fatal Error] :1:1: Premature end of file.
2026-05-09 00:27:33,003 [ERROR] LogOutputStream:75 - [STDERR_REDIRECT] 
2026-05-09 00:27:33,986 [ERROR] LogOutputStream:75 - [STDERR_REDIRECT] [Fatal Error] :1:1: Premature end of file.
2026-05-09 00:27:33,986 [ERROR] LogOutputStream:75 - [STDERR_REDIRECT] 
2026-05-09 00:27:35,017 [ERROR] LogOutputStream:75 - [STDERR_REDIRECT] [Fatal Error] :1:1: Premature end of file.
2026-05-09 00:27:35,017 [ERROR] LogOutputStream:75 - [STDERR_REDIRECT] 
2026-05-09 00:27:36,005 [ERROR] LogOutputStream:75 - [STDERR_REDIRECT] [Fatal Error] :1:1: Premature end of file.
2026-05-09 00:27:36,006 [ERROR] LogOutputStream:75 - [STDERR_REDIRECT] 
2026-05-09 00:27:36,999 [ERROR] LogOutputStream:75 - [STDERR_REDIRECT] [Fatal Error] :1:1: Premature end of file.
2026-05-09 00:27:36,999 [ERROR] LogOutputStream:75 - [STDERR_REDIRECT] 
2026-05-09 00:27:38,003 [ERROR] LogOutputStream:75 - [STDERR_REDIRECT] [Fatal Error] :1:1: Premature end of file.
2026-05-09 00:27:38,003 [ERROR] LogOutputStream:75 - [STDERR_REDIRECT] 
2026-05-09 00:27:38,996 [ERROR] LogOutputStream:75 - [STDERR_REDIRECT] [Fatal Error] :1:1: Premature end of file.
2026-05-09 00:27:38,996 [ERROR] LogOutputStream:75 - [STDERR_REDIRECT] 
2026-05-09 00:27:40,005 [ERROR] LogOutputStream:75 - [STDERR_REDIRECT] [Fatal Error] :1:1: Premature end of file.
2026-05-09 00:27:40,005 [ERROR] LogOutputStream:75 - [STDERR_REDIRECT] 
2026-05-09 00:27:41,010 [ERROR] LogOutputStream:75 - [STDERR_REDIRECT] [Fatal Error] :1:1: Premature end of file.
2026-05-09 00:27:41,013 [ERROR] LogOutputStream:75 - [STDERR_REDIRECT] 
2026-05-09 00:27:41,995 [ERROR] LogOutputStream:75 - [STDERR_REDIRECT] [Fatal Error] :1:1: Premature end of file.
2026-05-09 00:27:41,995 [ERROR] LogOutputStream:75 - [STDERR_REDIRECT] 
2026-05-09 00:27:43,010 [ERROR] LogOutputStream:75 - [STDERR_REDIRECT] [Fatal Error] :1:1: Premature end of file.
2026-05-09 00:27:43,010 [ERROR] LogOutputStream:75 - [STDERR_REDIRECT] 
2026-05-09 00:27:44,000 [ERROR] LogOutputStream:75 - [STDERR_REDIRECT] [Fatal Error] :1:1: Premature end of file.
2026-05-09 00:27:44,000 [ERROR] LogOutputStream:75 - [STDERR_REDIRECT] 
2026-05-09 00:27:45,006 [ERROR] LogOutputStream:75 - [STDERR_REDIRECT] [Fatal Error] :1:1: Premature end of file.
2026-05-09 00:27:45,006 [ERROR] LogOutputStream:75 - [STDERR_REDIRECT] 
2026-05-09 00:27:46,004 [ERROR] LogOutputStream:75 - [STDERR_REDIRECT] [Fatal Error] :1:1: Premature end of file.
2026-05-09 00:27:46,004 [ERROR] LogOutputStream:75 - [STDERR_REDIRECT] 
2026-05-09 00:27:47,008 [ERROR] LogOutputStream:75 - [STDERR_REDIRECT] [Fatal Error] :1:1: Premature end of file.
2026-05-09 00:27:47,008 [ERROR] LogOutputStream:75 - [STDERR_REDIRECT] 
2026-05-09 00:27:47,986 [ERROR] LogOutputStream:75 - [STDERR_REDIRECT] [Fatal Error] :1:1: Premature end of file.
2026-05-09 00:27:48,000 [ERROR] LogOutputStream:75 - [STDERR_REDIRECT] 
2026-05-09 00:27:49,004 [ERROR] LogOutputStream:75 - [STDERR_REDIRECT] [Fatal Error] :1:1: Premature end of file.
2026-05-09 00:27:49,004 [ERROR] LogOutputStream:75 - [STDERR_REDIRECT] 
2026-05-09 00:27:50,004 [ERROR] LogOutputStream:75 - [STDERR_REDIRECT] [Fatal Error] :1:1: Premature end of file.
2026-05-09 00:27:50,004 [ERROR] LogOutputStream:75 - [STDERR_REDIRECT] 
2026-05-09 00:27:50,996 [ERROR] LogOutputStream:75 - [STDERR_REDIRECT] [Fatal Error] :1:1: Premature end of file.
2026-05-09 00:27:50,996 [ERROR] LogOutputStream:75 - [STDERR_REDIRECT] 
2026-05-09 00:27:52,009 [ERROR] LogOutputStream:75 - [STDERR_REDIRECT] [Fatal Error] :1:1: Premature end of file.
2026-05-09 00:27:52,009 [ERROR] LogOutputStream:75 - [STDERR_REDIRECT] 
2026-05-09 00:27:53,003 [ERROR] LogOutputStream:75 - [STDERR_REDIRECT] [Fatal Error] :1:1: Premature end of file.
2026-05-09 00:27:53,003 [ERROR] LogOutputStream:75 - [STDERR_REDIRECT] 
2026-05-09 00:27:53,999 [ERROR] LogOutputStream:75 - [STDERR_REDIRECT] [Fatal Error] :1:1: Premature end of file.
2026-05-09 00:27:53,999 [ERROR] LogOutputStream:75 - [STDERR_REDIRECT] 
2026-05-09 00:27:55,010 [ERROR] LogOutputStream:75 - [STDERR_REDIRECT] [Fatal Error] :1:1: Premature end of file.
2026-05-09 00:27:55,010 [ERROR] LogOutputStream:75 - [STDERR_REDIRECT] 
2026-05-09 00:27:56,003 [ERROR] LogOutputStream:75 - [STDERR_REDIRECT] [Fatal Error] :1:1: Premature end of file.
2026-05-09 00:27:56,003 [ERROR] LogOutputStream:75 - [STDERR_REDIRECT] 
2026-05-09 00:27:57,006 [ERROR] LogOutputStream:75 - [STDERR_REDIRECT] [Fatal Error] :1:1: Premature end of file.
2026-05-09 00:27:57,006 [ERROR] LogOutputStream:75 - [STDERR_REDIRECT] 
2026-05-09 00:27:58,011 [ERROR] LogOutputStream:75 - [STDERR_REDIRECT] [Fatal Error] :1:1: Premature end of file.
2026-05-09 00:27:58,011 [ERROR] LogOutputStream:75 - [STDERR_REDIRECT] 
2026-05-09 00:27:59,006 [ERROR] LogOutputStream:75 - [STDERR_REDIRECT] [Fatal Error] :1:1: Premature end of file.
2026-05-09 00:27:59,013 [ERROR] LogOutputStream:75 - [STDERR_REDIRECT] 
2026-05-09 00:28:00,012 [ERROR] LogOutputStream:75 - [STDERR_REDIRECT] [Fatal Error] :1:1: Premature end of file.
2026-05-09 00:28:00,012 [ERROR] LogOutputStream:75 - [STDERR_REDIRECT] 
2026-05-09 00:28:00,996 [ERROR] LogOutputStream:75 - [STDERR_REDIRECT] [Fatal Error] :1:1: Premature end of file.
2026-05-09 00:28:00,996 [ERROR] LogOutputStream:75 - [STDERR_REDIRECT] 
2026-05-09 00:28:01,999 [ERROR] LogOutputStream:75 - [STDERR_REDIRECT] [Fatal Error] :1:1: Premature end of file.
2026-05-09 00:28:01,999 [ERROR] LogOutputStream:75 - [STDERR_REDIRECT] 
2026-05-09 00:28:03,007 [ERROR] LogOutputStream:75 - [STDERR_REDIRECT] [Fatal Error] :1:1: Premature end of file.
2026-05-09 00:28:03,007 [ERROR] LogOutputStream:75 - [STDERR_REDIRECT] 
2026-05-09 00:28:04,003 [ERROR] LogOutputStream:75 - [STDERR_REDIRECT] [Fatal Error] :1:1: Premature end of file.
2026-05-09 00:28:04,003 [ERROR] LogOutputStream:75 - [STDERR_REDIRECT] 
2026-05-09 00:28:05,001 [ERROR] LogOutputStream:75 - [STDERR_REDIRECT] [Fatal Error] :1:1: Premature end of file.
2026-05-09 00:28:05,001 [ERROR] LogOutputStream:75 - [STDERR_REDIRECT] 
2026-05-09 00:28:06,006 [ERROR] LogOutputStream:75 - [STDERR_REDIRECT] [Fatal Error] :1:1: Premature end of file.
2026-05-09 00:28:06,006 [ERROR] LogOutputStream:75 - [STDERR_REDIRECT] 
2026-05-09 00:28:07,000 [ERROR] LogOutputStream:75 - [STDERR_REDIRECT] [Fatal Error] :1:1: Premature end of file.
2026-05-09 00:28:07,002 [ERROR] LogOutputStream:75 - [STDERR_REDIRECT] 
2026-05-09 00:28:08,007 [ERROR] LogOutputStream:75 - [STDERR_REDIRECT] [Fatal Error] :1:1: Premature end of file.
2026-05-09 00:28:08,007 [ERROR] LogOutputStream:75 - [STDERR_REDIRECT] 
2026-05-09 00:28:09,007 [ERROR] LogOutputStream:75 - [STDERR_REDIRECT] [Fatal Error] :1:1: Premature end of file.
2026-05-09 00:28:09,007 [ERROR] LogOutputStream:75 - [STDERR_REDIRECT] 
2026-05-09 00:28:10,007 [ERROR] LogOutputStream:75 - [STDERR_REDIRECT] [Fatal Error] :1:1: Premature end of file.
2026-05-09 00:28:10,007 [ERROR] LogOutputStream:75 - [STDERR_REDIRECT] 
2026-05-09 00:28:11,010 [ERROR] LogOutputStream:75 - [STDERR_REDIRECT] [Fatal Error] :1:1: Premature end of file.
2026-05-09 00:28:11,010 [ERROR] LogOutputStream:75 - [STDERR_REDIRECT] 
2026-05-09 00:28:12,010 [ERROR] LogOutputStream:75 - [STDERR_REDIRECT] [Fatal Error] :1:1: Premature end of file.
2026-05-09 00:28:12,010 [ERROR] LogOutputStream:75 - [STDERR_REDIRECT] 
2026-05-09 00:28:13,002 [ERROR] LogOutputStream:75 - [STDERR_REDIRECT] [Fatal Error] :1:1: Premature end of file.
2026-05-09 00:28:13,002 [ERROR] LogOutputStream:75 - [STDERR_REDIRECT] 
2026-05-09 00:28:14,011 [ERROR] LogOutputStream:75 - [STDERR_REDIRECT] [Fatal Error] :1:1: Premature end of file.
2026-05-09 00:28:14,011 [ERROR] LogOutputStream:75 - [STDERR_REDIRECT] 
2026-05-09 00:28:14,997 [ERROR] LogOutputStream:75 - [STDERR_REDIRECT] [Fatal Error] :1:1: Premature end of file.
2026-05-09 00:28:14,997 [ERROR] LogOutputStream:75 - [STDERR_REDIRECT] 
2026-05-09 00:28:16,009 [ERROR] LogOutputStream:75 - [STDERR_REDIRECT] [Fatal Error] :1:1: Premature end of file.
2026-05-09 00:28:16,009 [ERROR] LogOutputStream:75 - [STDERR_REDIRECT] 
2026-05-09 00:28:17,004 [ERROR] LogOutputStream:75 - [STDERR_REDIRECT] [Fatal Error] :1:1: Premature end of file.
2026-05-09 00:28:17,004 [ERROR] LogOutputStream:75 - [STDERR_REDIRECT] 
2026-05-09 00:28:18,010 [ERROR] LogOutputStream:75 - [STDERR_REDIRECT] [Fatal Error] :1:1: Premature end of file.
2026-05-09 00:28:18,010 [ERROR] LogOutputStream:75 - [STDERR_REDIRECT] 
2026-05-09 00:28:19,003 [ERROR] LogOutputStream:75 - [STDERR_REDIRECT] [Fatal Error] :1:1: Premature end of file.
2026-05-09 00:28:19,003 [ERROR] LogOutputStream:75 - [STDERR_REDIRECT] 
2026-05-09 00:28:20,008 [ERROR] LogOutputStream:75 - [STDERR_REDIRECT] [Fatal Error] :1:1: Premature end of file.
2026-05-09 00:28:20,008 [ERROR] LogOutputStream:75 - [STDERR_REDIRECT] 
2026-05-09 00:28:21,009 [ERROR] LogOutputStream:75 - [STDERR_REDIRECT] [Fatal Error] :1:1: Premature end of file.
2026-05-09 00:28:21,009 [ERROR] LogOutputStream:75 - [STDERR_REDIRECT] 
2026-05-09 00:28:22,001 [ERROR] LogOutputStream:75 - [STDERR_REDIRECT] [Fatal Error] :1:1: Premature end of file.
2026-05-09 00:28:22,001 [ERROR] LogOutputStream:75 - [STDERR_REDIRECT] 
2026-05-09 00:28:23,002 [ERROR] LogOutputStream:75 - [STDERR_REDIRECT] [Fatal Error] :1:1: Premature end of file.
2026-05-09 00:28:23,002 [ERROR] LogOutputStream:75 - [STDERR_REDIRECT] 
2026-05-09 00:28:24,011 [ERROR] LogOutputStream:75 - [STDERR_REDIRECT] [Fatal Error] :1:1: Premature end of file.
2026-05-09 00:28:24,011 [ERROR] LogOutputStream:75 - [STDERR_REDIRECT] 
2026-05-09 00:28:25,008 [ERROR] LogOutputStream:75 - [STDERR_REDIRECT] [Fatal Error] :1:1: Premature end of file.
2026-05-09 00:28:25,008 [ERROR] LogOutputStream:75 - [STDERR_REDIRECT] 
2026-05-09 00:28:25,998 [ERROR] LogOutputStream:75 - [STDERR_REDIRECT] [Fatal Error] :1:1: Premature end of file.
2026-05-09 00:28:25,998 [ERROR] LogOutputStream:75 - [STDERR_REDIRECT] 
2026-05-09 00:28:27,001 [ERROR] LogOutputStream:75 - [STDERR_REDIRECT] [Fatal Error] :1:1: Premature end of file.
2026-05-09 00:28:27,001 [ERROR] LogOutputStream:75 - [STDERR_REDIRECT] 
2026-05-09 00:28:27,986 [ERROR] LogOutputStream:75 - [STDERR_REDIRECT] [Fatal Error] :1:1: Premature end of file.
2026-05-09 00:28:27,986 [ERROR] LogOutputStream:75 - [STDERR_REDIRECT] 
2026-05-09 00:28:29,006 [ERROR] LogOutputStream:75 - [STDERR_REDIRECT] [Fatal Error] :1:1: Premature end of file.
2026-05-09 00:28:29,006 [ERROR] LogOutputStream:75 - [STDERR_REDIRECT] 
2026-05-09 00:28:30,009 [ERROR] LogOutputStream:75 - [STDERR_REDIRECT] [Fatal Error] :1:1: Premature end of file.
2026-05-09 00:28:30,009 [ERROR] LogOutputStream:75 - [STDERR_REDIRECT] 
2026-05-09 00:28:31,011 [ERROR] LogOutputStream:75 - [STDERR_REDIRECT] [Fatal Error] :1:1: Premature end of file.
2026-05-09 00:28:31,011 [ERROR] LogOutputStream:75 - [STDERR_REDIRECT] 
2026-05-09 00:28:32,004 [ERROR] LogOutputStream:75 - [STDERR_REDIRECT] [Fatal Error] :1:1: Premature end of file.
2026-05-09 00:28:32,004 [ERROR] LogOutputStream:75 - [STDERR_REDIRECT] 
2026-05-09 00:28:32,997 [ERROR] LogOutputStream:75 - [STDERR_REDIRECT] [Fatal Error] :1:1: Premature end of file.
2026-05-09 00:28:32,997 [ERROR] LogOutputStream:75 - [STDERR_REDIRECT] 
2026-05-09 00:28:34,007 [ERROR] LogOutputStream:75 - [STDERR_REDIRECT] [Fatal Error] :1:1: Premature end of file.
2026-05-09 00:28:34,007 [ERROR] LogOutputStream:75 - [STDERR_REDIRECT] 
2026-05-09 00:28:35,000 [ERROR] LogOutputStream:75 - [STDERR_REDIRECT] [Fatal Error] :1:1: Premature end of file.
2026-05-09 00:28:35,000 [ERROR] LogOutputStream:75 - [STDERR_REDIRECT] 
2026-05-09 00:28:36,003 [ERROR] LogOutputStream:75 - [STDERR_REDIRECT] [Fatal Error] :1:1: Premature end of file.
2026-05-09 00:28:36,003 [ERROR] LogOutputStream:75 - [STDERR_REDIRECT] 
2026-05-09 00:28:37,011 [ERROR] LogOutputStream:75 - [STDERR_REDIRECT] [Fatal Error] :1:1: Premature end of file.
2026-05-09 00:28:37,011 [ERROR] LogOutputStream:75 - [STDERR_REDIRECT] 
2026-05-09 00:28:38,001 [ERROR] LogOutputStream:75 - [STDERR_REDIRECT] [Fatal Error] :1:1: Premature end of file.
2026-05-09 00:28:38,001 [ERROR] LogOutputStream:75 - [STDERR_REDIRECT] 
2026-05-09 00:28:39,000 [ERROR] LogOutputStream:75 - [STDERR_REDIRECT] [Fatal Error] :1:1: Premature end of file.
2026-05-09 00:28:39,000 [ERROR] LogOutputStream:75 - [STDERR_REDIRECT] 
2026-05-09 00:28:40,010 [ERROR] LogOutputStream:75 - [STDERR_REDIRECT] [Fatal Error] :1:1: Premature end of file.
2026-05-09 00:28:40,010 [ERROR] LogOutputStream:75 - [STDERR_REDIRECT] 
2026-05-09 00:28:41,020 [ERROR] LogOutputStream:75 - [STDERR_REDIRECT] [Fatal Error] :1:1: Premature end of file.
2026-05-09 00:28:41,020 [ERROR] LogOutputStream:75 - [STDERR_REDIRECT] 
2026-05-09 00:28:42,005 [ERROR] LogOutputStream:75 - [STDERR_REDIRECT] [Fatal Error] :1:1: Premature end of file.
2026-05-09 00:28:42,005 [ERROR] LogOutputStream:75 - [STDERR_REDIRECT] 
2026-05-09 00:28:43,003 [ERROR] LogOutputStream:75 - [STDERR_REDIRECT] [Fatal Error] :1:1: Premature end of file.
2026-05-09 00:28:43,003 [ERROR] LogOutputStream:75 - [STDERR_REDIRECT] 
2026-05-09 00:28:44,011 [ERROR] LogOutputStream:75 - [STDERR_REDIRECT] [Fatal Error] :1:1: Premature end of file.
2026-05-09 00:28:44,011 [ERROR] LogOutputStream:75 - [STDERR_REDIRECT] 
2026-05-09 00:28:45,002 [ERROR] LogOutputStream:75 - [STDERR_REDIRECT] [Fatal Error] :1:1: Premature end of file.
2026-05-09 00:28:45,002 [ERROR] LogOutputStream:75 - [STDERR_REDIRECT] 
2026-05-09 00:28:46,007 [ERROR] LogOutputStream:75 - [STDERR_REDIRECT] [Fatal Error] :1:1: Premature end of file.
2026-05-09 00:28:46,007 [ERROR] LogOutputStream:75 - [STDERR_REDIRECT] 
2026-05-09 00:28:47,004 [ERROR] LogOutputStream:75 - [STDERR_REDIRECT] [Fatal Error] :1:1: Premature end of file.
2026-05-09 00:28:47,004 [ERROR] LogOutputStream:75 - [STDERR_REDIRECT] 
2026-05-09 00:28:47,980 [ERROR] LogOutputStream:75 - [STDERR_REDIRECT] [Fatal Error] :1:1: Premature end of file.
2026-05-09 00:28:47,980 [ERROR] LogOutputStream:75 - [STDERR_REDIRECT] 
2026-05-09 00:28:48,999 [ERROR] LogOutputStream:75 - [STDERR_REDIRECT] [Fatal Error] :1:1: Premature end of file.
2026-05-09 00:28:48,999 [ERROR] LogOutputStream:75 - [STDERR_REDIRECT] 
2026-05-09 00:28:50,011 [ERROR] LogOutputStream:75 - [STDERR_REDIRECT] [Fatal Error] :1:1: Premature end of file.
2026-05-09 00:28:50,011 [ERROR] LogOutputStream:75 - [STDERR_REDIRECT] 
2026-05-09 00:28:50,996 [ERROR] LogOutputStream:75 - [STDERR_REDIRECT] [Fatal Error] :1:1: Premature end of file.
2026-05-09 00:28:50,996 [ERROR] LogOutputStream:75 - [STDERR_REDIRECT] 
2026-05-09 00:28:52,005 [ERROR] LogOutputStream:75 - [STDERR_REDIRECT] [Fatal Error] :1:1: Premature end of file.
2026-05-09 00:28:52,005 [ERROR] LogOutputStream:75 - [STDERR_REDIRECT] 
2026-05-09 00:28:53,001 [ERROR] LogOutputStream:75 - [STDERR_REDIRECT] [Fatal Error] :1:1: Premature end of file.
2026-05-09 00:28:53,001 [ERROR] LogOutputStream:75 - [STDERR_REDIRECT] 
2026-05-09 00:28:54,002 [ERROR] LogOutputStream:75 - [STDERR_REDIRECT] [Fatal Error] :1:1: Premature end of file.
2026-05-09 00:28:54,002 [ERROR] LogOutputStream:75 - [STDERR_REDIRECT] 
2026-05-09 00:28:54,997 [ERROR] LogOutputStream:75 - [STDERR_REDIRECT] [Fatal Error] :1:1: Premature end of file.
2026-05-09 00:28:54,997 [ERROR] LogOutputStream:75 - [STDERR_REDIRECT] 
2026-05-09 00:28:56,003 [ERROR] LogOutputStream:75 - [STDERR_REDIRECT] [Fatal Error] :1:1: Premature end of file.
2026-05-09 00:28:56,003 [ERROR] LogOutputStream:75 - [STDERR_REDIRECT] 
2026-05-09 00:28:57,012 [ERROR] LogOutputStream:75 - [STDERR_REDIRECT] [Fatal Error] :1:1: Premature end of file.
2026-05-09 00:28:57,012 [ERROR] LogOutputStream:75 - [STDERR_REDIRECT] 
2026-05-09 00:28:58,004 [ERROR] LogOutputStream:75 - [STDERR_REDIRECT] [Fatal Error] :1:1: Premature end of file.
2026-05-09 00:28:58,004 [ERROR] LogOutputStream:75 - [STDERR_REDIRECT] 
2026-05-09 00:28:59,010 [ERROR] LogOutputStream:75 - [STDERR_REDIRECT] [Fatal Error] :1:1: Premature end of file.
2026-05-09 00:28:59,010 [ERROR] LogOutputStream:75 - [STDERR_REDIRECT] 
2026-05-09 00:29:00,001 [ERROR] LogOutputStream:75 - [STDERR_REDIRECT] [Fatal Error] :1:1: Premature end of file.
2026-05-09 00:29:00,001 [ERROR] LogOutputStream:75 - [STDERR_REDIRECT] 
2026-05-09 00:29:01,005 [ERROR] LogOutputStream:75 - [STDERR_REDIRECT] [Fatal Error] :1:1: Premature end of file.
2026-05-09 00:29:01,005 [ERROR] LogOutputStream:75 - [STDERR_REDIRECT] 
2026-05-09 00:29:02,012 [ERROR] LogOutputStream:75 - [STDERR_REDIRECT] [Fatal Error] :1:1: Premature end of file.
2026-05-09 00:29:02,012 [ERROR] LogOutputStream:75 - [STDERR_REDIRECT] 
2026-05-09 00:29:03,000 [ERROR] LogOutputStream:75 - [STDERR_REDIRECT] [Fatal Error] :1:1: Premature end of file.
2026-05-09 00:29:03,000 [ERROR] LogOutputStream:75 - [STDERR_REDIRECT] 
2026-05-09 00:29:04,012 [ERROR] LogOutputStream:75 - [STDERR_REDIRECT] [Fatal Error] :1:1: Premature end of file.
2026-05-09 00:29:04,012 [ERROR] LogOutputStream:75 - [STDERR_REDIRECT] 
2026-05-09 00:29:05,002 [ERROR] LogOutputStream:75 - [STDERR_REDIRECT] [Fatal Error] :1:1: Premature end of file.
2026-05-09 00:29:05,002 [ERROR] LogOutputStream:75 - [STDERR_REDIRECT] 
2026-05-09 00:29:06,015 [ERROR] LogOutputStream:75 - [STDERR_REDIRECT] [Fatal Error] :1:1: Premature end of file.
2026-05-09 00:29:06,015 [ERROR] LogOutputStream:75 - [STDERR_REDIRECT] 
2026-05-09 00:29:07,009 [ERROR] LogOutputStream:75 - [STDERR_REDIRECT] [Fatal Error] :1:1: Premature end of file.
2026-05-09 00:29:07,009 [ERROR] LogOutputStream:75 - [STDERR_REDIRECT] 
2026-05-09 00:29:08,003 [ERROR] LogOutputStream:75 - [STDERR_REDIRECT] [Fatal Error] :1:1: Premature end of file.
2026-05-09 00:29:08,003 [ERROR] LogOutputStream:75 - [STDERR_REDIRECT] 
2026-05-09 00:29:08,996 [ERROR] LogOutputStream:75 - [STDERR_REDIRECT] [Fatal Error] :1:1: Premature end of file.
2026-05-09 00:29:08,996 [ERROR] LogOutputStream:75 - [STDERR_REDIRECT] 
2026-05-09 00:29:10,006 [ERROR] LogOutputStream:75 - [STDERR_REDIRECT] [Fatal Error] :1:1: Premature end of file.
2026-05-09 00:29:10,006 [ERROR] LogOutputStream:75 - [STDERR_REDIRECT] 
2026-05-09 00:29:10,999 [ERROR] LogOutputStream:75 - [STDERR_REDIRECT] [Fatal Error] :1:1: Premature end of file.
2026-05-09 00:29:10,999 [ERROR] LogOutputStream:75 - [STDERR_REDIRECT] 
2026-05-09 00:29:12,004 [ERROR] LogOutputStream:75 - [STDERR_REDIRECT] [Fatal Error] :1:1: Premature end of file.
2026-05-09 00:29:12,004 [ERROR] LogOutputStream:75 - [STDERR_REDIRECT] 
2026-05-09 00:29:12,993 [ERROR] LogOutputStream:75 - [STDERR_REDIRECT] [Fatal Error] :1:1: Premature end of file.
2026-05-09 00:29:12,993 [ERROR] LogOutputStream:75 - [STDERR_REDIRECT] 
2026-05-09 00:29:14,005 [ERROR] LogOutputStream:75 - [STDERR_REDIRECT] [Fatal Error] :1:1: Premature end of file.
2026-05-09 00:29:14,005 [ERROR] LogOutputStream:75 - [STDERR_REDIRECT] 
2026-05-09 00:29:15,000 [ERROR] LogOutputStream:75 - [STDERR_REDIRECT] [Fatal Error] :1:1: Premature end of file.
2026-05-09 00:29:15,000 [ERROR] LogOutputStream:75 - [STDERR_REDIRECT] 
2026-05-09 00:29:16,005 [ERROR] LogOutputStream:75 - [STDERR_REDIRECT] [Fatal Error] :1:1: Premature end of file.
2026-05-09 00:29:16,005 [ERROR] LogOutputStream:75 - [STDERR_REDIRECT] 
2026-05-09 00:29:17,001 [ERROR] LogOutputStream:75 - [STDERR_REDIRECT] [Fatal Error] :1:1: Premature end of file.
2026-05-09 00:29:17,001 [ERROR] LogOutputStream:75 - [STDERR_REDIRECT] 
2026-05-09 00:29:18,009 [ERROR] LogOutputStream:75 - [STDERR_REDIRECT] [Fatal Error] :1:1: Premature end of file.
2026-05-09 00:29:18,009 [ERROR] LogOutputStream:75 - [STDERR_REDIRECT] 
2026-05-09 00:29:19,010 [ERROR] LogOutputStream:75 - [STDERR_REDIRECT] [Fatal Error] :1:1: Premature end of file.
2026-05-09 00:29:19,010 [ERROR] LogOutputStream:75 - [STDERR_REDIRECT] 
2026-05-09 00:29:20,015 [ERROR] LogOutputStream:75 - [STDERR_REDIRECT] [Fatal Error] :1:1: Premature end of file.
2026-05-09 00:29:20,015 [ERROR] LogOutputStream:75 - [STDERR_REDIRECT] 
2026-05-09 00:29:20,994 [ERROR] LogOutputStream:75 - [STDERR_REDIRECT] [Fatal Error] :1:1: Premature end of file.
2026-05-09 00:29:20,994 [ERROR] LogOutputStream:75 - [STDERR_REDIRECT] 
2026-05-09 00:29:22,004 [ERROR] LogOutputStream:75 - [STDERR_REDIRECT] [Fatal Error] :1:1: Premature end of file.
2026-05-09 00:29:22,004 [ERROR] LogOutputStream:75 - [STDERR_REDIRECT] 
2026-05-09 00:29:23,014 [ERROR] LogOutputStream:75 - [STDERR_REDIRECT] [Fatal Error] :1:1: Premature end of file.
2026-05-09 00:29:23,014 [ERROR] LogOutputStream:75 - [STDERR_REDIRECT] 
2026-05-09 00:29:24,003 [ERROR] LogOutputStream:75 - [STDERR_REDIRECT] [Fatal Error] :1:1: Premature end of file.
2026-05-09 00:29:24,003 [ERROR] LogOutputStream:75 - [STDERR_REDIRECT] 
2026-05-09 00:29:25,011 [ERROR] LogOutputStream:75 - [STDERR_REDIRECT] [Fatal Error] :1:1: Premature end of file.
2026-05-09 00:29:25,011 [ERROR] LogOutputStream:75 - [STDERR_REDIRECT] 
2026-05-09 00:29:26,005 [ERROR] LogOutputStream:75 - [STDERR_REDIRECT] [Fatal Error] :1:1: Premature end of file.
2026-05-09 00:29:26,005 [ERROR] LogOutputStream:75 - [STDERR_REDIRECT] 
2026-05-09 00:29:26,996 [ERROR] LogOutputStream:75 - [STDERR_REDIRECT] [Fatal Error] :1:1: Premature end of file.
2026-05-09 00:29:26,996 [ERROR] LogOutputStream:75 - [STDERR_REDIRECT] 
2026-05-09 00:29:28,019 [ERROR] LogOutputStream:75 - [STDERR_REDIRECT] [Fatal Error] :1:1: Premature end of file.
2026-05-09 00:29:28,019 [ERROR] LogOutputStream:75 - [STDERR_REDIRECT] 
2026-05-09 00:29:29,004 [ERROR] LogOutputStream:75 - [STDERR_REDIRECT] [Fatal Error] :1:1: Premature end of file.
2026-05-09 00:29:29,004 [ERROR] LogOutputStream:75 - [STDERR_REDIRECT] 
2026-05-09 00:29:29,988 [ERROR] LogOutputStream:75 - [STDERR_REDIRECT] [Fatal Error] :1:1: Premature end of file.
2026-05-09 00:29:29,988 [ERROR] LogOutputStream:75 - [STDERR_REDIRECT] 
2026-05-09 00:29:30,997 [ERROR] LogOutputStream:75 - [STDERR_REDIRECT] [Fatal Error] :1:1: Premature end of file.
2026-05-09 00:29:30,997 [ERROR] LogOutputStream:75 - [STDERR_REDIRECT] 
2026-05-09 00:29:32,019 [ERROR] LogOutputStream:75 - [STDERR_REDIRECT] [Fatal Error] :1:1: Premature end of file.
2026-05-09 00:29:32,019 [ERROR] LogOutputStream:75 - [STDERR_REDIRECT] 
2026-05-09 00:29:32,997 [ERROR] LogOutputStream:75 - [STDERR_REDIRECT] [Fatal Error] :1:1: Premature end of file.
2026-05-09 00:29:32,997 [ERROR] LogOutputStream:75 - [STDERR_REDIRECT] 
2026-05-09 00:29:33,987 [ERROR] LogOutputStream:75 - [STDERR_REDIRECT] [Fatal Error] :1:1: Premature end of file.
2026-05-09 00:29:33,987 [ERROR] LogOutputStream:75 - [STDERR_REDIRECT] 
2026-05-09 00:29:35,010 [ERROR] LogOutputStream:75 - [STDERR_REDIRECT] [Fatal Error] :1:1: Premature end of file.
2026-05-09 00:29:35,010 [ERROR] LogOutputStream:75 - [STDERR_REDIRECT] 
2026-05-09 00:29:36,003 [ERROR] LogOutputStream:75 - [STDERR_REDIRECT] [Fatal Error] :1:1: Premature end of file.
2026-05-09 00:29:36,003 [ERROR] LogOutputStream:75 - [STDERR_REDIRECT] 
2026-05-09 00:29:36,993 [ERROR] LogOutputStream:75 - [STDERR_REDIRECT] [Fatal Error] :1:1: Premature end of file.
2026-05-09 00:29:36,993 [ERROR] LogOutputStream:75 - [STDERR_REDIRECT] 
2026-05-09 00:29:38,004 [ERROR] LogOutputStream:75 - [STDERR_REDIRECT] [Fatal Error] :1:1: Premature end of file.
2026-05-09 00:29:38,004 [ERROR] LogOutputStream:75 - [STDERR_REDIRECT] 
2026-05-09 00:29:39,010 [ERROR] LogOutputStream:75 - [STDERR_REDIRECT] [Fatal Error] :1:1: Premature end of file.
2026-05-09 00:29:39,010 [ERROR] LogOutputStream:75 - [STDERR_REDIRECT] 
2026-05-09 00:29:39,984 [ERROR] LogOutputStream:75 - [STDERR_REDIRECT] [Fatal Error] :1:1: Premature end of file.
2026-05-09 00:29:39,984 [ERROR] LogOutputStream:75 - [STDERR_REDIRECT] 
2026-05-09 00:29:40,994 [ERROR] LogOutputStream:75 - [STDERR_REDIRECT] [Fatal Error] :1:1: Premature end of file.
2026-05-09 00:29:40,994 [ERROR] LogOutputStream:75 - [STDERR_REDIRECT] 
2026-05-09 00:29:42,005 [ERROR] LogOutputStream:75 - [STDERR_REDIRECT] [Fatal Error] :1:1: Premature end of file.
2026-05-09 00:29:42,005 [ERROR] LogOutputStream:75 - [STDERR_REDIRECT] 
2026-05-09 00:29:43,006 [ERROR] LogOutputStream:75 - [STDERR_REDIRECT] [Fatal Error] :1:1: Premature end of file.
2026-05-09 00:29:43,006 [ERROR] LogOutputStream:75 - [STDERR_REDIRECT] 
2026-05-09 00:29:43,987 [ERROR] LogOutputStream:75 - [STDERR_REDIRECT] [Fatal Error] :1:1: Premature end of file.
2026-05-09 00:29:43,987 [ERROR] LogOutputStream:75 - [STDERR_REDIRECT] 
2026-05-09 00:29:44,997 [ERROR] LogOutputStream:75 - [STDERR_REDIRECT] [Fatal Error] :1:1: Premature end of file.
2026-05-09 00:29:44,997 [ERROR] LogOutputStream:75 - [STDERR_REDIRECT] 
2026-05-09 00:29:46,007 [ERROR] LogOutputStream:75 - [STDERR_REDIRECT] [Fatal Error] :1:1: Premature end of file.
2026-05-09 00:29:46,007 [ERROR] LogOutputStream:75 - [STDERR_REDIRECT] 
2026-05-09 00:29:46,995 [ERROR] LogOutputStream:75 - [STDERR_REDIRECT] [Fatal Error] :1:1: Premature end of file.
2026-05-09 00:29:46,995 [ERROR] LogOutputStream:75 - [STDERR_REDIRECT] 
2026-05-09 00:29:47,998 [ERROR] LogOutputStream:75 - [STDERR_REDIRECT] [Fatal Error] :1:1: Premature end of file.
2026-05-09 00:29:47,998 [ERROR] LogOutputStream:75 - [STDERR_REDIRECT] 
2026-05-09 00:29:48,988 [ERROR] LogOutputStream:75 - [STDERR_REDIRECT] [Fatal Error] :1:1: Premature end of file.
2026-05-09 00:29:48,988 [ERROR] LogOutputStream:75 - [STDERR_REDIRECT] 
2026-05-09 00:29:49,995 [ERROR] LogOutputStream:75 - [STDERR_REDIRECT] [Fatal Error] :1:1: Premature end of file.
2026-05-09 00:29:49,995 [ERROR] LogOutputStream:75 - [STDERR_REDIRECT] 
2026-05-09 00:29:50,994 [ERROR] LogOutputStream:75 - [STDERR_REDIRECT] [Fatal Error] :1:1: Premature end of file.
2026-05-09 00:29:50,994 [ERROR] LogOutputStream:75 - [STDERR_REDIRECT] 
2026-05-09 00:29:52,011 [ERROR] LogOutputStream:75 - [STDERR_REDIRECT] [Fatal Error] :1:1: Premature end of file.
2026-05-09 00:29:52,011 [ERROR] LogOutputStream:75 - [STDERR_REDIRECT] 
2026-05-09 00:29:52,997 [ERROR] LogOutputStream:75 - [STDERR_REDIRECT] [Fatal Error] :1:1: Premature end of file.
2026-05-09 00:29:52,997 [ERROR] LogOutputStream:75 - [STDERR_REDIRECT] 
2026-05-09 00:29:53,996 [ERROR] LogOutputStream:75 - [STDERR_REDIRECT] [Fatal Error] :1:1: Premature end of file.
2026-05-09 00:29:53,996 [ERROR] LogOutputStream:75 - [STDERR_REDIRECT] 
2026-05-09 00:29:54,987 [ERROR] LogOutputStream:75 - [STDERR_REDIRECT] [Fatal Error] :1:1: Premature end of file.
2026-05-09 00:29:54,987 [ERROR] LogOutputStream:75 - [STDERR_REDIRECT] 
2026-05-09 00:29:56,018 [ERROR] LogOutputStream:75 - [STDERR_REDIRECT] [Fatal Error] :1:1: Premature end of file.
2026-05-09 00:29:56,018 [ERROR] LogOutputStream:75 - [STDERR_REDIRECT] 
2026-05-09 00:29:56,993 [ERROR] LogOutputStream:75 - [STDERR_REDIRECT] [Fatal Error] :1:1: Premature end of file.
2026-05-09 00:29:56,993 [ERROR] LogOutputStream:75 - [STDERR_REDIRECT] 
2026-05-09 00:29:57,996 [ERROR] LogOutputStream:75 - [STDERR_REDIRECT] [Fatal Error] :1:1: Premature end of file.
2026-05-09 00:29:57,996 [ERROR] LogOutputStream:75 - [STDERR_REDIRECT] 
2026-05-09 00:29:58,981 [ERROR] LogOutputStream:75 - [STDERR_REDIRECT] [Fatal Error] :1:1: Premature end of file.
2026-05-09 00:29:58,981 [ERROR] LogOutputStream:75 - [STDERR_REDIRECT] 
2026-05-09 00:30:00,001 [ERROR] LogOutputStream:75 - [STDERR_REDIRECT] [Fatal Error] :1:1: Premature end of file.
2026-05-09 00:30:00,001 [ERROR] LogOutputStream:75 - [STDERR_REDIRECT] 
2026-05-09 00:30:01,002 [ERROR] LogOutputStream:75 - [STDERR_REDIRECT] [Fatal Error] :1:1: Premature end of file.
2026-05-09 00:30:01,002 [ERROR] LogOutputStream:75 - [STDERR_REDIRECT] 
2026-05-09 00:30:01,993 [ERROR] LogOutputStream:75 - [STDERR_REDIRECT] [Fatal Error] :1:1: Premature end of file.
2026-05-09 00:30:01,993 [ERROR] LogOutputStream:75 - [STDERR_REDIRECT] 
2026-05-09 00:30:03,002 [ERROR] LogOutputStream:75 - [STDERR_REDIRECT] [Fatal Error] :1:1: Premature end of file.
2026-05-09 00:30:03,002 [ERROR] LogOutputStream:75 - [STDERR_REDIRECT] 
2026-05-09 00:30:03,986 [ERROR] LogOutputStream:75 - [STDERR_REDIRECT] [Fatal Error] :1:1: Premature end of file.
2026-05-09 00:30:03,986 [ERROR] LogOutputStream:75 - [STDERR_REDIRECT] 
2026-05-09 00:30:04,998 [ERROR] LogOutputStream:75 - [STDERR_REDIRECT] [Fatal Error] :1:1: Premature end of file.
2026-05-09 00:30:04,998 [ERROR] LogOutputStream:75 - [STDERR_REDIRECT] 
2026-05-09 00:30:06,002 [ERROR] LogOutputStream:75 - [STDERR_REDIRECT] [Fatal Error] :1:1: Premature end of file.
2026-05-09 00:30:06,002 [ERROR] LogOutputStream:75 - [STDERR_REDIRECT] 
2026-05-09 00:30:06,985 [ERROR] LogOutputStream:75 - [STDERR_REDIRECT] [Fatal Error] :1:1: Premature end of file.
2026-05-09 00:30:06,985 [ERROR] LogOutputStream:75 - [STDERR_REDIRECT] 
2026-05-09 00:30:07,994 [ERROR] LogOutputStream:75 - [STDERR_REDIRECT] [Fatal Error] :1:1: Premature end of file.
2026-05-09 00:30:07,994 [ERROR] LogOutputStream:75 - [STDERR_REDIRECT] 
2026-05-09 00:30:08,988 [ERROR] LogOutputStream:75 - [STDERR_REDIRECT] [Fatal Error] :1:1: Premature end of file.
2026-05-09 00:30:08,988 [ERROR] LogOutputStream:75 - [STDERR_REDIRECT] 
2026-05-09 00:30:09,996 [ERROR] LogOutputStream:75 - [STDERR_REDIRECT] [Fatal Error] :1:1: Premature end of file.
2026-05-09 00:30:09,996 [ERROR] LogOutputStream:75 - [STDERR_REDIRECT] 
2026-05-09 00:30:11,006 [ERROR] LogOutputStream:75 - [STDERR_REDIRECT] [Fatal Error] :1:1: Premature end of file.
2026-05-09 00:30:11,006 [ERROR] LogOutputStream:75 - [STDERR_REDIRECT] 
2026-05-09 00:30:11,998 [ERROR] LogOutputStream:75 - [STDERR_REDIRECT] [Fatal Error] :1:1: Premature end of file.
2026-05-09 00:30:11,998 [ERROR] LogOutputStream:75 - [STDERR_REDIRECT] 
2026-05-09 00:30:12,999 [ERROR] LogOutputStream:75 - [STDERR_REDIRECT] [Fatal Error] :1:1: Premature end of file.
2026-05-09 00:30:12,999 [ERROR] LogOutputStream:75 - [STDERR_REDIRECT] 
2026-05-09 00:30:14,004 [ERROR] LogOutputStream:75 - [STDERR_REDIRECT] [Fatal Error] :1:1: Premature end of file.
2026-05-09 00:30:14,004 [ERROR] LogOutputStream:75 - [STDERR_REDIRECT] 
2026-05-09 00:30:15,013 [ERROR] LogOutputStream:75 - [STDERR_REDIRECT] [Fatal Error] :1:1: Premature end of file.
2026-05-09 00:30:15,013 [ERROR] LogOutputStream:75 - [STDERR_REDIRECT] 
2026-05-09 00:30:16,005 [ERROR] LogOutputStream:75 - [STDERR_REDIRECT] [Fatal Error] :1:1: Premature end of file.
2026-05-09 00:30:16,005 [ERROR] LogOutputStream:75 - [STDERR_REDIRECT] 
2026-05-09 00:30:17,000 [ERROR] LogOutputStream:75 - [STDERR_REDIRECT] [Fatal Error] :1:1: Premature end of file.
2026-05-09 00:30:17,000 [ERROR] LogOutputStream:75 - [STDERR_REDIRECT] 
2026-05-09 00:30:17,996 [ERROR] LogOutputStream:75 - [STDERR_REDIRECT] [Fatal Error] :1:1: Premature end of file.
2026-05-09 00:30:17,996 [ERROR] LogOutputStream:75 - [STDERR_REDIRECT] 
2026-05-09 00:30:19,005 [ERROR] LogOutputStream:75 - [STDERR_REDIRECT] [Fatal Error] :1:1: Premature end of file.
2026-05-09 00:30:19,005 [ERROR] LogOutputStream:75 - [STDERR_REDIRECT] 
2026-05-09 00:30:20,004 [ERROR] LogOutputStream:75 - [STDERR_REDIRECT] [Fatal Error] :1:1: Premature end of file.
2026-05-09 00:30:20,004 [ERROR] LogOutputStream:75 - [STDERR_REDIRECT] 
2026-05-09 00:30:21,009 [ERROR] LogOutputStream:75 - [STDERR_REDIRECT] [Fatal Error] :1:1: Premature end of file.
2026-05-09 00:30:21,009 [ERROR] LogOutputStream:75 - [STDERR_REDIRECT] 
2026-05-09 00:30:21,990 [ERROR] LogOutputStream:75 - [STDERR_REDIRECT] [Fatal Error] :1:1: Premature end of file.
2026-05-09 00:30:21,990 [ERROR] LogOutputStream:75 - [STDERR_REDIRECT] 
2026-05-09 00:30:22,982 [ERROR] LogOutputStream:75 - [STDERR_REDIRECT] [Fatal Error] :1:1: Premature end of file.
2026-05-09 00:30:22,982 [ERROR] LogOutputStream:75 - [STDERR_REDIRECT] 
2026-05-09 00:30:23,986 [ERROR] LogOutputStream:75 - [STDERR_REDIRECT] [Fatal Error] :1:1: Premature end of file.
2026-05-09 00:30:23,986 [ERROR] LogOutputStream:75 - [STDERR_REDIRECT] 
2026-05-09 00:30:24,995 [ERROR] LogOutputStream:75 - [STDERR_REDIRECT] [Fatal Error] :1:1: Premature end of file.
2026-05-09 00:30:24,995 [ERROR] LogOutputStream:75 - [STDERR_REDIRECT] 
2026-05-09 00:30:26,004 [ERROR] LogOutputStream:75 - [STDERR_REDIRECT] [Fatal Error] :1:1: Premature end of file.
2026-05-09 00:30:26,004 [ERROR] LogOutputStream:75 - [STDERR_REDIRECT] 
2026-05-09 00:30:26,985 [ERROR] LogOutputStream:75 - [STDERR_REDIRECT] [Fatal Error] :1:1: Premature end of file.
2026-05-09 00:30:26,985 [ERROR] LogOutputStream:75 - [STDERR_REDIRECT] 
2026-05-09 00:30:28,003 [ERROR] LogOutputStream:75 - [STDERR_REDIRECT] [Fatal Error] :1:1: Premature end of file.
2026-05-09 00:30:28,003 [ERROR] LogOutputStream:75 - [STDERR_REDIRECT] 
2026-05-09 00:30:28,999 [ERROR] LogOutputStream:75 - [STDERR_REDIRECT] [Fatal Error] :1:1: Premature end of file.
2026-05-09 00:30:28,999 [ERROR] LogOutputStream:75 - [STDERR_REDIRECT] 
2026-05-09 00:30:30,006 [ERROR] LogOutputStream:75 - [STDERR_REDIRECT] [Fatal Error] :1:1: Premature end of file.
2026-05-09 00:30:30,006 [ERROR] LogOutputStream:75 - [STDERR_REDIRECT] 
2026-05-09 00:30:31,011 [ERROR] LogOutputStream:75 - [STDERR_REDIRECT] [Fatal Error] :1:1: Premature end of file.
2026-05-09 00:30:31,011 [ERROR] LogOutputStream:75 - [STDERR_REDIRECT] 
2026-05-09 00:30:31,999 [ERROR] LogOutputStream:75 - [STDERR_REDIRECT] [Fatal Error] :1:1: Premature end of file.
2026-05-09 00:30:31,999 [ERROR] LogOutputStream:75 - [STDERR_REDIRECT] 
2026-05-09 00:30:33,009 [ERROR] LogOutputStream:75 - [STDERR_REDIRECT] [Fatal Error] :1:1: Premature end of file.
2026-05-09 00:30:33,009 [ERROR] LogOutputStream:75 - [STDERR_REDIRECT] 
2026-05-09 00:30:34,002 [ERROR] LogOutputStream:75 - [STDERR_REDIRECT] [Fatal Error] :1:1: Premature end of file.
2026-05-09 00:30:34,002 [ERROR] LogOutputStream:75 - [STDERR_REDIRECT] 
2026-05-09 00:30:35,009 [ERROR] LogOutputStream:75 - [STDERR_REDIRECT] [Fatal Error] :1:1: Premature end of file.
2026-05-09 00:30:35,009 [ERROR] LogOutputStream:75 - [STDERR_REDIRECT] 
2026-05-09 00:30:36,013 [ERROR] LogOutputStream:75 - [STDERR_REDIRECT] [Fatal Error] :1:1: Premature end of file.
2026-05-09 00:30:36,013 [ERROR] LogOutputStream:75 - [STDERR_REDIRECT] 
2026-05-09 00:30:36,998 [ERROR] LogOutputStream:75 - [STDERR_REDIRECT] [Fatal Error] :1:1: Premature end of file.
2026-05-09 00:30:36,998 [ERROR] LogOutputStream:75 - [STDERR_REDIRECT] 
2026-05-09 00:30:38,006 [ERROR] LogOutputStream:75 - [STDERR_REDIRECT] [Fatal Error] :1:1: Premature end of file.
2026-05-09 00:30:38,006 [ERROR] LogOutputStream:75 - [STDERR_REDIRECT] 
2026-05-09 00:30:39,009 [ERROR] LogOutputStream:75 - [STDERR_REDIRECT] [Fatal Error] :1:1: Premature end of file.
2026-05-09 00:30:39,009 [ERROR] LogOutputStream:75 - [STDERR_REDIRECT] 
2026-05-09 00:30:39,998 [ERROR] LogOutputStream:75 - [STDERR_REDIRECT] [Fatal Error] :1:1: Premature end of file.
2026-05-09 00:30:39,998 [ERROR] LogOutputStream:75 - [STDERR_REDIRECT] 
2026-05-09 00:30:41,008 [ERROR] LogOutputStream:75 - [STDERR_REDIRECT] [Fatal Error] :1:1: Premature end of file.
2026-05-09 00:30:41,008 [ERROR] LogOutputStream:75 - [STDERR_REDIRECT] 
2026-05-09 00:30:42,003 [ERROR] LogOutputStream:75 - [STDERR_REDIRECT] [Fatal Error] :1:1: Premature end of file.
2026-05-09 00:30:42,003 [ERROR] LogOutputStream:75 - [STDERR_REDIRECT] 
2026-05-09 00:30:43,006 [ERROR] LogOutputStream:75 - [STDERR_REDIRECT] [Fatal Error] :1:1: Premature end of file.
2026-05-09 00:30:43,006 [ERROR] LogOutputStream:75 - [STDERR_REDIRECT] 
2026-05-09 00:30:43,987 [ERROR] LogOutputStream:75 - [STDERR_REDIRECT] [Fatal Error] :1:1: Premature end of file.
2026-05-09 00:30:43,987 [ERROR] LogOutputStream:75 - [STDERR_REDIRECT] 
2026-05-09 00:30:44,997 [ERROR] LogOutputStream:75 - [STDERR_REDIRECT] [Fatal Error] :1:1: Premature end of file.
2026-05-09 00:30:44,997 [ERROR] LogOutputStream:75 - [STDERR_REDIRECT] 
2026-05-09 00:30:46,001 [ERROR] LogOutputStream:75 - [STDERR_REDIRECT] [Fatal Error] :1:1: Premature end of file.
2026-05-09 00:30:46,001 [ERROR] LogOutputStream:75 - [STDERR_REDIRECT] 
2026-05-09 00:30:47,000 [ERROR] LogOutputStream:75 - [STDERR_REDIRECT] [Fatal Error] :1:1: Premature end of file.
2026-05-09 00:30:47,000 [ERROR] LogOutputStream:75 - [STDERR_REDIRECT] 
2026-05-09 00:30:48,004 [ERROR] LogOutputStream:75 - [STDERR_REDIRECT] [Fatal Error] :1:1: Premature end of file.
2026-05-09 00:30:48,004 [ERROR] LogOutputStream:75 - [STDERR_REDIRECT] 
2026-05-09 00:30:48,996 [ERROR] LogOutputStream:75 - [STDERR_REDIRECT] [Fatal Error] :1:1: Premature end of file.
2026-05-09 00:30:48,996 [ERROR] LogOutputStream:75 - [STDERR_REDIRECT] 
2026-05-09 00:30:50,008 [ERROR] LogOutputStream:75 - [STDERR_REDIRECT] [Fatal Error] :1:1: Premature end of file.
2026-05-09 00:30:50,008 [ERROR] LogOutputStream:75 - [STDERR_REDIRECT] 
2026-05-09 00:30:51,010 [ERROR] LogOutputStream:75 - [STDERR_REDIRECT] [Fatal Error] :1:1: Premature end of file.
2026-05-09 00:30:51,010 [ERROR] LogOutputStream:75 - [STDERR_REDIRECT] 
2026-05-09 00:30:52,003 [ERROR] LogOutputStream:75 - [STDERR_REDIRECT] [Fatal Error] :1:1: Premature end of file.
2026-05-09 00:30:52,003 [ERROR] LogOutputStream:75 - [STDERR_REDIRECT] 
2026-05-09 00:30:53,010 [ERROR] LogOutputStream:75 - [STDERR_REDIRECT] [Fatal Error] :1:1: Premature end of file.
2026-05-09 00:30:53,010 [ERROR] LogOutputStream:75 - [STDERR_REDIRECT] 
2026-05-09 00:30:53,999 [ERROR] LogOutputStream:75 - [STDERR_REDIRECT] [Fatal Error] :1:1: Premature end of file.
2026-05-09 00:30:53,999 [ERROR] LogOutputStream:75 - [STDERR_REDIRECT] 
2026-05-09 00:30:55,003 [ERROR] LogOutputStream:75 - [STDERR_REDIRECT] [Fatal Error] :1:1: Premature end of file.
2026-05-09 00:30:55,003 [ERROR] LogOutputStream:75 - [STDERR_REDIRECT] 
2026-05-09 00:30:56,013 [ERROR] LogOutputStream:75 - [STDERR_REDIRECT] [Fatal Error] :1:1: Premature end of file.
2026-05-09 00:30:56,013 [ERROR] LogOutputStream:75 - [STDERR_REDIRECT] 
2026-05-09 00:30:57,004 [ERROR] LogOutputStream:75 - [STDERR_REDIRECT] [Fatal Error] :1:1: Premature end of file.
2026-05-09 00:30:57,004 [ERROR] LogOutputStream:75 - [STDERR_REDIRECT] 
2026-05-09 00:30:58,009 [ERROR] LogOutputStream:75 - [STDERR_REDIRECT] [Fatal Error] :1:1: Premature end of file.
2026-05-09 00:30:58,009 [ERROR] LogOutputStream:75 - [STDERR_REDIRECT] 
2026-05-09 00:30:59,000 [ERROR] LogOutputStream:75 - [STDERR_REDIRECT] [Fatal Error] :1:1: Premature end of file.
2026-05-09 00:30:59,000 [ERROR] LogOutputStream:75 - [STDERR_REDIRECT] 
2026-05-09 00:31:00,007 [ERROR] LogOutputStream:75 - [STDERR_REDIRECT] [Fatal Error] :1:1: Premature end of file.
2026-05-09 00:31:00,007 [ERROR] LogOutputStream:75 - [STDERR_REDIRECT] 
2026-05-09 00:31:01,005 [ERROR] LogOutputStream:75 - [STDERR_REDIRECT] [Fatal Error] :1:1: Premature end of file.
2026-05-09 00:31:01,005 [ERROR] LogOutputStream:75 - [STDERR_REDIRECT] 
2026-05-09 00:31:02,010 [ERROR] LogOutputStream:75 - [STDERR_REDIRECT] [Fatal Error] :1:1: Premature end of file.
2026-05-09 00:31:02,010 [ERROR] LogOutputStream:75 - [STDERR_REDIRECT] 
2026-05-09 00:31:03,001 [ERROR] LogOutputStream:75 - [STDERR_REDIRECT] [Fatal Error] :1:1: Premature end of file.
2026-05-09 00:31:03,001 [ERROR] LogOutputStream:75 - [STDERR_REDIRECT] 
2026-05-09 00:31:04,008 [ERROR] LogOutputStream:75 - [STDERR_REDIRECT] [Fatal Error] :1:1: Premature end of file.
2026-05-09 00:31:04,008 [ERROR] LogOutputStream:75 - [STDERR_REDIRECT] 
2026-05-09 00:31:05,009 [ERROR] LogOutputStream:75 - [STDERR_REDIRECT] [Fatal Error] :1:1: Premature end of file.
2026-05-09 00:31:05,009 [ERROR] LogOutputStream:75 - [STDERR_REDIRECT] 
2026-05-09 00:31:06,002 [ERROR] LogOutputStream:75 - [STDERR_REDIRECT] [Fatal Error] :1:1: Premature end of file.
2026-05-09 00:31:06,002 [ERROR] LogOutputStream:75 - [STDERR_REDIRECT] 
2026-05-09 00:31:07,015 [ERROR] LogOutputStream:75 - [STDERR_REDIRECT] [Fatal Error] :1:1: Premature end of file.
2026-05-09 00:31:07,015 [ERROR] LogOutputStream:75 - [STDERR_REDIRECT] 
2026-05-09 00:31:07,993 [ERROR] LogOutputStream:75 - [STDERR_REDIRECT] [Fatal Error] :1:1: Premature end of file.
2026-05-09 00:31:07,993 [ERROR] LogOutputStream:75 - [STDERR_REDIRECT] 
2026-05-09 00:31:09,003 [ERROR] LogOutputStream:75 - [STDERR_REDIRECT] [Fatal Error] :1:1: Premature end of file.
2026-05-09 00:31:09,003 [ERROR] LogOutputStream:75 - [STDERR_REDIRECT] 
2026-05-09 00:31:10,005 [ERROR] LogOutputStream:75 - [STDERR_REDIRECT] [Fatal Error] :1:1: Premature end of file.
2026-05-09 00:31:10,005 [ERROR] LogOutputStream:75 - [STDERR_REDIRECT] 
2026-05-09 00:31:10,999 [ERROR] LogOutputStream:75 - [STDERR_REDIRECT] [Fatal Error] :1:1: Premature end of file.
2026-05-09 00:31:10,999 [ERROR] LogOutputStream:75 - [STDERR_REDIRECT] 
2026-05-09 00:31:12,004 [ERROR] LogOutputStream:75 - [STDERR_REDIRECT] [Fatal Error] :1:1: Premature end of file.
2026-05-09 00:31:12,004 [ERROR] LogOutputStream:75 - [STDERR_REDIRECT] 
2026-05-09 00:31:12,994 [ERROR] LogOutputStream:75 - [STDERR_REDIRECT] [Fatal Error] :1:1: Premature end of file.
2026-05-09 00:31:12,994 [ERROR] LogOutputStream:75 - [STDERR_REDIRECT] 
2026-05-09 00:31:14,004 [ERROR] LogOutputStream:75 - [STDERR_REDIRECT] [Fatal Error] :1:1: Premature end of file.
2026-05-09 00:31:14,004 [ERROR] LogOutputStream:75 - [STDERR_REDIRECT] 
2026-05-09 00:31:15,001 [ERROR] LogOutputStream:75 - [STDERR_REDIRECT] [Fatal Error] :1:1: Premature end of file.
2026-05-09 00:31:15,001 [ERROR] LogOutputStream:75 - [STDERR_REDIRECT] 
2026-05-09 00:31:16,008 [ERROR] LogOutputStream:75 - [STDERR_REDIRECT] [Fatal Error] :1:1: Premature end of file.
2026-05-09 00:31:16,008 [ERROR] LogOutputStream:75 - [STDERR_REDIRECT] 
2026-05-09 00:31:17,008 [ERROR] LogOutputStream:75 - [STDERR_REDIRECT] [Fatal Error] :1:1: Premature end of file.
2026-05-09 00:31:17,008 [ERROR] LogOutputStream:75 - [STDERR_REDIRECT] 
2026-05-09 00:31:17,999 [ERROR] LogOutputStream:75 - [STDERR_REDIRECT] [Fatal Error] :1:1: Premature end of file.
2026-05-09 00:31:17,999 [ERROR] LogOutputStream:75 - [STDERR_REDIRECT] 
2026-05-09 00:31:19,006 [ERROR] LogOutputStream:75 - [STDERR_REDIRECT] [Fatal Error] :1:1: Premature end of file.
2026-05-09 00:31:19,006 [ERROR] LogOutputStream:75 - [STDERR_REDIRECT] 
2026-05-09 00:31:20,003 [ERROR] LogOutputStream:75 - [STDERR_REDIRECT] [Fatal Error] :1:1: Premature end of file.
2026-05-09 00:31:20,003 [ERROR] LogOutputStream:75 - [STDERR_REDIRECT] 
2026-05-09 00:31:21,007 [ERROR] LogOutputStream:75 - [STDERR_REDIRECT] [Fatal Error] :1:1: Premature end of file.
2026-05-09 00:31:21,007 [ERROR] LogOutputStream:75 - [STDERR_REDIRECT] 
2026-05-09 00:31:22,012 [ERROR] LogOutputStream:75 - [STDERR_REDIRECT] [Fatal Error] :1:1: Premature end of file.
2026-05-09 00:31:22,012 [ERROR] LogOutputStream:75 - [STDERR_REDIRECT] 
2026-05-09 00:31:23,010 [ERROR] LogOutputStream:75 - [STDERR_REDIRECT] [Fatal Error] :1:1: Premature end of file.
2026-05-09 00:31:23,010 [ERROR] LogOutputStream:75 - [STDERR_REDIRECT] 
2026-05-09 00:31:23,981 [ERROR] LogOutputStream:75 - [STDERR_REDIRECT] [Fatal Error] :1:1: Premature end of file.
2026-05-09 00:31:23,981 [ERROR] LogOutputStream:75 - [STDERR_REDIRECT] 
2026-05-09 00:31:25,013 [ERROR] LogOutputStream:75 - [STDERR_REDIRECT] [Fatal Error] :1:1: Premature end of file.
2026-05-09 00:31:25,013 [ERROR] LogOutputStream:75 - [STDERR_REDIRECT] 
2026-05-09 00:31:25,997 [ERROR] LogOutputStream:75 - [STDERR_REDIRECT] [Fatal Error] :1:1: Premature end of file.
2026-05-09 00:31:25,997 [ERROR] LogOutputStream:75 - [STDERR_REDIRECT] 
2026-05-09 00:31:27,011 [ERROR] LogOutputStream:75 - [STDERR_REDIRECT] [Fatal Error] :1:1: Premature end of file.
2026-05-09 00:31:27,011 [ERROR] LogOutputStream:75 - [STDERR_REDIRECT] 
2026-05-09 00:31:27,998 [ERROR] LogOutputStream:75 - [STDERR_REDIRECT] [Fatal Error] :1:1: Premature end of file.
2026-05-09 00:31:27,998 [ERROR] LogOutputStream:75 - [STDERR_REDIRECT] 
2026-05-09 00:31:29,013 [ERROR] LogOutputStream:75 - [STDERR_REDIRECT] [Fatal Error] :1:1: Premature end of file.
2026-05-09 00:31:29,013 [ERROR] LogOutputStream:75 - [STDERR_REDIRECT] 
2026-05-09 00:31:29,983 [ERROR] LogOutputStream:75 - [STDERR_REDIRECT] [Fatal Error] :1:1: Premature end of file.
2026-05-09 00:31:29,983 [ERROR] LogOutputStream:75 - [STDERR_REDIRECT] 
2026-05-09 00:31:31,004 [ERROR] LogOutputStream:75 - [STDERR_REDIRECT] [Fatal Error] :1:1: Premature end of file.
2026-05-09 00:31:31,004 [ERROR] LogOutputStream:75 - [STDERR_REDIRECT] 
2026-05-09 00:31:31,996 [ERROR] LogOutputStream:75 - [STDERR_REDIRECT] [Fatal Error] :1:1: Premature end of file.
2026-05-09 00:31:31,996 [ERROR] LogOutputStream:75 - [STDERR_REDIRECT] 
2026-05-09 00:31:33,007 [ERROR] LogOutputStream:75 - [STDERR_REDIRECT] [Fatal Error] :1:1: Premature end of file.
2026-05-09 00:31:33,007 [ERROR] LogOutputStream:75 - [STDERR_REDIRECT] 
2026-05-09 00:31:34,003 [ERROR] LogOutputStream:75 - [STDERR_REDIRECT] [Fatal Error] :1:1: Premature end of file.
2026-05-09 00:31:34,003 [ERROR] LogOutputStream:75 - [STDERR_REDIRECT] 
2026-05-09 00:31:34,992 [ERROR] LogOutputStream:75 - [STDERR_REDIRECT] [Fatal Error] :1:1: Premature end of file.
2026-05-09 00:31:34,992 [ERROR] LogOutputStream:75 - [STDERR_REDIRECT] 
2026-05-09 00:31:36,010 [ERROR] LogOutputStream:75 - [STDERR_REDIRECT] [Fatal Error] :1:1: Premature end of file.
2026-05-09 00:31:36,010 [ERROR] LogOutputStream:75 - [STDERR_REDIRECT] 
2026-05-09 00:31:37,004 [ERROR] LogOutputStream:75 - [STDERR_REDIRECT] [Fatal Error] :1:1: Premature end of file.
2026-05-09 00:31:37,004 [ERROR] LogOutputStream:75 - [STDERR_REDIRECT] 
2026-05-09 00:31:38,000 [ERROR] LogOutputStream:75 - [STDERR_REDIRECT] [Fatal Error] :1:1: Premature end of file.
2026-05-09 00:31:38,000 [ERROR] LogOutputStream:75 - [STDERR_REDIRECT] 
2026-05-09 00:31:39,006 [ERROR] LogOutputStream:75 - [STDERR_REDIRECT] [Fatal Error] :1:1: Premature end of file.
2026-05-09 00:31:39,006 [ERROR] LogOutputStream:75 - [STDERR_REDIRECT] 
2026-05-09 00:31:40,000 [ERROR] LogOutputStream:75 - [STDERR_REDIRECT] [Fatal Error] :1:1: Premature end of file.
2026-05-09 00:31:40,000 [ERROR] LogOutputStream:75 - [STDERR_REDIRECT] 
2026-05-09 00:31:40,997 [ERROR] LogOutputStream:75 - [STDERR_REDIRECT] [Fatal Error] :1:1: Premature end of file.
2026-05-09 00:31:40,997 [ERROR] LogOutputStream:75 - [STDERR_REDIRECT] 
2026-05-09 00:31:42,016 [ERROR] LogOutputStream:75 - [STDERR_REDIRECT] [Fatal Error] :1:1: Premature end of file.
2026-05-09 00:31:42,016 [ERROR] LogOutputStream:75 - [STDERR_REDIRECT] 
2026-05-09 00:31:42,998 [ERROR] LogOutputStream:75 - [STDERR_REDIRECT] [Fatal Error] :1:1: Premature end of file.
2026-05-09 00:31:42,998 [ERROR] LogOutputStream:75 - [STDERR_REDIRECT] 
2026-05-09 00:31:43,997 [ERROR] LogOutputStream:75 - [STDERR_REDIRECT] [Fatal Error] :1:1: Premature end of file.
2026-05-09 00:31:43,997 [ERROR] LogOutputStream:75 - [STDERR_REDIRECT] 
2026-05-09 00:31:44,999 [ERROR] LogOutputStream:75 - [STDERR_REDIRECT] [Fatal Error] :1:1: Premature end of file.
2026-05-09 00:31:44,999 [ERROR] LogOutputStream:75 - [STDERR_REDIRECT] 
2026-05-09 00:31:46,012 [ERROR] LogOutputStream:75 - [STDERR_REDIRECT] [Fatal Error] :1:1: Premature end of file.
2026-05-09 00:31:46,012 [ERROR] LogOutputStream:75 - [STDERR_REDIRECT] 
2026-05-09 00:31:47,001 [ERROR] LogOutputStream:75 - [STDERR_REDIRECT] [Fatal Error] :1:1: Premature end of file.
2026-05-09 00:31:47,001 [ERROR] LogOutputStream:75 - [STDERR_REDIRECT] 
2026-05-09 00:31:48,003 [ERROR] LogOutputStream:75 - [STDERR_REDIRECT] [Fatal Error] :1:1: Premature end of file.
2026-05-09 00:31:48,003 [ERROR] LogOutputStream:75 - [STDERR_REDIRECT] 
2026-05-09 00:31:49,011 [ERROR] LogOutputStream:75 - [STDERR_REDIRECT] [Fatal Error] :1:1: Premature end of file.
2026-05-09 00:31:49,011 [ERROR] LogOutputStream:75 - [STDERR_REDIRECT] 
2026-05-09 00:31:50,005 [ERROR] LogOutputStream:75 - [STDERR_REDIRECT] [Fatal Error] :1:1: Premature end of file.
2026-05-09 00:31:50,005 [ERROR] LogOutputStream:75 - [STDERR_REDIRECT] 
2026-05-09 00:31:51,011 [ERROR] LogOutputStream:75 - [STDERR_REDIRECT] [Fatal Error] :1:1: Premature end of file.
2026-05-09 00:31:51,011 [ERROR] LogOutputStream:75 - [STDERR_REDIRECT] 
2026-05-09 00:31:51,986 [ERROR] LogOutputStream:75 - [STDERR_REDIRECT] [Fatal Error] :1:1: Premature end of file.
2026-05-09 00:31:51,986 [ERROR] LogOutputStream:75 - [STDERR_REDIRECT] 
2026-05-09 00:31:53,010 [ERROR] LogOutputStream:75 - [STDERR_REDIRECT] [Fatal Error] :1:1: Premature end of file.
2026-05-09 00:31:53,010 [ERROR] LogOutputStream:75 - [STDERR_REDIRECT] 
2026-05-09 00:31:54,000 [ERROR] LogOutputStream:75 - [STDERR_REDIRECT] [Fatal Error] :1:1: Premature end of file.
2026-05-09 00:31:54,000 [ERROR] LogOutputStream:75 - [STDERR_REDIRECT] 
2026-05-09 00:31:55,008 [ERROR] LogOutputStream:75 - [STDERR_REDIRECT] [Fatal Error] :1:1: Premature end of file.
2026-05-09 00:31:55,008 [ERROR] LogOutputStream:75 - [STDERR_REDIRECT] 
2026-05-09 00:31:56,011 [ERROR] LogOutputStream:75 - [STDERR_REDIRECT] [Fatal Error] :1:1: Premature end of file.
2026-05-09 00:31:56,011 [ERROR] LogOutputStream:75 - [STDERR_REDIRECT] 
2026-05-09 00:31:57,008 [ERROR] LogOutputStream:75 - [STDERR_REDIRECT] [Fatal Error] :1:1: Premature end of file.
2026-05-09 00:31:57,008 [ERROR] LogOutputStream:75 - [STDERR_REDIRECT] 
2026-05-09 00:31:58,014 [ERROR] LogOutputStream:75 - [STDERR_REDIRECT] [Fatal Error] :1:1: Premature end of file.
2026-05-09 00:31:58,014 [ERROR] LogOutputStream:75 - [STDERR_REDIRECT] 
2026-05-09 00:31:59,006 [ERROR] LogOutputStream:75 - [STDERR_REDIRECT] [Fatal Error] :1:1: Premature end of file.
2026-05-09 00:31:59,006 [ERROR] LogOutputStream:75 - [STDERR_REDIRECT] 
2026-05-09 00:32:00,013 [ERROR] LogOutputStream:75 - [STDERR_REDIRECT] [Fatal Error] :1:1: Premature end of file.
2026-05-09 00:32:00,014 [ERROR] LogOutputStream:75 - [STDERR_REDIRECT] 
2026-05-09 00:32:00,998 [ERROR] LogOutputStream:75 - [STDERR_REDIRECT] [Fatal Error] :1:1: Premature end of file.
2026-05-09 00:32:00,998 [ERROR] LogOutputStream:75 - [STDERR_REDIRECT] 
2026-05-09 00:32:02,002 [ERROR] LogOutputStream:75 - [STDERR_REDIRECT] [Fatal Error] :1:1: Premature end of file.
2026-05-09 00:32:02,002 [ERROR] LogOutputStream:75 - [STDERR_REDIRECT] 
2026-05-09 00:32:03,014 [ERROR] LogOutputStream:75 - [STDERR_REDIRECT] [Fatal Error] :1:1: Premature end of file.
2026-05-09 00:32:03,014 [ERROR] LogOutputStream:75 - [STDERR_REDIRECT] 
2026-05-09 00:32:04,008 [ERROR] LogOutputStream:75 - [STDERR_REDIRECT] [Fatal Error] :1:1: Premature end of file.
2026-05-09 00:32:04,008 [ERROR] LogOutputStream:75 - [STDERR_REDIRECT] 
2026-05-09 00:32:04,999 [ERROR] LogOutputStream:75 - [STDERR_REDIRECT] [Fatal Error] :1:1: Premature end of file.
2026-05-09 00:32:04,999 [ERROR] LogOutputStream:75 - [STDERR_REDIRECT] 
2026-05-09 00:32:06,006 [ERROR] LogOutputStream:75 - [STDERR_REDIRECT] [Fatal Error] :1:1: Premature end of file.
2026-05-09 00:32:06,006 [ERROR] LogOutputStream:75 - [STDERR_REDIRECT] 
2026-05-09 00:32:06,996 [ERROR] LogOutputStream:75 - [STDERR_REDIRECT] [Fatal Error] :1:1: Premature end of file.
2026-05-09 00:32:06,996 [ERROR] LogOutputStream:75 - [STDERR_REDIRECT] 
2026-05-09 00:32:07,997 [ERROR] LogOutputStream:75 - [STDERR_REDIRECT] [Fatal Error] :1:1: Premature end of file.
2026-05-09 00:32:07,997 [ERROR] LogOutputStream:75 - [STDERR_REDIRECT] 
2026-05-09 00:32:08,987 [ERROR] LogOutputStream:75 - [STDERR_REDIRECT] [Fatal Error] :1:1: Premature end of file.
2026-05-09 00:32:08,987 [ERROR] LogOutputStream:75 - [STDERR_REDIRECT] 
2026-05-09 00:32:10,003 [ERROR] LogOutputStream:75 - [STDERR_REDIRECT] [Fatal Error] :1:1: Premature end of file.
2026-05-09 00:32:10,003 [ERROR] LogOutputStream:75 - [STDERR_REDIRECT] 
2026-05-09 00:32:10,995 [ERROR] LogOutputStream:75 - [STDERR_REDIRECT] [Fatal Error] :1:1: Premature end of file.
2026-05-09 00:32:10,995 [ERROR] LogOutputStream:75 - [STDERR_REDIRECT] 
2026-05-09 00:32:12,006 [ERROR] LogOutputStream:75 - [STDERR_REDIRECT] [Fatal Error] :1:1: Premature end of file.
2026-05-09 00:32:12,006 [ERROR] LogOutputStream:75 - [STDERR_REDIRECT] 
2026-05-09 00:32:13,016 [ERROR] LogOutputStream:75 - [STDERR_REDIRECT] [Fatal Error] :1:1: Premature end of file.
2026-05-09 00:32:13,016 [ERROR] LogOutputStream:75 - [STDERR_REDIRECT] 
2026-05-09 00:32:14,018 [ERROR] LogOutputStream:75 - [STDERR_REDIRECT] [Fatal Error] :1:1: Premature end of file.
2026-05-09 00:32:14,018 [ERROR] LogOutputStream:75 - [STDERR_REDIRECT] 
2026-05-09 00:32:14,983 [ERROR] LogOutputStream:75 - [STDERR_REDIRECT] [Fatal Error] :1:1: Premature end of file.
2026-05-09 00:32:14,983 [ERROR] LogOutputStream:75 - [STDERR_REDIRECT] 
2026-05-09 00:32:16,011 [ERROR] LogOutputStream:75 - [STDERR_REDIRECT] [Fatal Error] :1:1: Premature end of file.
2026-05-09 00:32:16,011 [ERROR] LogOutputStream:75 - [STDERR_REDIRECT] 
2026-05-09 00:32:16,998 [ERROR] LogOutputStream:75 - [STDERR_REDIRECT] [Fatal Error] :1:1: Premature end of file.
2026-05-09 00:32:16,998 [ERROR] LogOutputStream:75 - [STDERR_REDIRECT] 
2026-05-09 00:32:18,005 [ERROR] LogOutputStream:75 - [STDERR_REDIRECT] [Fatal Error] :1:1: Premature end of file.
2026-05-09 00:32:18,005 [ERROR] LogOutputStream:75 - [STDERR_REDIRECT] 
2026-05-09 00:32:19,012 [ERROR] LogOutputStream:75 - [STDERR_REDIRECT] [Fatal Error] :1:1: Premature end of file.
2026-05-09 00:32:19,012 [ERROR] LogOutputStream:75 - [STDERR_REDIRECT] 
2026-05-09 00:32:19,997 [ERROR] LogOutputStream:75 - [STDERR_REDIRECT] [Fatal Error] :1:1: Premature end of file.
2026-05-09 00:32:19,997 [ERROR] LogOutputStream:75 - [STDERR_REDIRECT] 
2026-05-09 00:32:21,008 [ERROR] LogOutputStream:75 - [STDERR_REDIRECT] [Fatal Error] :1:1: Premature end of file.
2026-05-09 00:32:21,008 [ERROR] LogOutputStream:75 - [STDERR_REDIRECT] 
2026-05-09 00:32:21,997 [ERROR] LogOutputStream:75 - [STDERR_REDIRECT] [Fatal Error] :1:1: Premature end of file.
2026-05-09 00:32:21,997 [ERROR] LogOutputStream:75 - [STDERR_REDIRECT] 
2026-05-09 00:32:22,986 [ERROR] LogOutputStream:75 - [STDERR_REDIRECT] [Fatal Error] :1:1: Premature end of file.
2026-05-09 00:32:23,002 [ERROR] LogOutputStream:75 - [STDERR_REDIRECT] 
2026-05-09 00:32:24,003 [ERROR] LogOutputStream:75 - [STDERR_REDIRECT] [Fatal Error] :1:1: Premature end of file.
2026-05-09 00:32:24,003 [ERROR] LogOutputStream:75 - [STDERR_REDIRECT] 
2026-05-09 00:32:25,009 [ERROR] LogOutputStream:75 - [STDERR_REDIRECT] [Fatal Error] :1:1: Premature end of file.
2026-05-09 00:32:25,009 [ERROR] LogOutputStream:75 - [STDERR_REDIRECT] 
2026-05-09 00:32:26,005 [ERROR] LogOutputStream:75 - [STDERR_REDIRECT] [Fatal Error] :1:1: Premature end of file.
2026-05-09 00:32:26,005 [ERROR] LogOutputStream:75 - [STDERR_REDIRECT] 
2026-05-09 00:32:27,000 [ERROR] LogOutputStream:75 - [STDERR_REDIRECT] [Fatal Error] :1:1: Premature end of file.
2026-05-09 00:32:27,000 [ERROR] LogOutputStream:75 - [STDERR_REDIRECT] 
2026-05-09 00:32:27,990 [ERROR] LogOutputStream:75 - [STDERR_REDIRECT] [Fatal Error] :1:1: Premature end of file.
2026-05-09 00:32:27,990 [ERROR] LogOutputStream:75 - [STDERR_REDIRECT] 
2026-05-09 00:32:28,998 [ERROR] LogOutputStream:75 - [STDERR_REDIRECT] [Fatal Error] :1:1: Premature end of file.
2026-05-09 00:32:28,998 [ERROR] LogOutputStream:75 - [STDERR_REDIRECT] 
2026-05-09 00:32:30,005 [ERROR] LogOutputStream:75 - [STDERR_REDIRECT] [Fatal Error] :1:1: Premature end of file.
2026-05-09 00:32:30,005 [ERROR] LogOutputStream:75 - [STDERR_REDIRECT] 
2026-05-09 00:32:31,001 [ERROR] LogOutputStream:75 - [STDERR_REDIRECT] [Fatal Error] :1:1: Premature end of file.
2026-05-09 00:32:31,001 [ERROR] LogOutputStream:75 - [STDERR_REDIRECT] 
2026-05-09 00:32:32,008 [ERROR] LogOutputStream:75 - [STDERR_REDIRECT] [Fatal Error] :1:1: Premature end of file.
2026-05-09 00:32:32,008 [ERROR] LogOutputStream:75 - [STDERR_REDIRECT] 
2026-05-09 00:32:33,007 [ERROR] LogOutputStream:75 - [STDERR_REDIRECT] [Fatal Error] :1:1: Premature end of file.
2026-05-09 00:32:33,007 [ERROR] LogOutputStream:75 - [STDERR_REDIRECT] 
2026-05-09 00:32:34,005 [ERROR] LogOutputStream:75 - [STDERR_REDIRECT] [Fatal Error] :1:1: Premature end of file.
2026-05-09 00:32:34,005 [ERROR] LogOutputStream:75 - [STDERR_REDIRECT] 
2026-05-09 00:32:35,006 [ERROR] LogOutputStream:75 - [STDERR_REDIRECT] [Fatal Error] :1:1: Premature end of file.
2026-05-09 00:32:35,006 [ERROR] LogOutputStream:75 - [STDERR_REDIRECT] 
2026-05-09 00:32:36,010 [ERROR] LogOutputStream:75 - [STDERR_REDIRECT] [Fatal Error] :1:1: Premature end of file.
2026-05-09 00:32:36,010 [ERROR] LogOutputStream:75 - [STDERR_REDIRECT] 
2026-05-09 00:32:36,999 [ERROR] LogOutputStream:75 - [STDERR_REDIRECT] [Fatal Error] :1:1: Premature end of file.
2026-05-09 00:32:36,999 [ERROR] LogOutputStream:75 - [STDERR_REDIRECT] 
2026-05-09 00:32:38,011 [ERROR] LogOutputStream:75 - [STDERR_REDIRECT] [Fatal Error] :1:1: Premature end of file.
2026-05-09 00:32:38,011 [ERROR] LogOutputStream:75 - [STDERR_REDIRECT] 
2026-05-09 00:32:39,006 [ERROR] LogOutputStream:75 - [STDERR_REDIRECT] [Fatal Error] :1:1: Premature end of file.
2026-05-09 00:32:39,006 [ERROR] LogOutputStream:75 - [STDERR_REDIRECT] 
2026-05-09 00:32:40,009 [ERROR] LogOutputStream:75 - [STDERR_REDIRECT] [Fatal Error] :1:1: Premature end of file.
2026-05-09 00:32:40,009 [ERROR] LogOutputStream:75 - [STDERR_REDIRECT] 
2026-05-09 00:32:41,011 [ERROR] LogOutputStream:75 - [STDERR_REDIRECT] [Fatal Error] :1:1: Premature end of file.
2026-05-09 00:32:41,011 [ERROR] LogOutputStream:75 - [STDERR_REDIRECT] 
2026-05-09 00:32:42,003 [ERROR] LogOutputStream:75 - [STDERR_REDIRECT] [Fatal Error] :1:1: Premature end of file.
2026-05-09 00:32:42,003 [ERROR] LogOutputStream:75 - [STDERR_REDIRECT] 
2026-05-09 00:32:43,015 [ERROR] LogOutputStream:75 - [STDERR_REDIRECT] [Fatal Error] :1:1: Premature end of file.
2026-05-09 00:32:43,015 [ERROR] LogOutputStream:75 - [STDERR_REDIRECT] 
2026-05-09 00:32:44,005 [ERROR] LogOutputStream:75 - [STDERR_REDIRECT] [Fatal Error] :1:1: Premature end of file.
2026-05-09 00:32:44,005 [ERROR] LogOutputStream:75 - [STDERR_REDIRECT] 
2026-05-09 00:32:45,012 [ERROR] LogOutputStream:75 - [STDERR_REDIRECT] [Fatal Error] :1:1: Premature end of file.
2026-05-09 00:32:45,012 [ERROR] LogOutputStream:75 - [STDERR_REDIRECT] 
2026-05-09 00:32:46,003 [ERROR] LogOutputStream:75 - [STDERR_REDIRECT] [Fatal Error] :1:1: Premature end of file.
2026-05-09 00:32:46,003 [ERROR] LogOutputStream:75 - [STDERR_REDIRECT] 
2026-05-09 00:32:47,008 [ERROR] LogOutputStream:75 - [STDERR_REDIRECT] [Fatal Error] :1:1: Premature end of file.
2026-05-09 00:32:47,008 [ERROR] LogOutputStream:75 - [STDERR_REDIRECT] 
2026-05-09 00:32:48,004 [ERROR] LogOutputStream:75 - [STDERR_REDIRECT] [Fatal Error] :1:1: Premature end of file.
2026-05-09 00:32:48,004 [ERROR] LogOutputStream:75 - [STDERR_REDIRECT] 
2026-05-09 00:32:49,008 [ERROR] LogOutputStream:75 - [STDERR_REDIRECT] [Fatal Error] :1:1: Premature end of file.
2026-05-09 00:32:49,008 [ERROR] LogOutputStream:75 - [STDERR_REDIRECT] 
2026-05-09 00:32:49,998 [ERROR] LogOutputStream:75 - [STDERR_REDIRECT] [Fatal Error] :1:1: Premature end of file.
2026-05-09 00:32:49,998 [ERROR] LogOutputStream:75 - [STDERR_REDIRECT] 
2026-05-09 00:32:51,010 [ERROR] LogOutputStream:75 - [STDERR_REDIRECT] [Fatal Error] :1:1: Premature end of file.
2026-05-09 00:32:51,010 [ERROR] LogOutputStream:75 - [STDERR_REDIRECT] 
2026-05-09 00:32:52,006 [ERROR] LogOutputStream:75 - [STDERR_REDIRECT] [Fatal Error] :1:1: Premature end of file.
2026-05-09 00:32:52,006 [ERROR] LogOutputStream:75 - [STDERR_REDIRECT] 
2026-05-09 00:32:52,997 [ERROR] LogOutputStream:75 - [STDERR_REDIRECT] [Fatal Error] :1:1: Premature end of file.
2026-05-09 00:32:52,997 [ERROR] LogOutputStream:75 - [STDERR_REDIRECT] 
2026-05-09 00:32:54,007 [ERROR] LogOutputStream:75 - [STDERR_REDIRECT] [Fatal Error] :1:1: Premature end of file.
2026-05-09 00:32:54,007 [ERROR] LogOutputStream:75 - [STDERR_REDIRECT] 
2026-05-09 00:32:54,980 [ERROR] LogOutputStream:75 - [STDERR_REDIRECT] [Fatal Error] :1:1: Premature end of file.
2026-05-09 00:32:54,980 [ERROR] LogOutputStream:75 - [STDERR_REDIRECT] 
2026-05-09 00:32:55,990 [ERROR] LogOutputStream:75 - [STDERR_REDIRECT] [Fatal Error] :1:1: Premature end of file.
2026-05-09 00:32:55,990 [ERROR] LogOutputStream:75 - [STDERR_REDIRECT] 
2026-05-09 00:32:57,010 [ERROR] LogOutputStream:75 - [STDERR_REDIRECT] [Fatal Error] :1:1: Premature end of file.
2026-05-09 00:32:57,010 [ERROR] LogOutputStream:75 - [STDERR_REDIRECT] 
2026-05-09 00:32:57,996 [ERROR] LogOutputStream:75 - [STDERR_REDIRECT] [Fatal Error] :1:1: Premature end of file.
2026-05-09 00:32:57,996 [ERROR] LogOutputStream:75 - [STDERR_REDIRECT] 
2026-05-09 00:32:59,001 [ERROR] LogOutputStream:75 - [STDERR_REDIRECT] [Fatal Error] :1:1: Premature end of file.
2026-05-09 00:32:59,001 [ERROR] LogOutputStream:75 - [STDERR_REDIRECT] 
2026-05-09 00:33:00,008 [ERROR] LogOutputStream:75 - [STDERR_REDIRECT] [Fatal Error] :1:1: Premature end of file.
2026-05-09 00:33:00,008 [ERROR] LogOutputStream:75 - [STDERR_REDIRECT] 
2026-05-09 00:33:01,013 [ERROR] LogOutputStream:75 - [STDERR_REDIRECT] [Fatal Error] :1:1: Premature end of file.
2026-05-09 00:33:01,013 [ERROR] LogOutputStream:75 - [STDERR_REDIRECT] 
2026-05-09 00:33:02,001 [ERROR] LogOutputStream:75 - [STDERR_REDIRECT] [Fatal Error] :1:1: Premature end of file.
2026-05-09 00:33:02,001 [ERROR] LogOutputStream:75 - [STDERR_REDIRECT] 
2026-05-09 00:33:03,025 [ERROR] LogOutputStream:75 - [STDERR_REDIRECT] [Fatal Error] :1:1: Premature end of file.
2026-05-09 00:33:03,025 [ERROR] LogOutputStream:75 - [STDERR_REDIRECT] 
2026-05-09 00:33:04,001 [ERROR] LogOutputStream:75 - [STDERR_REDIRECT] [Fatal Error] :1:1: Premature end of file.
2026-05-09 00:33:04,001 [ERROR] LogOutputStream:75 - [STDERR_REDIRECT] 
2026-05-09 00:33:05,012 [ERROR] LogOutputStream:75 - [STDERR_REDIRECT] [Fatal Error] :1:1: Premature end of file.
2026-05-09 00:33:05,012 [ERROR] LogOutputStream:75 - [STDERR_REDIRECT] 
2026-05-09 00:33:06,006 [ERROR] LogOutputStream:75 - [STDERR_REDIRECT] [Fatal Error] :1:1: Premature end of file.
2026-05-09 00:33:06,006 [ERROR] LogOutputStream:75 - [STDERR_REDIRECT] 
2026-05-09 00:33:07,010 [ERROR] LogOutputStream:75 - [STDERR_REDIRECT] [Fatal Error] :1:1: Premature end of file.
2026-05-09 00:33:07,010 [ERROR] LogOutputStream:75 - [STDERR_REDIRECT] 
2026-05-09 00:33:07,999 [ERROR] LogOutputStream:75 - [STDERR_REDIRECT] [Fatal Error] :1:1: Premature end of file.
2026-05-09 00:33:07,999 [ERROR] LogOutputStream:75 - [STDERR_REDIRECT] 
2026-05-09 00:33:09,003 [ERROR] LogOutputStream:75 - [STDERR_REDIRECT] [Fatal Error] :1:1: Premature end of file.
2026-05-09 00:33:09,003 [ERROR] LogOutputStream:75 - [STDERR_REDIRECT] 
2026-05-09 00:33:10,011 [ERROR] LogOutputStream:75 - [STDERR_REDIRECT] [Fatal Error] :1:1: Premature end of file.
2026-05-09 00:33:10,011 [ERROR] LogOutputStream:75 - [STDERR_REDIRECT] 
2026-05-09 00:33:11,002 [ERROR] LogOutputStream:75 - [STDERR_REDIRECT] [Fatal Error] :1:1: Premature end of file.
2026-05-09 00:33:11,002 [ERROR] LogOutputStream:75 - [STDERR_REDIRECT] 
2026-05-09 00:33:12,008 [ERROR] LogOutputStream:75 - [STDERR_REDIRECT] [Fatal Error] :1:1: Premature end of file.
2026-05-09 00:33:12,008 [ERROR] LogOutputStream:75 - [STDERR_REDIRECT] 
2026-05-09 00:33:13,012 [ERROR] LogOutputStream:75 - [STDERR_REDIRECT] [Fatal Error] :1:1: Premature end of file.
2026-05-09 00:33:13,012 [ERROR] LogOutputStream:75 - [STDERR_REDIRECT] 
2026-05-09 00:33:14,002 [ERROR] LogOutputStream:75 - [STDERR_REDIRECT] [Fatal Error] :1:1: Premature end of file.
2026-05-09 00:33:14,002 [ERROR] LogOutputStream:75 - [STDERR_REDIRECT] 
2026-05-09 00:33:15,017 [ERROR] LogOutputStream:75 - [STDERR_REDIRECT] [Fatal Error] :1:1: Premature end of file.
2026-05-09 00:33:15,017 [ERROR] LogOutputStream:75 - [STDERR_REDIRECT] 
2026-05-09 00:33:15,994 [ERROR] LogOutputStream:75 - [STDERR_REDIRECT] [Fatal Error] :1:1: Premature end of file.
2026-05-09 00:33:15,994 [ERROR] LogOutputStream:75 - [STDERR_REDIRECT] 
2026-05-09 00:33:17,008 [ERROR] LogOutputStream:75 - [STDERR_REDIRECT] [Fatal Error] :1:1: Premature end of file.
2026-05-09 00:33:17,008 [ERROR] LogOutputStream:75 - [STDERR_REDIRECT] 
2026-05-09 00:33:18,010 [ERROR] LogOutputStream:75 - [STDERR_REDIRECT] [Fatal Error] :1:1: Premature end of file.
2026-05-09 00:33:18,010 [ERROR] LogOutputStream:75 - [STDERR_REDIRECT] 
2026-05-09 00:33:19,003 [ERROR] LogOutputStream:75 - [STDERR_REDIRECT] [Fatal Error] :1:1: Premature end of file.
2026-05-09 00:33:19,003 [ERROR] LogOutputStream:75 - [STDERR_REDIRECT] 
2026-05-09 00:33:20,006 [ERROR] LogOutputStream:75 - [STDERR_REDIRECT] [Fatal Error] :1:1: Premature end of file.
2026-05-09 00:33:20,006 [ERROR] LogOutputStream:75 - [STDERR_REDIRECT] 
2026-05-09 00:33:21,002 [ERROR] LogOutputStream:75 - [STDERR_REDIRECT] [Fatal Error] :1:1: Premature end of file.
2026-05-09 00:33:21,002 [ERROR] LogOutputStream:75 - [STDERR_REDIRECT] 
2026-05-09 00:33:22,006 [ERROR] LogOutputStream:75 - [STDERR_REDIRECT] [Fatal Error] :1:1: Premature end of file.
2026-05-09 00:33:22,006 [ERROR] LogOutputStream:75 - [STDERR_REDIRECT] 
2026-05-09 00:33:22,999 [ERROR] LogOutputStream:75 - [STDERR_REDIRECT] [Fatal Error] :1:1: Premature end of file.
2026-05-09 00:33:22,999 [ERROR] LogOutputStream:75 - [STDERR_REDIRECT] 
2026-05-09 00:33:24,009 [ERROR] LogOutputStream:75 - [STDERR_REDIRECT] [Fatal Error] :1:1: Premature end of file.
2026-05-09 00:33:24,009 [ERROR] LogOutputStream:75 - [STDERR_REDIRECT] 
2026-05-09 00:33:24,996 [ERROR] LogOutputStream:75 - [STDERR_REDIRECT] [Fatal Error] :1:1: Premature end of file.
2026-05-09 00:33:24,996 [ERROR] LogOutputStream:75 - [STDERR_REDIRECT] 
2026-05-09 00:33:26,010 [ERROR] LogOutputStream:75 - [STDERR_REDIRECT] [Fatal Error] :1:1: Premature end of file.
2026-05-09 00:33:26,010 [ERROR] LogOutputStream:75 - [STDERR_REDIRECT] 
2026-05-09 00:33:27,008 [ERROR] LogOutputStream:75 - [STDERR_REDIRECT] [Fatal Error] :1:1: Premature end of file.
2026-05-09 00:33:27,008 [ERROR] LogOutputStream:75 - [STDERR_REDIRECT] 
2026-05-09 00:33:28,008 [ERROR] LogOutputStream:75 - [STDERR_REDIRECT] [Fatal Error] :1:1: Premature end of file.
2026-05-09 00:33:28,008 [ERROR] LogOutputStream:75 - [STDERR_REDIRECT] 
2026-05-09 00:33:28,986 [ERROR] LogOutputStream:75 - [STDERR_REDIRECT] [Fatal Error] :1:1: Premature end of file.
2026-05-09 00:33:28,986 [ERROR] LogOutputStream:75 - [STDERR_REDIRECT] 
2026-05-09 00:33:29,991 [ERROR] LogOutputStream:75 - [STDERR_REDIRECT] [Fatal Error] :1:1: Premature end of file.
2026-05-09 00:33:29,991 [ERROR] LogOutputStream:75 - [STDERR_REDIRECT] 
2026-05-09 00:33:30,991 [ERROR] LogOutputStream:75 - [STDERR_REDIRECT] [Fatal Error] :1:1: Premature end of file.
2026-05-09 00:33:30,991 [ERROR] LogOutputStream:75 - [STDERR_REDIRECT] 
2026-05-09 00:33:31,999 [ERROR] LogOutputStream:75 - [STDERR_REDIRECT] [Fatal Error] :1:1: Premature end of file.
2026-05-09 00:33:31,999 [ERROR] LogOutputStream:75 - [STDERR_REDIRECT] 
2026-05-09 00:33:33,008 [ERROR] LogOutputStream:75 - [STDERR_REDIRECT] [Fatal Error] :1:1: Premature end of file.
2026-05-09 00:33:33,008 [ERROR] LogOutputStream:75 - [STDERR_REDIRECT] 
2026-05-09 00:33:33,992 [ERROR] LogOutputStream:75 - [STDERR_REDIRECT] [Fatal Error] :1:1: Premature end of file.
2026-05-09 00:33:33,992 [ERROR] LogOutputStream:75 - [STDERR_REDIRECT] 
2026-05-09 00:33:35,013 [ERROR] LogOutputStream:75 - [STDERR_REDIRECT] [Fatal Error] :1:1: Premature end of file.
2026-05-09 00:33:35,013 [ERROR] LogOutputStream:75 - [STDERR_REDIRECT] 
2026-05-09 00:33:36,000 [ERROR] LogOutputStream:75 - [STDERR_REDIRECT] [Fatal Error] :1:1: Premature end of file.
2026-05-09 00:33:36,000 [ERROR] LogOutputStream:75 - [STDERR_REDIRECT] 
2026-05-09 00:33:37,012 [ERROR] LogOutputStream:75 - [STDERR_REDIRECT] [Fatal Error] :1:1: Premature end of file.
2026-05-09 00:33:37,012 [ERROR] LogOutputStream:75 - [STDERR_REDIRECT] 
2026-05-09 00:33:37,986 [ERROR] LogOutputStream:75 - [STDERR_REDIRECT] [Fatal Error] :1:1: Premature end of file.
2026-05-09 00:33:37,986 [ERROR] LogOutputStream:75 - [STDERR_REDIRECT] 
2026-05-09 00:33:39,022 [ERROR] LogOutputStream:75 - [STDERR_REDIRECT] [Fatal Error] :1:1: Premature end of file.
2026-05-09 00:33:39,022 [ERROR] LogOutputStream:75 - [STDERR_REDIRECT] 
2026-05-09 00:33:39,996 [ERROR] LogOutputStream:75 - [STDERR_REDIRECT] [Fatal Error] :1:1: Premature end of file.
2026-05-09 00:33:39,996 [ERROR] LogOutputStream:75 - [STDERR_REDIRECT] 
2026-05-09 00:33:40,999 [ERROR] LogOutputStream:75 - [STDERR_REDIRECT] [Fatal Error] :1:1: Premature end of file.
2026-05-09 00:33:40,999 [ERROR] LogOutputStream:75 - [STDERR_REDIRECT] 
2026-05-09 00:33:42,003 [ERROR] LogOutputStream:75 - [STDERR_REDIRECT] [Fatal Error] :1:1: Premature end of file.
2026-05-09 00:33:42,003 [ERROR] LogOutputStream:75 - [STDERR_REDIRECT] 
2026-05-09 00:33:42,987 [ERROR] LogOutputStream:75 - [STDERR_REDIRECT] [Fatal Error] :1:1: Premature end of file.
2026-05-09 00:33:42,987 [ERROR] LogOutputStream:75 - [STDERR_REDIRECT] 
2026-05-09 00:33:44,011 [ERROR] LogOutputStream:75 - [STDERR_REDIRECT] [Fatal Error] :1:1: Premature end of file.
2026-05-09 00:33:44,011 [ERROR] LogOutputStream:75 - [STDERR_REDIRECT] 
2026-05-09 00:33:44,983 [ERROR] LogOutputStream:75 - [STDERR_REDIRECT] [Fatal Error] :1:1: Premature end of file.
2026-05-09 00:33:44,983 [ERROR] LogOutputStream:75 - [STDERR_REDIRECT] 
2026-05-09 00:33:45,992 [ERROR] LogOutputStream:75 - [STDERR_REDIRECT] [Fatal Error] :1:1: Premature end of file.
2026-05-09 00:33:45,992 [ERROR] LogOutputStream:75 - [STDERR_REDIRECT] 
2026-05-09 00:33:46,994 [ERROR] LogOutputStream:75 - [STDERR_REDIRECT] [Fatal Error] :1:1: Premature end of file.
2026-05-09 00:33:46,994 [ERROR] LogOutputStream:75 - [STDERR_REDIRECT] 
2026-05-09 00:33:48,010 [ERROR] LogOutputStream:75 - [STDERR_REDIRECT] [Fatal Error] :1:1: Premature end of file.
2026-05-09 00:33:48,010 [ERROR] LogOutputStream:75 - [STDERR_REDIRECT] 
2026-05-09 00:33:49,000 [ERROR] LogOutputStream:75 - [STDERR_REDIRECT] [Fatal Error] :1:1: Premature end of file.
2026-05-09 00:33:49,000 [ERROR] LogOutputStream:75 - [STDERR_REDIRECT] 
2026-05-09 00:33:49,996 [ERROR] LogOutputStream:75 - [STDERR_REDIRECT] [Fatal Error] :1:1: Premature end of file.
2026-05-09 00:33:49,996 [ERROR] LogOutputStream:75 - [STDERR_REDIRECT] 
2026-05-09 00:33:50,986 [ERROR] LogOutputStream:75 - [STDERR_REDIRECT] [Fatal Error] :1:1: Premature end of file.
2026-05-09 00:33:50,986 [ERROR] LogOutputStream:75 - [STDERR_REDIRECT] 
2026-05-09 00:33:52,012 [ERROR] LogOutputStream:75 - [STDERR_REDIRECT] [Fatal Error] :1:1: Premature end of file.
2026-05-09 00:33:52,012 [ERROR] LogOutputStream:75 - [STDERR_REDIRECT] 
2026-05-09 00:33:52,999 [ERROR] LogOutputStream:75 - [STDERR_REDIRECT] [Fatal Error] :1:1: Premature end of file.
2026-05-09 00:33:52,999 [ERROR] LogOutputStream:75 - [STDERR_REDIRECT] 
2026-05-09 00:33:54,010 [ERROR] LogOutputStream:75 - [STDERR_REDIRECT] [Fatal Error] :1:1: Premature end of file.
2026-05-09 00:33:54,010 [ERROR] LogOutputStream:75 - [STDERR_REDIRECT] 
2026-05-09 00:33:54,999 [ERROR] LogOutputStream:75 - [STDERR_REDIRECT] [Fatal Error] :1:1: Premature end of file.
2026-05-09 00:33:54,999 [ERROR] LogOutputStream:75 - [STDERR_REDIRECT] 
2026-05-09 00:33:55,996 [ERROR] LogOutputStream:75 - [STDERR_REDIRECT] [Fatal Error] :1:1: Premature end of file.
2026-05-09 00:33:55,996 [ERROR] LogOutputStream:75 - [STDERR_REDIRECT] 
2026-05-09 00:33:56,998 [ERROR] LogOutputStream:75 - [STDERR_REDIRECT] [Fatal Error] :1:1: Premature end of file.
2026-05-09 00:33:56,998 [ERROR] LogOutputStream:75 - [STDERR_REDIRECT] 
2026-05-09 00:33:58,001 [ERROR] LogOutputStream:75 - [STDERR_REDIRECT] [Fatal Error] :1:1: Premature end of file.
2026-05-09 00:33:58,001 [ERROR] LogOutputStream:75 - [STDERR_REDIRECT] 
2026-05-09 00:33:59,010 [ERROR] LogOutputStream:75 - [STDERR_REDIRECT] [Fatal Error] :1:1: Premature end of file.
2026-05-09 00:33:59,010 [ERROR] LogOutputStream:75 - [STDERR_REDIRECT] 
2026-05-09 00:34:00,005 [ERROR] LogOutputStream:75 - [STDERR_REDIRECT] [Fatal Error] :1:1: Premature end of file.
2026-05-09 00:34:00,005 [ERROR] LogOutputStream:75 - [STDERR_REDIRECT] 
2026-05-09 00:34:01,012 [ERROR] LogOutputStream:75 - [STDERR_REDIRECT] [Fatal Error] :1:1: Premature end of file.
2026-05-09 00:34:01,012 [ERROR] LogOutputStream:75 - [STDERR_REDIRECT] 
2026-05-09 00:34:02,000 [ERROR] LogOutputStream:75 - [STDERR_REDIRECT] [Fatal Error] :1:1: Premature end of file.
2026-05-09 00:34:02,000 [ERROR] LogOutputStream:75 - [STDERR_REDIRECT] 
2026-05-09 00:34:03,013 [ERROR] LogOutputStream:75 - [STDERR_REDIRECT] [Fatal Error] :1:1: Premature end of file.
2026-05-09 00:34:03,013 [ERROR] LogOutputStream:75 - [STDERR_REDIRECT] 
2026-05-09 00:34:03,998 [ERROR] LogOutputStream:75 - [STDERR_REDIRECT] [Fatal Error] :1:1: Premature end of file.
2026-05-09 00:34:03,998 [ERROR] LogOutputStream:75 - [STDERR_REDIRECT] 
2026-05-09 00:34:05,006 [ERROR] LogOutputStream:75 - [STDERR_REDIRECT] [Fatal Error] :1:1: Premature end of file.
2026-05-09 00:34:05,006 [ERROR] LogOutputStream:75 - [STDERR_REDIRECT] 
2026-05-09 00:34:06,010 [ERROR] LogOutputStream:75 - [STDERR_REDIRECT] [Fatal Error] :1:1: Premature end of file.
2026-05-09 00:34:06,010 [ERROR] LogOutputStream:75 - [STDERR_REDIRECT] 
2026-05-09 00:34:06,987 [ERROR] LogOutputStream:75 - [STDERR_REDIRECT] [Fatal Error] :1:1: Premature end of file.
2026-05-09 00:34:06,987 [ERROR] LogOutputStream:75 - [STDERR_REDIRECT] 
2026-05-09 00:34:08,005 [ERROR] LogOutputStream:75 - [STDERR_REDIRECT] [Fatal Error] :1:1: Premature end of file.
2026-05-09 00:34:08,005 [ERROR] LogOutputStream:75 - [STDERR_REDIRECT] 
2026-05-09 00:34:09,008 [ERROR] LogOutputStream:75 - [STDERR_REDIRECT] [Fatal Error] :1:1: Premature end of file.
2026-05-09 00:34:09,008 [ERROR] LogOutputStream:75 - [STDERR_REDIRECT] 
2026-05-09 00:34:10,000 [ERROR] LogOutputStream:75 - [STDERR_REDIRECT] [Fatal Error] :1:1: Premature end of file.
2026-05-09 00:34:10,000 [ERROR] LogOutputStream:75 - [STDERR_REDIRECT] 
2026-05-09 00:34:10,989 [ERROR] LogOutputStream:75 - [STDERR_REDIRECT] [Fatal Error] :1:1: Premature end of file.
2026-05-09 00:34:10,989 [ERROR] LogOutputStream:75 - [STDERR_REDIRECT] 
2026-05-09 00:34:11,992 [ERROR] LogOutputStream:75 - [STDERR_REDIRECT] [Fatal Error] :1:1: Premature end of file.
2026-05-09 00:34:11,992 [ERROR] LogOutputStream:75 - [STDERR_REDIRECT] 
2026-05-09 00:34:12,988 [ERROR] LogOutputStream:75 - [STDERR_REDIRECT] [Fatal Error] :1:1: Premature end of file.
2026-05-09 00:34:12,988 [ERROR] LogOutputStream:75 - [STDERR_REDIRECT] 
2026-05-09 00:34:14,004 [ERROR] LogOutputStream:75 - [STDERR_REDIRECT] [Fatal Error] :1:1: Premature end of file.
2026-05-09 00:34:14,004 [ERROR] LogOutputStream:75 - [STDERR_REDIRECT] 
2026-05-09 00:34:15,006 [ERROR] LogOutputStream:75 - [STDERR_REDIRECT] [Fatal Error] :1:1: Premature end of file.
2026-05-09 00:34:15,006 [ERROR] LogOutputStream:75 - [STDERR_REDIRECT] 
2026-05-09 00:34:16,005 [ERROR] LogOutputStream:75 - [STDERR_REDIRECT] [Fatal Error] :1:1: Premature end of file.
2026-05-09 00:34:16,005 [ERROR] LogOutputStream:75 - [STDERR_REDIRECT] 
2026-05-09 00:34:17,004 [ERROR] LogOutputStream:75 - [STDERR_REDIRECT] [Fatal Error] :1:1: Premature end of file.
2026-05-09 00:34:17,004 [ERROR] LogOutputStream:75 - [STDERR_REDIRECT] 
2026-05-09 00:34:17,981 [ERROR] LogOutputStream:75 - [STDERR_REDIRECT] [Fatal Error] :1:1: Premature end of file.
2026-05-09 00:34:17,981 [ERROR] LogOutputStream:75 - [STDERR_REDIRECT] 
2026-05-09 00:34:19,000 [ERROR] LogOutputStream:75 - [STDERR_REDIRECT] [Fatal Error] :1:1: Premature end of file.
2026-05-09 00:34:19,000 [ERROR] LogOutputStream:75 - [STDERR_REDIRECT] 
2026-05-09 00:34:19,993 [ERROR] LogOutputStream:75 - [STDERR_REDIRECT] [Fatal Error] :1:1: Premature end of file.
2026-05-09 00:34:19,993 [ERROR] LogOutputStream:75 - [STDERR_REDIRECT] 
2026-05-09 00:34:21,002 [ERROR] LogOutputStream:75 - [STDERR_REDIRECT] [Fatal Error] :1:1: Premature end of file.
2026-05-09 00:34:21,002 [ERROR] LogOutputStream:75 - [STDERR_REDIRECT] 
2026-05-09 00:34:21,994 [ERROR] LogOutputStream:75 - [STDERR_REDIRECT] [Fatal Error] :1:1: Premature end of file.
2026-05-09 00:34:21,994 [ERROR] LogOutputStream:75 - [STDERR_REDIRECT] 
2026-05-09 00:34:23,000 [ERROR] LogOutputStream:75 - [STDERR_REDIRECT] [Fatal Error] :1:1: Premature end of file.
2026-05-09 00:34:23,000 [ERROR] LogOutputStream:75 - [STDERR_REDIRECT] 
2026-05-09 00:34:24,008 [ERROR] LogOutputStream:75 - [STDERR_REDIRECT] [Fatal Error] :1:1: Premature end of file.
2026-05-09 00:34:24,008 [ERROR] LogOutputStream:75 - [STDERR_REDIRECT] 
2026-05-09 00:34:25,015 [ERROR] LogOutputStream:75 - [STDERR_REDIRECT] [Fatal Error] :1:1: Premature end of file.
2026-05-09 00:34:25,015 [ERROR] LogOutputStream:75 - [STDERR_REDIRECT] 
2026-05-09 00:34:26,000 [ERROR] LogOutputStream:75 - [STDERR_REDIRECT] [Fatal Error] :1:1: Premature end of file.
2026-05-09 00:34:26,000 [ERROR] LogOutputStream:75 - [STDERR_REDIRECT] 
2026-05-09 00:34:26,991 [ERROR] LogOutputStream:75 - [STDERR_REDIRECT] [Fatal Error] :1:1: Premature end of file.
2026-05-09 00:34:26,991 [ERROR] LogOutputStream:75 - [STDERR_REDIRECT] 
2026-05-09 00:34:28,009 [ERROR] LogOutputStream:75 - [STDERR_REDIRECT] [Fatal Error] :1:1: Premature end of file.
2026-05-09 00:34:28,009 [ERROR] LogOutputStream:75 - [STDERR_REDIRECT] 
2026-05-09 00:34:28,995 [ERROR] LogOutputStream:75 - [STDERR_REDIRECT] [Fatal Error] :1:1: Premature end of file.
2026-05-09 00:34:28,995 [ERROR] LogOutputStream:75 - [STDERR_REDIRECT] 
2026-05-09 00:34:30,009 [ERROR] LogOutputStream:75 - [STDERR_REDIRECT] [Fatal Error] :1:1: Premature end of file.
2026-05-09 00:34:30,009 [ERROR] LogOutputStream:75 - [STDERR_REDIRECT] 
2026-05-09 00:34:31,000 [ERROR] LogOutputStream:75 - [STDERR_REDIRECT] [Fatal Error] :1:1: Premature end of file.
2026-05-09 00:34:31,000 [ERROR] LogOutputStream:75 - [STDERR_REDIRECT] 
2026-05-09 00:34:32,005 [ERROR] LogOutputStream:75 - [STDERR_REDIRECT] [Fatal Error] :1:1: Premature end of file.
2026-05-09 00:34:32,005 [ERROR] LogOutputStream:75 - [STDERR_REDIRECT] 
2026-05-09 00:34:33,011 [ERROR] LogOutputStream:75 - [STDERR_REDIRECT] [Fatal Error] :1:1: Premature end of file.
2026-05-09 00:34:33,011 [ERROR] LogOutputStream:75 - [STDERR_REDIRECT] 
2026-05-09 00:34:34,007 [ERROR] LogOutputStream:75 - [STDERR_REDIRECT] [Fatal Error] :1:1: Premature end of file.
2026-05-09 00:34:34,007 [ERROR] LogOutputStream:75 - [STDERR_REDIRECT] 
2026-05-09 00:34:34,996 [ERROR] LogOutputStream:75 - [STDERR_REDIRECT] [Fatal Error] :1:1: Premature end of file.
2026-05-09 00:34:34,996 [ERROR] LogOutputStream:75 - [STDERR_REDIRECT] 
2026-05-09 00:34:36,003 [ERROR] LogOutputStream:75 - [STDERR_REDIRECT] [Fatal Error] :1:1: Premature end of file.
2026-05-09 00:34:36,003 [ERROR] LogOutputStream:75 - [STDERR_REDIRECT] 
2026-05-09 00:34:37,014 [ERROR] LogOutputStream:75 - [STDERR_REDIRECT] [Fatal Error] :1:1: Premature end of file.
2026-05-09 00:34:37,014 [ERROR] LogOutputStream:75 - [STDERR_REDIRECT] 
2026-05-09 00:34:37,997 [ERROR] LogOutputStream:75 - [STDERR_REDIRECT] [Fatal Error] :1:1: Premature end of file.
2026-05-09 00:34:37,997 [ERROR] LogOutputStream:75 - [STDERR_REDIRECT] 
2026-05-09 00:34:39,010 [ERROR] LogOutputStream:75 - [STDERR_REDIRECT] [Fatal Error] :1:1: Premature end of file.
2026-05-09 00:34:39,010 [ERROR] LogOutputStream:75 - [STDERR_REDIRECT] 
2026-05-09 00:34:39,993 [ERROR] LogOutputStream:75 - [STDERR_REDIRECT] [Fatal Error] :1:1: Premature end of file.
2026-05-09 00:34:39,993 [ERROR] LogOutputStream:75 - [STDERR_REDIRECT] 
2026-05-09 00:34:41,007 [ERROR] LogOutputStream:75 - [STDERR_REDIRECT] [Fatal Error] :1:1: Premature end of file.
2026-05-09 00:34:41,007 [ERROR] LogOutputStream:75 - [STDERR_REDIRECT] 
2026-05-09 00:34:41,999 [ERROR] LogOutputStream:75 - [STDERR_REDIRECT] [Fatal Error] :1:1: Premature end of file.
2026-05-09 00:34:41,999 [ERROR] LogOutputStream:75 - [STDERR_REDIRECT] 
2026-05-09 00:34:42,984 [ERROR] LogOutputStream:75 - [STDERR_REDIRECT] [Fatal Error] :1:1: Premature end of file.
2026-05-09 00:34:42,984 [ERROR] LogOutputStream:75 - [STDERR_REDIRECT] 
2026-05-09 00:34:44,009 [ERROR] LogOutputStream:75 - [STDERR_REDIRECT] [Fatal Error] :1:1: Premature end of file.
2026-05-09 00:34:44,009 [ERROR] LogOutputStream:75 - [STDERR_REDIRECT] 
2026-05-09 00:34:44,994 [ERROR] LogOutputStream:75 - [STDERR_REDIRECT] [Fatal Error] :1:1: Premature end of file.
2026-05-09 00:34:44,994 [ERROR] LogOutputStream:75 - [STDERR_REDIRECT] 
2026-05-09 00:34:46,002 [ERROR] LogOutputStream:75 - [STDERR_REDIRECT] [Fatal Error] :1:1: Premature end of file.
2026-05-09 00:34:46,002 [ERROR] LogOutputStream:75 - [STDERR_REDIRECT] 
2026-05-09 00:34:46,994 [ERROR] LogOutputStream:75 - [STDERR_REDIRECT] [Fatal Error] :1:1: Premature end of file.
2026-05-09 00:34:46,994 [ERROR] LogOutputStream:75 - [STDERR_REDIRECT] 
2026-05-09 00:34:48,005 [ERROR] LogOutputStream:75 - [STDERR_REDIRECT] [Fatal Error] :1:1: Premature end of file.
2026-05-09 00:34:48,005 [ERROR] LogOutputStream:75 - [STDERR_REDIRECT] 
2026-05-09 00:34:49,004 [ERROR] LogOutputStream:75 - [STDERR_REDIRECT] [Fatal Error] :1:1: Premature end of file.
2026-05-09 00:34:49,004 [ERROR] LogOutputStream:75 - [STDERR_REDIRECT] 
2026-05-09 00:34:50,017 [ERROR] LogOutputStream:75 - [STDERR_REDIRECT] [Fatal Error] :1:1: Premature end of file.
2026-05-09 00:34:50,017 [ERROR] LogOutputStream:75 - [STDERR_REDIRECT] 
2026-05-09 00:34:50,998 [ERROR] LogOutputStream:75 - [STDERR_REDIRECT] [Fatal Error] :1:1: Premature end of file.
2026-05-09 00:34:50,998 [ERROR] LogOutputStream:75 - [STDERR_REDIRECT] 
2026-05-09 00:34:52,009 [ERROR] LogOutputStream:75 - [STDERR_REDIRECT] [Fatal Error] :1:1: Premature end of file.
2026-05-09 00:34:52,009 [ERROR] LogOutputStream:75 - [STDERR_REDIRECT] 
2026-05-09 00:34:52,996 [ERROR] LogOutputStream:75 - [STDERR_REDIRECT] [Fatal Error] :1:1: Premature end of file.
2026-05-09 00:34:52,996 [ERROR] LogOutputStream:75 - [STDERR_REDIRECT] 
2026-05-09 00:34:54,004 [ERROR] LogOutputStream:75 - [STDERR_REDIRECT] [Fatal Error] :1:1: Premature end of file.
2026-05-09 00:34:54,004 [ERROR] LogOutputStream:75 - [STDERR_REDIRECT] 
2026-05-09 00:34:54,996 [ERROR] LogOutputStream:75 - [STDERR_REDIRECT] [Fatal Error] :1:1: Premature end of file.
2026-05-09 00:34:54,996 [ERROR] LogOutputStream:75 - [STDERR_REDIRECT] 
2026-05-09 00:34:55,992 [ERROR] LogOutputStream:75 - [STDERR_REDIRECT] [Fatal Error] :1:1: Premature end of file.
2026-05-09 00:34:55,992 [ERROR] LogOutputStream:75 - [STDERR_REDIRECT] 
2026-05-09 00:34:57,012 [ERROR] LogOutputStream:75 - [STDERR_REDIRECT] [Fatal Error] :1:1: Premature end of file.
2026-05-09 00:34:57,012 [ERROR] LogOutputStream:75 - [STDERR_REDIRECT] 
2026-05-09 00:34:58,004 [ERROR] LogOutputStream:75 - [STDERR_REDIRECT] [Fatal Error] :1:1: Premature end of file.
2026-05-09 00:34:58,004 [ERROR] LogOutputStream:75 - [STDERR_REDIRECT] 
2026-05-09 00:34:59,009 [ERROR] LogOutputStream:75 - [STDERR_REDIRECT] [Fatal Error] :1:1: Premature end of file.
2026-05-09 00:34:59,009 [ERROR] LogOutputStream:75 - [STDERR_REDIRECT] 
2026-05-09 00:35:00,008 [ERROR] LogOutputStream:75 - [STDERR_REDIRECT] [Fatal Error] :1:1: Premature end of file.
2026-05-09 00:35:00,008 [ERROR] LogOutputStream:75 - [STDERR_REDIRECT] 
2026-05-09 00:35:01,009 [ERROR] LogOutputStream:75 - [STDERR_REDIRECT] [Fatal Error] :1:1: Premature end of file.
2026-05-09 00:35:01,009 [ERROR] LogOutputStream:75 - [STDERR_REDIRECT] 
2026-05-09 00:35:01,998 [ERROR] LogOutputStream:75 - [STDERR_REDIRECT] [Fatal Error] :1:1: Premature end of file.
2026-05-09 00:35:01,998 [ERROR] LogOutputStream:75 - [STDERR_REDIRECT] 
2026-05-09 00:35:03,003 [ERROR] LogOutputStream:75 - [STDERR_REDIRECT] [Fatal Error] :1:1: Premature end of file.
2026-05-09 00:35:03,003 [ERROR] LogOutputStream:75 - [STDERR_REDIRECT] 
2026-05-09 00:35:04,010 [ERROR] LogOutputStream:75 - [STDERR_REDIRECT] [Fatal Error] :1:1: Premature end of file.
2026-05-09 00:35:04,010 [ERROR] LogOutputStream:75 - [STDERR_REDIRECT] 
2026-05-09 00:35:04,992 [ERROR] LogOutputStream:75 - [STDERR_REDIRECT] [Fatal Error] :1:1: Premature end of file.
2026-05-09 00:35:04,992 [ERROR] LogOutputStream:75 - [STDERR_REDIRECT] 
2026-05-09 00:35:05,996 [ERROR] LogOutputStream:75 - [STDERR_REDIRECT] [Fatal Error] :1:1: Premature end of file.
2026-05-09 00:35:05,996 [ERROR] LogOutputStream:75 - [STDERR_REDIRECT] 
2026-05-09 00:35:07,002 [ERROR] LogOutputStream:75 - [STDERR_REDIRECT] [Fatal Error] :1:1: Premature end of file.
2026-05-09 00:35:07,002 [ERROR] LogOutputStream:75 - [STDERR_REDIRECT] 
2026-05-09 00:35:07,998 [ERROR] LogOutputStream:75 - [STDERR_REDIRECT] [Fatal Error] :1:1: Premature end of file.
2026-05-09 00:35:07,998 [ERROR] LogOutputStream:75 - [STDERR_REDIRECT] 
2026-05-09 00:35:09,008 [ERROR] LogOutputStream:75 - [STDERR_REDIRECT] [Fatal Error] :1:1: Premature end of file.
2026-05-09 00:35:09,008 [ERROR] LogOutputStream:75 - [STDERR_REDIRECT] 
2026-05-09 00:35:10,012 [ERROR] LogOutputStream:75 - [STDERR_REDIRECT] [Fatal Error] :1:1: Premature end of file.
2026-05-09 00:35:10,012 [ERROR] LogOutputStream:75 - [STDERR_REDIRECT] 
2026-05-09 00:35:11,005 [ERROR] LogOutputStream:75 - [STDERR_REDIRECT] [Fatal Error] :1:1: Premature end of file.
2026-05-09 00:35:11,005 [ERROR] LogOutputStream:75 - [STDERR_REDIRECT] 
2026-05-09 00:35:12,012 [ERROR] LogOutputStream:75 - [STDERR_REDIRECT] [Fatal Error] :1:1: Premature end of file.
2026-05-09 00:35:12,012 [ERROR] LogOutputStream:75 - [STDERR_REDIRECT] 
2026-05-09 00:35:12,999 [ERROR] LogOutputStream:75 - [STDERR_REDIRECT] [Fatal Error] :1:1: Premature end of file.
2026-05-09 00:35:12,999 [ERROR] LogOutputStream:75 - [STDERR_REDIRECT] 
2026-05-09 00:35:14,009 [ERROR] LogOutputStream:75 - [STDERR_REDIRECT] [Fatal Error] :1:1: Premature end of file.
2026-05-09 00:35:14,009 [ERROR] LogOutputStream:75 - [STDERR_REDIRECT] 
2026-05-09 00:35:14,998 [ERROR] LogOutputStream:75 - [STDERR_REDIRECT] [Fatal Error] :1:1: Premature end of file.
2026-05-09 00:35:14,998 [ERROR] LogOutputStream:75 - [STDERR_REDIRECT] 
2026-05-09 00:35:16,002 [ERROR] LogOutputStream:75 - [STDERR_REDIRECT] [Fatal Error] :1:1: Premature end of file.
2026-05-09 00:35:16,002 [ERROR] LogOutputStream:75 - [STDERR_REDIRECT] 
2026-05-09 00:35:17,003 [ERROR] LogOutputStream:75 - [STDERR_REDIRECT] [Fatal Error] :1:1: Premature end of file.
2026-05-09 00:35:17,003 [ERROR] LogOutputStream:75 - [STDERR_REDIRECT] 
2026-05-09 00:35:18,008 [ERROR] LogOutputStream:75 - [STDERR_REDIRECT] [Fatal Error] :1:1: Premature end of file.
2026-05-09 00:35:18,008 [ERROR] LogOutputStream:75 - [STDERR_REDIRECT] 
2026-05-09 00:35:19,008 [ERROR] LogOutputStream:75 - [STDERR_REDIRECT] [Fatal Error] :1:1: Premature end of file.
2026-05-09 00:35:19,008 [ERROR] LogOutputStream:75 - [STDERR_REDIRECT] 
2026-05-09 00:35:20,008 [ERROR] LogOutputStream:75 - [STDERR_REDIRECT] [Fatal Error] :1:1: Premature end of file.
2026-05-09 00:35:20,008 [ERROR] LogOutputStream:75 - [STDERR_REDIRECT] 
2026-05-09 00:35:20,998 [ERROR] LogOutputStream:75 - [STDERR_REDIRECT] [Fatal Error] :1:1: Premature end of file.
2026-05-09 00:35:20,998 [ERROR] LogOutputStream:75 - [STDERR_REDIRECT] 
2026-05-09 00:35:21,999 [ERROR] LogOutputStream:75 - [STDERR_REDIRECT] [Fatal Error] :1:1: Premature end of file.
2026-05-09 00:35:21,999 [ERROR] LogOutputStream:75 - [STDERR_REDIRECT] 
2026-05-09 00:35:23,008 [ERROR] LogOutputStream:75 - [STDERR_REDIRECT] [Fatal Error] :1:1: Premature end of file.
2026-05-09 00:35:23,008 [ERROR] LogOutputStream:75 - [STDERR_REDIRECT] 
2026-05-09 00:35:23,999 [ERROR] LogOutputStream:75 - [STDERR_REDIRECT] [Fatal Error] :1:1: Premature end of file.
2026-05-09 00:35:23,999 [ERROR] LogOutputStream:75 - [STDERR_REDIRECT] 
2026-05-09 00:35:25,009 [ERROR] LogOutputStream:75 - [STDERR_REDIRECT] [Fatal Error] :1:1: Premature end of file.
2026-05-09 00:35:25,009 [ERROR] LogOutputStream:75 - [STDERR_REDIRECT] 
2026-05-09 00:35:26,007 [ERROR] LogOutputStream:75 - [STDERR_REDIRECT] [Fatal Error] :1:1: Premature end of file.
2026-05-09 00:35:26,007 [ERROR] LogOutputStream:75 - [STDERR_REDIRECT] 
2026-05-09 00:35:27,001 [ERROR] LogOutputStream:75 - [STDERR_REDIRECT] [Fatal Error] :1:1: Premature end of file.
2026-05-09 00:35:27,001 [ERROR] LogOutputStream:75 - [STDERR_REDIRECT] 
2026-05-09 00:35:28,006 [ERROR] LogOutputStream:75 - [STDERR_REDIRECT] [Fatal Error] :1:1: Premature end of file.
2026-05-09 00:35:28,006 [ERROR] LogOutputStream:75 - [STDERR_REDIRECT] 
2026-05-09 00:35:29,013 [ERROR] LogOutputStream:75 - [STDERR_REDIRECT] [Fatal Error] :1:1: Premature end of file.
2026-05-09 00:35:29,013 [ERROR] LogOutputStream:75 - [STDERR_REDIRECT] 
2026-05-09 00:35:29,996 [ERROR] LogOutputStream:75 - [STDERR_REDIRECT] [Fatal Error] :1:1: Premature end of file.
2026-05-09 00:35:29,996 [ERROR] LogOutputStream:75 - [STDERR_REDIRECT] 
2026-05-09 00:35:31,004 [ERROR] LogOutputStream:75 - [STDERR_REDIRECT] [Fatal Error] :1:1: Premature end of file.
2026-05-09 00:35:31,004 [ERROR] LogOutputStream:75 - [STDERR_REDIRECT] 
2026-05-09 00:35:31,997 [ERROR] LogOutputStream:75 - [STDERR_REDIRECT] [Fatal Error] :1:1: Premature end of file.
2026-05-09 00:35:31,997 [ERROR] LogOutputStream:75 - [STDERR_REDIRECT] 
2026-05-09 00:35:33,007 [ERROR] LogOutputStream:75 - [STDERR_REDIRECT] [Fatal Error] :1:1: Premature end of file.
2026-05-09 00:35:33,007 [ERROR] LogOutputStream:75 - [STDERR_REDIRECT] 
2026-05-09 00:35:34,000 [ERROR] LogOutputStream:75 - [STDERR_REDIRECT] [Fatal Error] :1:1: Premature end of file.
2026-05-09 00:35:34,000 [ERROR] LogOutputStream:75 - [STDERR_REDIRECT] 
2026-05-09 00:35:35,008 [ERROR] LogOutputStream:75 - [STDERR_REDIRECT] [Fatal Error] :1:1: Premature end of file.
2026-05-09 00:35:35,008 [ERROR] LogOutputStream:75 - [STDERR_REDIRECT] 
2026-05-09 00:35:36,000 [ERROR] LogOutputStream:75 - [STDERR_REDIRECT] [Fatal Error] :1:1: Premature end of file.
2026-05-09 00:35:36,000 [ERROR] LogOutputStream:75 - [STDERR_REDIRECT] 
2026-05-09 00:35:37,006 [ERROR] LogOutputStream:75 - [STDERR_REDIRECT] [Fatal Error] :1:1: Premature end of file.
2026-05-09 00:35:37,006 [ERROR] LogOutputStream:75 - [STDERR_REDIRECT] 
2026-05-09 00:35:37,999 [ERROR] LogOutputStream:75 - [STDERR_REDIRECT] [Fatal Error] :1:1: Premature end of file.
2026-05-09 00:35:37,999 [ERROR] LogOutputStream:75 - [STDERR_REDIRECT] 
2026-05-09 00:35:39,004 [ERROR] LogOutputStream:75 - [STDERR_REDIRECT] [Fatal Error] :1:1: Premature end of file.
2026-05-09 00:35:39,004 [ERROR] LogOutputStream:75 - [STDERR_REDIRECT] 
2026-05-09 00:35:39,997 [ERROR] LogOutputStream:75 - [STDERR_REDIRECT] [Fatal Error] :1:1: Premature end of file.
2026-05-09 00:35:39,997 [ERROR] LogOutputStream:75 - [STDERR_REDIRECT] 
2026-05-09 00:35:41,009 [ERROR] LogOutputStream:75 - [STDERR_REDIRECT] [Fatal Error] :1:1: Premature end of file.
2026-05-09 00:35:41,009 [ERROR] LogOutputStream:75 - [STDERR_REDIRECT] 
2026-05-09 00:35:41,999 [ERROR] LogOutputStream:75 - [STDERR_REDIRECT] [Fatal Error] :1:1: Premature end of file.
2026-05-09 00:35:41,999 [ERROR] LogOutputStream:75 - [STDERR_REDIRECT] 
2026-05-09 00:35:43,008 [ERROR] LogOutputStream:75 - [STDERR_REDIRECT] [Fatal Error] :1:1: Premature end of file.
2026-05-09 00:35:43,008 [ERROR] LogOutputStream:75 - [STDERR_REDIRECT] 
2026-05-09 00:35:43,998 [ERROR] LogOutputStream:75 - [STDERR_REDIRECT] [Fatal Error] :1:1: Premature end of file.
2026-05-09 00:35:43,998 [ERROR] LogOutputStream:75 - [STDERR_REDIRECT] 
2026-05-09 00:35:44,993 [ERROR] LogOutputStream:75 - [STDERR_REDIRECT] [Fatal Error] :1:1: Premature end of file.
2026-05-09 00:35:44,993 [ERROR] LogOutputStream:75 - [STDERR_REDIRECT] 
2026-05-09 00:35:45,980 [ERROR] LogOutputStream:75 - [STDERR_REDIRECT] [Fatal Error] :1:1: Premature end of file.
2026-05-09 00:35:45,980 [ERROR] LogOutputStream:75 - [STDERR_REDIRECT] 
2026-05-09 00:35:47,008 [ERROR] LogOutputStream:75 - [STDERR_REDIRECT] [Fatal Error] :1:1: Premature end of file.
2026-05-09 00:35:47,008 [ERROR] LogOutputStream:75 - [STDERR_REDIRECT] 
2026-05-09 00:35:48,010 [ERROR] LogOutputStream:75 - [STDERR_REDIRECT] [Fatal Error] :1:1: Premature end of file.
2026-05-09 00:35:48,010 [ERROR] LogOutputStream:75 - [STDERR_REDIRECT] 
2026-05-09 00:35:49,006 [ERROR] LogOutputStream:75 - [STDERR_REDIRECT] [Fatal Error] :1:1: Premature end of file.
2026-05-09 00:35:49,006 [ERROR] LogOutputStream:75 - [STDERR_REDIRECT] 
2026-05-09 00:35:49,999 [ERROR] LogOutputStream:75 - [STDERR_REDIRECT] [Fatal Error] :1:1: Premature end of file.
2026-05-09 00:35:49,999 [ERROR] LogOutputStream:75 - [STDERR_REDIRECT] 
2026-05-09 00:35:51,010 [ERROR] LogOutputStream:75 - [STDERR_REDIRECT] [Fatal Error] :1:1: Premature end of file.
2026-05-09 00:35:51,010 [ERROR] LogOutputStream:75 - [STDERR_REDIRECT] 
2026-05-09 00:35:52,005 [ERROR] LogOutputStream:75 - [STDERR_REDIRECT] [Fatal Error] :1:1: Premature end of file.
2026-05-09 00:35:52,005 [ERROR] LogOutputStream:75 - [STDERR_REDIRECT] 
2026-05-09 00:35:53,014 [ERROR] LogOutputStream:75 - [STDERR_REDIRECT] [Fatal Error] :1:1: Premature end of file.
2026-05-09 00:35:53,014 [ERROR] LogOutputStream:75 - [STDERR_REDIRECT] 
2026-05-09 00:35:53,993 [ERROR] LogOutputStream:75 - [STDERR_REDIRECT] [Fatal Error] :1:1: Premature end of file.
2026-05-09 00:35:53,993 [ERROR] LogOutputStream:75 - [STDERR_REDIRECT] 
2026-05-09 00:35:54,996 [ERROR] LogOutputStream:75 - [STDERR_REDIRECT] [Fatal Error] :1:1: Premature end of file.
2026-05-09 00:35:54,996 [ERROR] LogOutputStream:75 - [STDERR_REDIRECT] 
2026-05-09 00:35:56,000 [ERROR] LogOutputStream:75 - [STDERR_REDIRECT] [Fatal Error] :1:1: Premature end of file.
2026-05-09 00:35:56,000 [ERROR] LogOutputStream:75 - [STDERR_REDIRECT] 
2026-05-09 00:35:56,998 [ERROR] LogOutputStream:75 - [STDERR_REDIRECT] [Fatal Error] :1:1: Premature end of file.
2026-05-09 00:35:56,998 [ERROR] LogOutputStream:75 - [STDERR_REDIRECT] 
2026-05-09 00:35:58,011 [ERROR] LogOutputStream:75 - [STDERR_REDIRECT] [Fatal Error] :1:1: Premature end of file.
2026-05-09 00:35:58,011 [ERROR] LogOutputStream:75 - [STDERR_REDIRECT] 
2026-05-09 00:35:59,007 [ERROR] LogOutputStream:75 - [STDERR_REDIRECT] [Fatal Error] :1:1: Premature end of file.
2026-05-09 00:35:59,007 [ERROR] LogOutputStream:75 - [STDERR_REDIRECT] 
2026-05-09 00:35:59,999 [ERROR] LogOutputStream:75 - [STDERR_REDIRECT] [Fatal Error] :1:1: Premature end of file.
2026-05-09 00:35:59,999 [ERROR] LogOutputStream:75 - [STDERR_REDIRECT] 
2026-05-09 00:36:01,010 [ERROR] LogOutputStream:75 - [STDERR_REDIRECT] [Fatal Error] :1:1: Premature end of file.
2026-05-09 00:36:01,010 [ERROR] LogOutputStream:75 - [STDERR_REDIRECT] 
2026-05-09 00:36:02,011 [ERROR] LogOutputStream:75 - [STDERR_REDIRECT] [Fatal Error] :1:1: Premature end of file.
2026-05-09 00:36:02,011 [ERROR] LogOutputStream:75 - [STDERR_REDIRECT] 
2026-05-09 00:36:03,000 [ERROR] LogOutputStream:75 - [STDERR_REDIRECT] [Fatal Error] :1:1: Premature end of file.
2026-05-09 00:36:03,000 [ERROR] LogOutputStream:75 - [STDERR_REDIRECT] 
2026-05-09 00:36:04,018 [ERROR] LogOutputStream:75 - [STDERR_REDIRECT] [Fatal Error] :1:1: Premature end of file.
2026-05-09 00:36:04,018 [ERROR] LogOutputStream:75 - [STDERR_REDIRECT] 
2026-05-09 00:36:04,997 [ERROR] LogOutputStream:75 - [STDERR_REDIRECT] [Fatal Error] :1:1: Premature end of file.
2026-05-09 00:36:04,997 [ERROR] LogOutputStream:75 - [STDERR_REDIRECT] 
2026-05-09 00:36:06,001 [ERROR] LogOutputStream:75 - [STDERR_REDIRECT] [Fatal Error] :1:1: Premature end of file.
2026-05-09 00:36:06,001 [ERROR] LogOutputStream:75 - [STDERR_REDIRECT] 
2026-05-09 00:36:07,009 [ERROR] LogOutputStream:75 - [STDERR_REDIRECT] [Fatal Error] :1:1: Premature end of file.
2026-05-09 00:36:07,009 [ERROR] LogOutputStream:75 - [STDERR_REDIRECT] 
2026-05-09 00:36:08,003 [ERROR] LogOutputStream:75 - [STDERR_REDIRECT] [Fatal Error] :1:1: Premature end of file.
2026-05-09 00:36:08,003 [ERROR] LogOutputStream:75 - [STDERR_REDIRECT] 
2026-05-09 00:36:08,996 [ERROR] LogOutputStream:75 - [STDERR_REDIRECT] [Fatal Error] :1:1: Premature end of file.
2026-05-09 00:36:08,996 [ERROR] LogOutputStream:75 - [STDERR_REDIRECT] 
2026-05-09 00:36:10,002 [ERROR] LogOutputStream:75 - [STDERR_REDIRECT] [Fatal Error] :1:1: Premature end of file.
2026-05-09 00:36:10,002 [ERROR] LogOutputStream:75 - [STDERR_REDIRECT] 
2026-05-09 00:36:11,011 [ERROR] LogOutputStream:75 - [STDERR_REDIRECT] [Fatal Error] :1:1: Premature end of file.
2026-05-09 00:36:11,011 [ERROR] LogOutputStream:75 - [STDERR_REDIRECT] 
2026-05-09 00:36:12,003 [ERROR] LogOutputStream:75 - [STDERR_REDIRECT] [Fatal Error] :1:1: Premature end of file.
2026-05-09 00:36:12,003 [ERROR] LogOutputStream:75 - [STDERR_REDIRECT] 
2026-05-09 00:36:12,997 [ERROR] LogOutputStream:75 - [STDERR_REDIRECT] [Fatal Error] :1:1: Premature end of file.
2026-05-09 00:36:12,997 [ERROR] LogOutputStream:75 - [STDERR_REDIRECT] 
2026-05-09 00:36:14,001 [ERROR] LogOutputStream:75 - [STDERR_REDIRECT] [Fatal Error] :1:1: Premature end of file.
2026-05-09 00:36:14,001 [ERROR] LogOutputStream:75 - [STDERR_REDIRECT] 
2026-05-09 00:36:15,008 [ERROR] LogOutputStream:75 - [STDERR_REDIRECT] [Fatal Error] :1:1: Premature end of file.
2026-05-09 00:36:15,008 [ERROR] LogOutputStream:75 - [STDERR_REDIRECT] 
2026-05-09 00:36:16,004 [ERROR] LogOutputStream:75 - [STDERR_REDIRECT] [Fatal Error] :1:1: Premature end of file.
2026-05-09 00:36:16,004 [ERROR] LogOutputStream:75 - [STDERR_REDIRECT] 
2026-05-09 00:36:17,000 [ERROR] LogOutputStream:75 - [STDERR_REDIRECT] [Fatal Error] :1:1: Premature end of file.
2026-05-09 00:36:17,000 [ERROR] LogOutputStream:75 - [STDERR_REDIRECT] 
2026-05-09 00:36:18,009 [ERROR] LogOutputStream:75 - [STDERR_REDIRECT] [Fatal Error] :1:1: Premature end of file.
2026-05-09 00:36:18,009 [ERROR] LogOutputStream:75 - [STDERR_REDIRECT] 
2026-05-09 00:36:19,000 [ERROR] LogOutputStream:75 - [STDERR_REDIRECT] [Fatal Error] :1:1: Premature end of file.
2026-05-09 00:36:19,000 [ERROR] LogOutputStream:75 - [STDERR_REDIRECT] 
2026-05-09 00:36:20,000 [ERROR] LogOutputStream:75 - [STDERR_REDIRECT] [Fatal Error] :1:1: Premature end of file.
2026-05-09 00:36:20,000 [ERROR] LogOutputStream:75 - [STDERR_REDIRECT] 
2026-05-09 00:36:21,008 [ERROR] LogOutputStream:75 - [STDERR_REDIRECT] [Fatal Error] :1:1: Premature end of file.
2026-05-09 00:36:21,008 [ERROR] LogOutputStream:75 - [STDERR_REDIRECT] 
2026-05-09 00:36:22,002 [ERROR] LogOutputStream:75 - [STDERR_REDIRECT] [Fatal Error] :1:1: Premature end of file.
2026-05-09 00:36:22,002 [ERROR] LogOutputStream:75 - [STDERR_REDIRECT] 
2026-05-09 00:36:23,004 [ERROR] LogOutputStream:75 - [STDERR_REDIRECT] [Fatal Error] :1:1: Premature end of file.
2026-05-09 00:36:23,004 [ERROR] LogOutputStream:75 - [STDERR_REDIRECT] 
2026-05-09 00:36:24,009 [ERROR] LogOutputStream:75 - [STDERR_REDIRECT] [Fatal Error] :1:1: Premature end of file.
2026-05-09 00:36:24,009 [ERROR] LogOutputStream:75 - [STDERR_REDIRECT] 
2026-05-09 00:36:25,003 [ERROR] LogOutputStream:75 - [STDERR_REDIRECT] [Fatal Error] :1:1: Premature end of file.
2026-05-09 00:36:25,003 [ERROR] LogOutputStream:75 - [STDERR_REDIRECT] 
2026-05-09 00:36:25,983 [ERROR] LogOutputStream:75 - [STDERR_REDIRECT] [Fatal Error] :1:1: Premature end of file.
2026-05-09 00:36:25,983 [ERROR] LogOutputStream:75 - [STDERR_REDIRECT] 
2026-05-09 00:36:27,010 [ERROR] LogOutputStream:75 - [STDERR_REDIRECT] [Fatal Error] :1:1: Premature end of file.
2026-05-09 00:36:27,010 [ERROR] LogOutputStream:75 - [STDERR_REDIRECT] 
2026-05-09 00:36:28,002 [ERROR] LogOutputStream:75 - [STDERR_REDIRECT] [Fatal Error] :1:1: Premature end of file.
2026-05-09 00:36:28,002 [ERROR] LogOutputStream:75 - [STDERR_REDIRECT] 
2026-05-09 00:36:29,003 [ERROR] LogOutputStream:75 - [STDERR_REDIRECT] [Fatal Error] :1:1: Premature end of file.
2026-05-09 00:36:29,003 [ERROR] LogOutputStream:75 - [STDERR_REDIRECT] 
2026-05-09 00:36:29,994 [ERROR] LogOutputStream:75 - [STDERR_REDIRECT] [Fatal Error] :1:1: Premature end of file.
2026-05-09 00:36:29,994 [ERROR] LogOutputStream:75 - [STDERR_REDIRECT] 
2026-05-09 00:36:31,010 [ERROR] LogOutputStream:75 - [STDERR_REDIRECT] [Fatal Error] :1:1: Premature end of file.
2026-05-09 00:36:31,010 [ERROR] LogOutputStream:75 - [STDERR_REDIRECT] 
2026-05-09 00:36:31,999 [ERROR] LogOutputStream:75 - [STDERR_REDIRECT] [Fatal Error] :1:1: Premature end of file.
2026-05-09 00:36:31,999 [ERROR] LogOutputStream:75 - [STDERR_REDIRECT] 
2026-05-09 00:36:33,005 [ERROR] LogOutputStream:75 - [STDERR_REDIRECT] [Fatal Error] :1:1: Premature end of file.
2026-05-09 00:36:33,005 [ERROR] LogOutputStream:75 - [STDERR_REDIRECT] 
2026-05-09 00:36:34,011 [ERROR] LogOutputStream:75 - [STDERR_REDIRECT] [Fatal Error] :1:1: Premature end of file.
2026-05-09 00:36:34,011 [ERROR] LogOutputStream:75 - [STDERR_REDIRECT] 
2026-05-09 00:36:35,006 [ERROR] LogOutputStream:75 - [STDERR_REDIRECT] [Fatal Error] :1:1: Premature end of file.
2026-05-09 00:36:35,006 [ERROR] LogOutputStream:75 - [STDERR_REDIRECT] 
2026-05-09 00:36:36,000 [ERROR] LogOutputStream:75 - [STDERR_REDIRECT] [Fatal Error] :1:1: Premature end of file.
2026-05-09 00:36:36,000 [ERROR] LogOutputStream:75 - [STDERR_REDIRECT] 
2026-05-09 00:36:37,001 [ERROR] LogOutputStream:75 - [STDERR_REDIRECT] [Fatal Error] :1:1: Premature end of file.
2026-05-09 00:36:37,001 [ERROR] LogOutputStream:75 - [STDERR_REDIRECT] 
2026-05-09 00:36:38,011 [ERROR] LogOutputStream:75 - [STDERR_REDIRECT] [Fatal Error] :1:1: Premature end of file.
2026-05-09 00:36:38,011 [ERROR] LogOutputStream:75 - [STDERR_REDIRECT] 
2026-05-09 00:36:39,006 [ERROR] LogOutputStream:75 - [STDERR_REDIRECT] [Fatal Error] :1:1: Premature end of file.
2026-05-09 00:36:39,006 [ERROR] LogOutputStream:75 - [STDERR_REDIRECT] 
2026-05-09 00:36:39,998 [ERROR] LogOutputStream:75 - [STDERR_REDIRECT] [Fatal Error] :1:1: Premature end of file.
2026-05-09 00:36:39,998 [ERROR] LogOutputStream:75 - [STDERR_REDIRECT] 
2026-05-09 00:36:41,009 [ERROR] LogOutputStream:75 - [STDERR_REDIRECT] [Fatal Error] :1:1: Premature end of file.
2026-05-09 00:36:41,009 [ERROR] LogOutputStream:75 - [STDERR_REDIRECT] 
2026-05-09 00:36:42,006 [ERROR] LogOutputStream:75 - [STDERR_REDIRECT] [Fatal Error] :1:1: Premature end of file.
2026-05-09 00:36:42,006 [ERROR] LogOutputStream:75 - [STDERR_REDIRECT] 
2026-05-09 00:36:43,008 [ERROR] LogOutputStream:75 - [STDERR_REDIRECT] [Fatal Error] :1:1: Premature end of file.
2026-05-09 00:36:43,008 [ERROR] LogOutputStream:75 - [STDERR_REDIRECT] 
2026-05-09 00:36:43,996 [ERROR] LogOutputStream:75 - [STDERR_REDIRECT] [Fatal Error] :1:1: Premature end of file.
2026-05-09 00:36:43,996 [ERROR] LogOutputStream:75 - [STDERR_REDIRECT] 
2026-05-09 00:36:45,002 [ERROR] LogOutputStream:75 - [STDERR_REDIRECT] [Fatal Error] :1:1: Premature end of file.
2026-05-09 00:36:45,002 [ERROR] LogOutputStream:75 - [STDERR_REDIRECT] 
2026-05-09 00:36:46,004 [ERROR] LogOutputStream:75 - [STDERR_REDIRECT] [Fatal Error] :1:1: Premature end of file.
2026-05-09 00:36:46,004 [ERROR] LogOutputStream:75 - [STDERR_REDIRECT] 
2026-05-09 00:36:47,019 [ERROR] LogOutputStream:75 - [STDERR_REDIRECT] [Fatal Error] :1:1: Premature end of file.
2026-05-09 00:36:47,019 [ERROR] LogOutputStream:75 - [STDERR_REDIRECT] 
2026-05-09 00:36:48,003 [ERROR] LogOutputStream:75 - [STDERR_REDIRECT] [Fatal Error] :1:1: Premature end of file.
2026-05-09 00:36:48,003 [ERROR] LogOutputStream:75 - [STDERR_REDIRECT] 
2026-05-09 00:36:49,015 [ERROR] LogOutputStream:75 - [STDERR_REDIRECT] [Fatal Error] :1:1: Premature end of file.
2026-05-09 00:36:49,015 [ERROR] LogOutputStream:75 - [STDERR_REDIRECT] 
2026-05-09 00:36:49,999 [ERROR] LogOutputStream:75 - [STDERR_REDIRECT] [Fatal Error] :1:1: Premature end of file.
2026-05-09 00:36:49,999 [ERROR] LogOutputStream:75 - [STDERR_REDIRECT] 
2026-05-09 00:36:51,014 [ERROR] LogOutputStream:75 - [STDERR_REDIRECT] [Fatal Error] :1:1: Premature end of file.
2026-05-09 00:36:51,014 [ERROR] LogOutputStream:75 - [STDERR_REDIRECT] 
2026-05-09 00:36:52,002 [ERROR] LogOutputStream:75 - [STDERR_REDIRECT] [Fatal Error] :1:1: Premature end of file.
2026-05-09 00:36:52,002 [ERROR] LogOutputStream:75 - [STDERR_REDIRECT] 
2026-05-09 00:36:52,998 [ERROR] LogOutputStream:75 - [STDERR_REDIRECT] [Fatal Error] :1:1: Premature end of file.
2026-05-09 00:36:52,998 [ERROR] LogOutputStream:75 - [STDERR_REDIRECT] 
2026-05-09 00:36:54,007 [ERROR] LogOutputStream:75 - [STDERR_REDIRECT] [Fatal Error] :1:1: Premature end of file.
2026-05-09 00:36:54,007 [ERROR] LogOutputStream:75 - [STDERR_REDIRECT] 
2026-05-09 00:36:55,013 [ERROR] LogOutputStream:75 - [STDERR_REDIRECT] [Fatal Error] :1:1: Premature end of file.
2026-05-09 00:36:55,013 [ERROR] LogOutputStream:75 - [STDERR_REDIRECT] 
2026-05-09 00:36:56,007 [ERROR] LogOutputStream:75 - [STDERR_REDIRECT] [Fatal Error] :1:1: Premature end of file.
2026-05-09 00:36:56,007 [ERROR] LogOutputStream:75 - [STDERR_REDIRECT] 
2026-05-09 00:36:56,992 [ERROR] LogOutputStream:75 - [STDERR_REDIRECT] [Fatal Error] :1:1: Premature end of file.
2026-05-09 00:36:56,992 [ERROR] LogOutputStream:75 - [STDERR_REDIRECT] 
2026-05-09 00:36:58,007 [ERROR] LogOutputStream:75 - [STDERR_REDIRECT] [Fatal Error] :1:1: Premature end of file.
2026-05-09 00:36:58,007 [ERROR] LogOutputStream:75 - [STDERR_REDIRECT] 
2026-05-09 00:36:59,001 [ERROR] LogOutputStream:75 - [STDERR_REDIRECT] [Fatal Error] :1:1: Premature end of file.
2026-05-09 00:36:59,001 [ERROR] LogOutputStream:75 - [STDERR_REDIRECT] 
2026-05-09 00:37:00,007 [ERROR] LogOutputStream:75 - [STDERR_REDIRECT] [Fatal Error] :1:1: Premature end of file.
2026-05-09 00:37:00,007 [ERROR] LogOutputStream:75 - [STDERR_REDIRECT] 
2026-05-09 00:37:00,984 [ERROR] LogOutputStream:75 - [STDERR_REDIRECT] [Fatal Error] :1:1: Premature end of file.
2026-05-09 00:37:00,984 [ERROR] LogOutputStream:75 - [STDERR_REDIRECT] 
2026-05-09 00:37:02,005 [ERROR] LogOutputStream:75 - [STDERR_REDIRECT] [Fatal Error] :1:1: Premature end of file.
2026-05-09 00:37:02,005 [ERROR] LogOutputStream:75 - [STDERR_REDIRECT] 
2026-05-09 00:37:02,999 [ERROR] LogOutputStream:75 - [STDERR_REDIRECT] [Fatal Error] :1:1: Premature end of file.
2026-05-09 00:37:02,999 [ERROR] LogOutputStream:75 - [STDERR_REDIRECT] 
2026-05-09 00:37:04,007 [ERROR] LogOutputStream:75 - [STDERR_REDIRECT] [Fatal Error] :1:1: Premature end of file.
2026-05-09 00:37:04,007 [ERROR] LogOutputStream:75 - [STDERR_REDIRECT] 
2026-05-09 00:37:05,001 [ERROR] LogOutputStream:75 - [STDERR_REDIRECT] [Fatal Error] :1:1: Premature end of file.
2026-05-09 00:37:05,001 [ERROR] LogOutputStream:75 - [STDERR_REDIRECT] 
2026-05-09 00:37:06,008 [ERROR] LogOutputStream:75 - [STDERR_REDIRECT] [Fatal Error] :1:1: Premature end of file.
2026-05-09 00:37:06,008 [ERROR] LogOutputStream:75 - [STDERR_REDIRECT] 
2026-05-09 00:37:07,000 [ERROR] LogOutputStream:75 - [STDERR_REDIRECT] [Fatal Error] :1:1: Premature end of file.
2026-05-09 00:37:07,000 [ERROR] LogOutputStream:75 - [STDERR_REDIRECT] 
2026-05-09 00:37:08,007 [ERROR] LogOutputStream:75 - [STDERR_REDIRECT] [Fatal Error] :1:1: Premature end of file.
2026-05-09 00:37:08,007 [ERROR] LogOutputStream:75 - [STDERR_REDIRECT] 
2026-05-09 00:37:09,003 [ERROR] LogOutputStream:75 - [STDERR_REDIRECT] [Fatal Error] :1:1: Premature end of file.
2026-05-09 00:37:09,003 [ERROR] LogOutputStream:75 - [STDERR_REDIRECT] 
2026-05-09 00:37:10,013 [ERROR] LogOutputStream:75 - [STDERR_REDIRECT] [Fatal Error] :1:1: Premature end of file.
2026-05-09 00:37:10,013 [ERROR] LogOutputStream:75 - [STDERR_REDIRECT] 
2026-05-09 00:37:10,999 [ERROR] LogOutputStream:75 - [STDERR_REDIRECT] [Fatal Error] :1:1: Premature end of file.
2026-05-09 00:37:10,999 [ERROR] LogOutputStream:75 - [STDERR_REDIRECT] 
2026-05-09 00:37:12,013 [ERROR] LogOutputStream:75 - [STDERR_REDIRECT] [Fatal Error] :1:1: Premature end of file.
2026-05-09 00:37:12,013 [ERROR] LogOutputStream:75 - [STDERR_REDIRECT] 
2026-05-09 00:37:13,012 [ERROR] LogOutputStream:75 - [STDERR_REDIRECT] [Fatal Error] :1:1: Premature end of file.
2026-05-09 00:37:13,012 [ERROR] LogOutputStream:75 - [STDERR_REDIRECT] 
2026-05-09 00:37:13,995 [ERROR] LogOutputStream:75 - [STDERR_REDIRECT] [Fatal Error] :1:1: Premature end of file.
2026-05-09 00:37:13,995 [ERROR] LogOutputStream:75 - [STDERR_REDIRECT] 
2026-05-09 00:37:15,003 [ERROR] LogOutputStream:75 - [STDERR_REDIRECT] [Fatal Error] :1:1: Premature end of file.
2026-05-09 00:37:15,008 [ERROR] LogOutputStream:75 - [STDERR_REDIRECT] 
2026-05-09 00:37:16,010 [ERROR] LogOutputStream:75 - [STDERR_REDIRECT] [Fatal Error] :1:1: Premature end of file.
2026-05-09 00:37:16,010 [ERROR] LogOutputStream:75 - [STDERR_REDIRECT] 
2026-05-09 00:37:16,983 [ERROR] LogOutputStream:75 - [STDERR_REDIRECT] [Fatal Error] :1:1: Premature end of file.
2026-05-09 00:37:16,983 [ERROR] LogOutputStream:75 - [STDERR_REDIRECT] 
2026-05-09 00:37:18,007 [ERROR] LogOutputStream:75 - [STDERR_REDIRECT] [Fatal Error] :1:1: Premature end of file.
2026-05-09 00:37:18,007 [ERROR] LogOutputStream:75 - [STDERR_REDIRECT] 
2026-05-09 00:37:19,001 [ERROR] LogOutputStream:75 - [STDERR_REDIRECT] [Fatal Error] :1:1: Premature end of file.
2026-05-09 00:37:19,001 [ERROR] LogOutputStream:75 - [STDERR_REDIRECT] 
2026-05-09 00:37:20,011 [ERROR] LogOutputStream:75 - [STDERR_REDIRECT] [Fatal Error] :1:1: Premature end of file.
2026-05-09 00:37:20,011 [ERROR] LogOutputStream:75 - [STDERR_REDIRECT] 
2026-05-09 00:37:21,007 [ERROR] LogOutputStream:75 - [STDERR_REDIRECT] [Fatal Error] :1:1: Premature end of file.
2026-05-09 00:37:21,007 [ERROR] LogOutputStream:75 - [STDERR_REDIRECT] 
2026-05-09 00:37:22,013 [ERROR] LogOutputStream:75 - [STDERR_REDIRECT] [Fatal Error] :1:1: Premature end of file.
2026-05-09 00:37:22,013 [ERROR] LogOutputStream:75 - [STDERR_REDIRECT] 
2026-05-09 00:37:23,000 [ERROR] LogOutputStream:75 - [STDERR_REDIRECT] [Fatal Error] :1:1: Premature end of file.
2026-05-09 00:37:23,000 [ERROR] LogOutputStream:75 - [STDERR_REDIRECT] 
2026-05-09 00:37:24,014 [ERROR] LogOutputStream:75 - [STDERR_REDIRECT] [Fatal Error] :1:1: Premature end of file.
2026-05-09 00:37:24,014 [ERROR] LogOutputStream:75 - [STDERR_REDIRECT] 
2026-05-09 00:37:25,002 [ERROR] LogOutputStream:75 - [STDERR_REDIRECT] [Fatal Error] :1:1: Premature end of file.
2026-05-09 00:37:25,002 [ERROR] LogOutputStream:75 - [STDERR_REDIRECT] 
2026-05-09 00:37:26,009 [ERROR] LogOutputStream:75 - [STDERR_REDIRECT] [Fatal Error] :1:1: Premature end of file.
2026-05-09 00:37:26,009 [ERROR] LogOutputStream:75 - [STDERR_REDIRECT] 
2026-05-09 00:37:27,004 [ERROR] LogOutputStream:75 - [STDERR_REDIRECT] [Fatal Error] :1:1: Premature end of file.
2026-05-09 00:37:27,004 [ERROR] LogOutputStream:75 - [STDERR_REDIRECT] 
2026-05-09 00:37:27,992 [ERROR] LogOutputStream:75 - [STDERR_REDIRECT] [Fatal Error] :1:1: Premature end of file.
2026-05-09 00:37:27,992 [ERROR] LogOutputStream:75 - [STDERR_REDIRECT] 
2026-05-09 00:37:29,007 [ERROR] LogOutputStream:75 - [STDERR_REDIRECT] [Fatal Error] :1:1: Premature end of file.
2026-05-09 00:37:29,007 [ERROR] LogOutputStream:75 - [STDERR_REDIRECT] 
2026-05-09 00:37:29,997 [ERROR] LogOutputStream:75 - [STDERR_REDIRECT] [Fatal Error] :1:1: Premature end of file.
2026-05-09 00:37:29,997 [ERROR] LogOutputStream:75 - [STDERR_REDIRECT] 
2026-05-09 00:37:30,991 [ERROR] LogOutputStream:75 - [STDERR_REDIRECT] [Fatal Error] :1:1: Premature end of file.
2026-05-09 00:37:30,991 [ERROR] LogOutputStream:75 - [STDERR_REDIRECT] 
2026-05-09 00:37:31,995 [ERROR] LogOutputStream:75 - [STDERR_REDIRECT] [Fatal Error] :1:1: Premature end of file.
2026-05-09 00:37:31,995 [ERROR] LogOutputStream:75 - [STDERR_REDIRECT] 
2026-05-09 00:37:33,007 [ERROR] LogOutputStream:75 - [STDERR_REDIRECT] [Fatal Error] :1:1: Premature end of file.
2026-05-09 00:37:33,007 [ERROR] LogOutputStream:75 - [STDERR_REDIRECT] 
2026-05-09 00:37:33,999 [ERROR] LogOutputStream:75 - [STDERR_REDIRECT] [Fatal Error] :1:1: Premature end of file.
2026-05-09 00:37:33,999 [ERROR] LogOutputStream:75 - [STDERR_REDIRECT] 
2026-05-09 00:37:35,002 [ERROR] LogOutputStream:75 - [STDERR_REDIRECT] [Fatal Error] :1:1: Premature end of file.
2026-05-09 00:37:35,002 [ERROR] LogOutputStream:75 - [STDERR_REDIRECT] 
2026-05-09 00:37:36,012 [ERROR] LogOutputStream:75 - [STDERR_REDIRECT] [Fatal Error] :1:1: Premature end of file.
2026-05-09 00:37:36,012 [ERROR] LogOutputStream:75 - [STDERR_REDIRECT] 
2026-05-09 00:37:37,001 [ERROR] LogOutputStream:75 - [STDERR_REDIRECT] [Fatal Error] :1:1: Premature end of file.
2026-05-09 00:37:37,001 [ERROR] LogOutputStream:75 - [STDERR_REDIRECT] 
2026-05-09 00:37:38,013 [ERROR] LogOutputStream:75 - [STDERR_REDIRECT] [Fatal Error] :1:1: Premature end of file.
2026-05-09 00:37:38,013 [ERROR] LogOutputStream:75 - [STDERR_REDIRECT] 
2026-05-09 00:37:39,008 [ERROR] LogOutputStream:75 - [STDERR_REDIRECT] [Fatal Error] :1:1: Premature end of file.
2026-05-09 00:37:39,008 [ERROR] LogOutputStream:75 - [STDERR_REDIRECT] 
2026-05-09 00:37:39,993 [ERROR] LogOutputStream:75 - [STDERR_REDIRECT] [Fatal Error] :1:1: Premature end of file.
2026-05-09 00:37:39,993 [ERROR] LogOutputStream:75 - [STDERR_REDIRECT] 
2026-05-09 00:37:40,994 [ERROR] LogOutputStream:75 - [STDERR_REDIRECT] [Fatal Error] :1:1: Premature end of file.
2026-05-09 00:37:40,994 [ERROR] LogOutputStream:75 - [STDERR_REDIRECT] 
2026-05-09 00:37:41,997 [ERROR] LogOutputStream:75 - [STDERR_REDIRECT] [Fatal Error] :1:1: Premature end of file.
2026-05-09 00:37:41,997 [ERROR] LogOutputStream:75 - [STDERR_REDIRECT] 
2026-05-09 00:37:43,010 [ERROR] LogOutputStream:75 - [STDERR_REDIRECT] [Fatal Error] :1:1: Premature end of file.
2026-05-09 00:37:43,010 [ERROR] LogOutputStream:75 - [STDERR_REDIRECT] 
2026-05-09 00:37:44,014 [ERROR] LogOutputStream:75 - [STDERR_REDIRECT] [Fatal Error] :1:1: Premature end of file.
2026-05-09 00:37:44,014 [ERROR] LogOutputStream:75 - [STDERR_REDIRECT] 
2026-05-09 00:37:44,987 [ERROR] LogOutputStream:75 - [STDERR_REDIRECT] [Fatal Error] :1:1: Premature end of file.
2026-05-09 00:37:44,987 [ERROR] LogOutputStream:75 - [STDERR_REDIRECT] 
2026-05-09 00:37:45,983 [ERROR] LogOutputStream:75 - [STDERR_REDIRECT] [Fatal Error] :1:1: Premature end of file.
2026-05-09 00:37:45,983 [ERROR] LogOutputStream:75 - [STDERR_REDIRECT] 
2026-05-09 00:37:46,999 [ERROR] LogOutputStream:75 - [STDERR_REDIRECT] [Fatal Error] :1:1: Premature end of file.
2026-05-09 00:37:46,999 [ERROR] LogOutputStream:75 - [STDERR_REDIRECT] 
2026-05-09 00:37:48,009 [ERROR] LogOutputStream:75 - [STDERR_REDIRECT] [Fatal Error] :1:1: Premature end of file.
2026-05-09 00:37:48,009 [ERROR] LogOutputStream:75 - [STDERR_REDIRECT] 
2026-05-09 00:37:48,998 [ERROR] LogOutputStream:75 - [STDERR_REDIRECT] [Fatal Error] :1:1: Premature end of file.
2026-05-09 00:37:48,998 [ERROR] LogOutputStream:75 - [STDERR_REDIRECT] 
2026-05-09 00:37:49,998 [ERROR] LogOutputStream:75 - [STDERR_REDIRECT] [Fatal Error] :1:1: Premature end of file.
2026-05-09 00:37:49,998 [ERROR] LogOutputStream:75 - [STDERR_REDIRECT] 
2026-05-09 00:37:50,999 [ERROR] LogOutputStream:75 - [STDERR_REDIRECT] [Fatal Error] :1:1: Premature end of file.
2026-05-09 00:37:50,999 [ERROR] LogOutputStream:75 - [STDERR_REDIRECT] 
2026-05-09 00:37:52,000 [ERROR] LogOutputStream:75 - [STDERR_REDIRECT] [Fatal Error] :1:1: Premature end of file.
2026-05-09 00:37:52,000 [ERROR] LogOutputStream:75 - [STDERR_REDIRECT] 
2026-05-09 00:37:53,000 [ERROR] LogOutputStream:75 - [STDERR_REDIRECT] [Fatal Error] :1:1: Premature end of file.
2026-05-09 00:37:53,000 [ERROR] LogOutputStream:75 - [STDERR_REDIRECT] 
2026-05-09 00:37:53,999 [ERROR] LogOutputStream:75 - [STDERR_REDIRECT] [Fatal Error] :1:1: Premature end of file.
2026-05-09 00:37:53,999 [ERROR] LogOutputStream:75 - [STDERR_REDIRECT] 
2026-05-09 00:37:54,990 [ERROR] LogOutputStream:75 - [STDERR_REDIRECT] [Fatal Error] :1:1: Premature end of file.
2026-05-09 00:37:54,990 [ERROR] LogOutputStream:75 - [STDERR_REDIRECT] 
2026-05-09 00:37:55,999 [ERROR] LogOutputStream:75 - [STDERR_REDIRECT] [Fatal Error] :1:1: Premature end of file.
2026-05-09 00:37:55,999 [ERROR] LogOutputStream:75 - [STDERR_REDIRECT] 
2026-05-09 00:37:57,008 [ERROR] LogOutputStream:75 - [STDERR_REDIRECT] [Fatal Error] :1:1: Premature end of file.
2026-05-09 00:37:57,008 [ERROR] LogOutputStream:75 - [STDERR_REDIRECT] 
2026-05-09 00:37:58,001 [ERROR] LogOutputStream:75 - [STDERR_REDIRECT] [Fatal Error] :1:1: Premature end of file.
2026-05-09 00:37:58,001 [ERROR] LogOutputStream:75 - [STDERR_REDIRECT] 
2026-05-09 00:37:59,001 [ERROR] LogOutputStream:75 - [STDERR_REDIRECT] [Fatal Error] :1:1: Premature end of file.
2026-05-09 00:37:59,001 [ERROR] LogOutputStream:75 - [STDERR_REDIRECT] 
2026-05-09 00:37:59,999 [ERROR] LogOutputStream:75 - [STDERR_REDIRECT] [Fatal Error] :1:1: Premature end of file.
2026-05-09 00:37:59,999 [ERROR] LogOutputStream:75 - [STDERR_REDIRECT] 
2026-05-09 00:38:00,989 [ERROR] LogOutputStream:75 - [STDERR_REDIRECT] [Fatal Error] :1:1: Premature end of file.
2026-05-09 00:38:00,989 [ERROR] LogOutputStream:75 - [STDERR_REDIRECT] 
2026-05-09 00:38:02,011 [ERROR] LogOutputStream:75 - [STDERR_REDIRECT] [Fatal Error] :1:1: Premature end of file.
2026-05-09 00:38:02,011 [ERROR] LogOutputStream:75 - [STDERR_REDIRECT] 
2026-05-09 00:38:03,005 [ERROR] LogOutputStream:75 - [STDERR_REDIRECT] [Fatal Error] :1:1: Premature end of file.
2026-05-09 00:38:03,005 [ERROR] LogOutputStream:75 - [STDERR_REDIRECT] 
2026-05-09 00:38:03,999 [ERROR] LogOutputStream:75 - [STDERR_REDIRECT] [Fatal Error] :1:1: Premature end of file.
2026-05-09 00:38:03,999 [ERROR] LogOutputStream:75 - [STDERR_REDIRECT] 
2026-05-09 00:38:04,980 [ERROR] LogOutputStream:75 - [STDERR_REDIRECT] [Fatal Error] :1:1: Premature end of file.
2026-05-09 00:38:04,980 [ERROR] LogOutputStream:75 - [STDERR_REDIRECT] 
2026-05-09 00:38:06,004 [ERROR] LogOutputStream:75 - [STDERR_REDIRECT] [Fatal Error] :1:1: Premature end of file.
2026-05-09 00:38:06,004 [ERROR] LogOutputStream:75 - [STDERR_REDIRECT] 
2026-05-09 00:38:06,998 [ERROR] LogOutputStream:75 - [STDERR_REDIRECT] [Fatal Error] :1:1: Premature end of file.
2026-05-09 00:38:06,998 [ERROR] LogOutputStream:75 - [STDERR_REDIRECT] 
2026-05-09 00:38:08,010 [ERROR] LogOutputStream:75 - [STDERR_REDIRECT] [Fatal Error] :1:1: Premature end of file.
2026-05-09 00:38:08,010 [ERROR] LogOutputStream:75 - [STDERR_REDIRECT] 
2026-05-09 00:38:08,987 [ERROR] LogOutputStream:75 - [STDERR_REDIRECT] [Fatal Error] :1:1: Premature end of file.
2026-05-09 00:38:08,987 [ERROR] LogOutputStream:75 - [STDERR_REDIRECT] 
2026-05-09 00:38:09,998 [ERROR] LogOutputStream:75 - [STDERR_REDIRECT] [Fatal Error] :1:1: Premature end of file.
2026-05-09 00:38:09,998 [ERROR] LogOutputStream:75 - [STDERR_REDIRECT] 
2026-05-09 00:38:11,001 [ERROR] LogOutputStream:75 - [STDERR_REDIRECT] [Fatal Error] :1:1: Premature end of file.
2026-05-09 00:38:11,001 [ERROR] LogOutputStream:75 - [STDERR_REDIRECT] 
2026-05-09 00:38:12,012 [ERROR] LogOutputStream:75 - [STDERR_REDIRECT] [Fatal Error] :1:1: Premature end of file.
2026-05-09 00:38:12,012 [ERROR] LogOutputStream:75 - [STDERR_REDIRECT] 
2026-05-09 00:38:13,006 [ERROR] LogOutputStream:75 - [STDERR_REDIRECT] [Fatal Error] :1:1: Premature end of file.
2026-05-09 00:38:13,006 [ERROR] LogOutputStream:75 - [STDERR_REDIRECT] 
2026-05-09 00:38:13,992 [ERROR] LogOutputStream:75 - [STDERR_REDIRECT] [Fatal Error] :1:1: Premature end of file.
2026-05-09 00:38:13,992 [ERROR] LogOutputStream:75 - [STDERR_REDIRECT] 
2026-05-09 00:38:15,013 [ERROR] LogOutputStream:75 - [STDERR_REDIRECT] [Fatal Error] :1:1: Premature end of file.
2026-05-09 00:38:15,013 [ERROR] LogOutputStream:75 - [STDERR_REDIRECT] 
2026-05-09 00:38:16,007 [ERROR] LogOutputStream:75 - [STDERR_REDIRECT] [Fatal Error] :1:1: Premature end of file.
2026-05-09 00:38:16,007 [ERROR] LogOutputStream:75 - [STDERR_REDIRECT] 
2026-05-09 00:38:17,009 [ERROR] LogOutputStream:75 - [STDERR_REDIRECT] [Fatal Error] :1:1: Premature end of file.
2026-05-09 00:38:17,009 [ERROR] LogOutputStream:75 - [STDERR_REDIRECT] 
2026-05-09 00:38:18,009 [ERROR] LogOutputStream:75 - [STDERR_REDIRECT] [Fatal Error] :1:1: Premature end of file.
2026-05-09 00:38:18,009 [ERROR] LogOutputStream:75 - [STDERR_REDIRECT] 
2026-05-09 00:38:19,005 [ERROR] LogOutputStream:75 - [STDERR_REDIRECT] [Fatal Error] :1:1: Premature end of file.
2026-05-09 00:38:19,005 [ERROR] LogOutputStream:75 - [STDERR_REDIRECT] 
2026-05-09 00:38:20,008 [ERROR] LogOutputStream:75 - [STDERR_REDIRECT] [Fatal Error] :1:1: Premature end of file.
2026-05-09 00:38:20,008 [ERROR] LogOutputStream:75 - [STDERR_REDIRECT] 
2026-05-09 00:38:20,995 [ERROR] LogOutputStream:75 - [STDERR_REDIRECT] [Fatal Error] :1:1: Premature end of file.
2026-05-09 00:38:20,995 [ERROR] LogOutputStream:75 - [STDERR_REDIRECT] 
2026-05-09 00:38:21,988 [ERROR] LogOutputStream:75 - [STDERR_REDIRECT] [Fatal Error] :1:1: Premature end of file.
2026-05-09 00:38:21,988 [ERROR] LogOutputStream:75 - [STDERR_REDIRECT] 
2026-05-09 00:38:22,995 [ERROR] LogOutputStream:75 - [STDERR_REDIRECT] [Fatal Error] :1:1: Premature end of file.
2026-05-09 00:38:22,995 [ERROR] LogOutputStream:75 - [STDERR_REDIRECT] 
2026-05-09 00:38:23,987 [ERROR] LogOutputStream:75 - [STDERR_REDIRECT] [Fatal Error] :1:1: Premature end of file.
2026-05-09 00:38:23,987 [ERROR] LogOutputStream:75 - [STDERR_REDIRECT] 
2026-05-09 00:38:24,988 [ERROR] LogOutputStream:75 - [STDERR_REDIRECT] [Fatal Error] :1:1: Premature end of file.
2026-05-09 00:38:24,988 [ERROR] LogOutputStream:75 - [STDERR_REDIRECT] 
2026-05-09 00:38:26,009 [ERROR] LogOutputStream:75 - [STDERR_REDIRECT] [Fatal Error] :1:1: Premature end of file.
2026-05-09 00:38:26,009 [ERROR] LogOutputStream:75 - [STDERR_REDIRECT] 
2026-05-09 00:38:26,999 [ERROR] LogOutputStream:75 - [STDERR_REDIRECT] [Fatal Error] :1:1: Premature end of file.
2026-05-09 00:38:26,999 [ERROR] LogOutputStream:75 - [STDERR_REDIRECT] 
2026-05-09 00:38:27,998 [ERROR] LogOutputStream:75 - [STDERR_REDIRECT] [Fatal Error] :1:1: Premature end of file.
2026-05-09 00:38:27,998 [ERROR] LogOutputStream:75 - [STDERR_REDIRECT] 
2026-05-09 00:38:28,986 [ERROR] LogOutputStream:75 - [STDERR_REDIRECT] [Fatal Error] :1:1: Premature end of file.
2026-05-09 00:38:28,986 [ERROR] LogOutputStream:75 - [STDERR_REDIRECT] 
2026-05-09 00:38:30,009 [ERROR] LogOutputStream:75 - [STDERR_REDIRECT] [Fatal Error] :1:1: Premature end of file.
2026-05-09 00:38:30,009 [ERROR] LogOutputStream:75 - [STDERR_REDIRECT] 
2026-05-09 00:38:31,012 [ERROR] LogOutputStream:75 - [STDERR_REDIRECT] [Fatal Error] :1:1: Premature end of file.
2026-05-09 00:38:31,026 [ERROR] LogOutputStream:75 - [STDERR_REDIRECT] 
2026-05-09 00:38:32,007 [ERROR] LogOutputStream:75 - [STDERR_REDIRECT] [Fatal Error] :1:1: Premature end of file.
2026-05-09 00:38:32,007 [ERROR] LogOutputStream:75 - [STDERR_REDIRECT] 
2026-05-09 00:38:33,009 [ERROR] LogOutputStream:75 - [STDERR_REDIRECT] [Fatal Error] :1:1: Premature end of file.
2026-05-09 00:38:33,009 [ERROR] LogOutputStream:75 - [STDERR_REDIRECT] 
2026-05-09 00:38:33,997 [ERROR] LogOutputStream:75 - [STDERR_REDIRECT] [Fatal Error] :1:1: Premature end of file.
2026-05-09 00:38:33,997 [ERROR] LogOutputStream:75 - [STDERR_REDIRECT] 
2026-05-09 00:38:35,004 [ERROR] LogOutputStream:75 - [STDERR_REDIRECT] [Fatal Error] :1:1: Premature end of file.
2026-05-09 00:38:35,004 [ERROR] LogOutputStream:75 - [STDERR_REDIRECT] 
2026-05-09 00:38:36,000 [ERROR] LogOutputStream:75 - [STDERR_REDIRECT] [Fatal Error] :1:1: Premature end of file.
2026-05-09 00:38:36,000 [ERROR] LogOutputStream:75 - [STDERR_REDIRECT] 
2026-05-09 00:38:36,994 [ERROR] LogOutputStream:75 - [STDERR_REDIRECT] [Fatal Error] :1:1: Premature end of file.
2026-05-09 00:38:36,994 [ERROR] LogOutputStream:75 - [STDERR_REDIRECT] 
2026-05-09 00:38:37,998 [ERROR] LogOutputStream:75 - [STDERR_REDIRECT] [Fatal Error] :1:1: Premature end of file.
2026-05-09 00:38:37,998 [ERROR] LogOutputStream:75 - [STDERR_REDIRECT] 
2026-05-09 00:38:39,005 [ERROR] LogOutputStream:75 - [STDERR_REDIRECT] [Fatal Error] :1:1: Premature end of file.
2026-05-09 00:38:39,005 [ERROR] LogOutputStream:75 - [STDERR_REDIRECT] 
2026-05-09 00:38:40,008 [ERROR] LogOutputStream:75 - [STDERR_REDIRECT] [Fatal Error] :1:1: Premature end of file.
2026-05-09 00:38:40,008 [ERROR] LogOutputStream:75 - [STDERR_REDIRECT] 
2026-05-09 00:38:41,012 [ERROR] LogOutputStream:75 - [STDERR_REDIRECT] [Fatal Error] :1:1: Premature end of file.
2026-05-09 00:38:41,012 [ERROR] LogOutputStream:75 - [STDERR_REDIRECT] 
2026-05-09 00:38:42,003 [ERROR] LogOutputStream:75 - [STDERR_REDIRECT] [Fatal Error] :1:1: Premature end of file.
2026-05-09 00:38:42,003 [ERROR] LogOutputStream:75 - [STDERR_REDIRECT] 
2026-05-09 00:38:43,006 [ERROR] LogOutputStream:75 - [STDERR_REDIRECT] [Fatal Error] :1:1: Premature end of file.
2026-05-09 00:38:43,006 [ERROR] LogOutputStream:75 - [STDERR_REDIRECT] 
2026-05-09 00:38:44,005 [ERROR] LogOutputStream:75 - [STDERR_REDIRECT] [Fatal Error] :1:1: Premature end of file.
2026-05-09 00:38:44,005 [ERROR] LogOutputStream:75 - [STDERR_REDIRECT] 
2026-05-09 00:38:44,997 [ERROR] LogOutputStream:75 - [STDERR_REDIRECT] [Fatal Error] :1:1: Premature end of file.
2026-05-09 00:38:44,997 [ERROR] LogOutputStream:75 - [STDERR_REDIRECT] 
2026-05-09 00:38:46,003 [ERROR] LogOutputStream:75 - [STDERR_REDIRECT] [Fatal Error] :1:1: Premature end of file.
2026-05-09 00:38:46,016 [ERROR] LogOutputStream:75 - [STDERR_REDIRECT] 
2026-05-09 00:38:47,011 [ERROR] LogOutputStream:75 - [STDERR_REDIRECT] [Fatal Error] :1:1: Premature end of file.
2026-05-09 00:38:47,011 [ERROR] LogOutputStream:75 - [STDERR_REDIRECT] 
2026-05-09 00:38:47,999 [ERROR] LogOutputStream:75 - [STDERR_REDIRECT] [Fatal Error] :1:1: Premature end of file.
2026-05-09 00:38:47,999 [ERROR] LogOutputStream:75 - [STDERR_REDIRECT] 
2026-05-09 00:38:49,010 [ERROR] LogOutputStream:75 - [STDERR_REDIRECT] [Fatal Error] :1:1: Premature end of file.
2026-05-09 00:38:49,010 [ERROR] LogOutputStream:75 - [STDERR_REDIRECT] 
2026-05-09 00:38:50,010 [ERROR] LogOutputStream:75 - [STDERR_REDIRECT] [Fatal Error] :1:1: Premature end of file.
2026-05-09 00:38:50,010 [ERROR] LogOutputStream:75 - [STDERR_REDIRECT] 
2026-05-09 00:38:50,996 [ERROR] LogOutputStream:75 - [STDERR_REDIRECT] [Fatal Error] :1:1: Premature end of file.
2026-05-09 00:38:50,996 [ERROR] LogOutputStream:75 - [STDERR_REDIRECT] 
2026-05-09 00:38:52,006 [ERROR] LogOutputStream:75 - [STDERR_REDIRECT] [Fatal Error] :1:1: Premature end of file.
2026-05-09 00:38:52,006 [ERROR] LogOutputStream:75 - [STDERR_REDIRECT] 
2026-05-09 00:38:52,981 [ERROR] LogOutputStream:75 - [STDERR_REDIRECT] [Fatal Error] :1:1: Premature end of file.
2026-05-09 00:38:52,981 [ERROR] LogOutputStream:75 - [STDERR_REDIRECT] 
2026-05-09 00:38:54,002 [ERROR] LogOutputStream:75 - [STDERR_REDIRECT] [Fatal Error] :1:1: Premature end of file.
2026-05-09 00:38:54,002 [ERROR] LogOutputStream:75 - [STDERR_REDIRECT] 
2026-05-09 00:38:54,995 [ERROR] LogOutputStream:75 - [STDERR_REDIRECT] [Fatal Error] :1:1: Premature end of file.
2026-05-09 00:38:54,995 [ERROR] LogOutputStream:75 - [STDERR_REDIRECT] 
2026-05-09 00:38:56,006 [ERROR] LogOutputStream:75 - [STDERR_REDIRECT] [Fatal Error] :1:1: Premature end of file.
2026-05-09 00:38:56,006 [ERROR] LogOutputStream:75 - [STDERR_REDIRECT] 
2026-05-09 00:38:57,001 [ERROR] LogOutputStream:75 - [STDERR_REDIRECT] [Fatal Error] :1:1: Premature end of file.
2026-05-09 00:38:57,001 [ERROR] LogOutputStream:75 - [STDERR_REDIRECT] 
2026-05-09 00:38:57,983 [ERROR] LogOutputStream:75 - [STDERR_REDIRECT] [Fatal Error] :1:1: Premature end of file.
2026-05-09 00:38:57,983 [ERROR] LogOutputStream:75 - [STDERR_REDIRECT] 
2026-05-09 00:38:59,006 [ERROR] LogOutputStream:75 - [STDERR_REDIRECT] [Fatal Error] :1:1: Premature end of file.
2026-05-09 00:38:59,006 [ERROR] LogOutputStream:75 - [STDERR_REDIRECT] 
2026-05-09 00:38:59,996 [ERROR] LogOutputStream:75 - [STDERR_REDIRECT] [Fatal Error] :1:1: Premature end of file.
2026-05-09 00:38:59,996 [ERROR] LogOutputStream:75 - [STDERR_REDIRECT] 
2026-05-09 00:39:01,001 [ERROR] LogOutputStream:75 - [STDERR_REDIRECT] [Fatal Error] :1:1: Premature end of file.
2026-05-09 00:39:01,016 [ERROR] LogOutputStream:75 - [STDERR_REDIRECT] 
2026-05-09 00:39:01,999 [ERROR] LogOutputStream:75 - [STDERR_REDIRECT] [Fatal Error] :1:1: Premature end of file.
2026-05-09 00:39:01,999 [ERROR] LogOutputStream:75 - [STDERR_REDIRECT] 
2026-05-09 00:39:03,017 [ERROR] LogOutputStream:75 - [STDERR_REDIRECT] [Fatal Error] :1:1: Premature end of file.
2026-05-09 00:39:03,017 [ERROR] LogOutputStream:75 - [STDERR_REDIRECT] 
2026-05-09 00:39:03,999 [ERROR] LogOutputStream:75 - [STDERR_REDIRECT] [Fatal Error] :1:1: Premature end of file.
2026-05-09 00:39:03,999 [ERROR] LogOutputStream:75 - [STDERR_REDIRECT] 
2026-05-09 00:39:05,010 [ERROR] LogOutputStream:75 - [STDERR_REDIRECT] [Fatal Error] :1:1: Premature end of file.
2026-05-09 00:39:05,010 [ERROR] LogOutputStream:75 - [STDERR_REDIRECT] 
2026-05-09 00:39:06,003 [ERROR] LogOutputStream:75 - [STDERR_REDIRECT] [Fatal Error] :1:1: Premature end of file.
2026-05-09 00:39:06,003 [ERROR] LogOutputStream:75 - [STDERR_REDIRECT] 
2026-05-09 00:39:06,996 [ERROR] LogOutputStream:75 - [STDERR_REDIRECT] [Fatal Error] :1:1: Premature end of file.
2026-05-09 00:39:06,996 [ERROR] LogOutputStream:75 - [STDERR_REDIRECT] 
2026-05-09 00:39:08,006 [ERROR] LogOutputStream:75 - [STDERR_REDIRECT] [Fatal Error] :1:1: Premature end of file.
2026-05-09 00:39:08,006 [ERROR] LogOutputStream:75 - [STDERR_REDIRECT] 
2026-05-09 00:39:09,001 [ERROR] LogOutputStream:75 - [STDERR_REDIRECT] [Fatal Error] :1:1: Premature end of file.
2026-05-09 00:39:09,001 [ERROR] LogOutputStream:75 - [STDERR_REDIRECT] 
2026-05-09 00:39:10,005 [ERROR] LogOutputStream:75 - [STDERR_REDIRECT] [Fatal Error] :1:1: Premature end of file.
2026-05-09 00:39:10,005 [ERROR] LogOutputStream:75 - [STDERR_REDIRECT] 
2026-05-09 00:39:11,002 [ERROR] LogOutputStream:75 - [STDERR_REDIRECT] [Fatal Error] :1:1: Premature end of file.
2026-05-09 00:39:11,002 [ERROR] LogOutputStream:75 - [STDERR_REDIRECT] 
2026-05-09 00:39:12,007 [ERROR] LogOutputStream:75 - [STDERR_REDIRECT] [Fatal Error] :1:1: Premature end of file.
2026-05-09 00:39:12,007 [ERROR] LogOutputStream:75 - [STDERR_REDIRECT] 
2026-05-09 00:39:13,011 [ERROR] LogOutputStream:75 - [STDERR_REDIRECT] [Fatal Error] :1:1: Premature end of file.
2026-05-09 00:39:13,011 [ERROR] LogOutputStream:75 - [STDERR_REDIRECT] 
2026-05-09 00:39:14,002 [ERROR] LogOutputStream:75 - [STDERR_REDIRECT] [Fatal Error] :1:1: Premature end of file.
2026-05-09 00:39:14,002 [ERROR] LogOutputStream:75 - [STDERR_REDIRECT] 
2026-05-09 00:39:14,988 [ERROR] LogOutputStream:75 - [STDERR_REDIRECT] [Fatal Error] :1:1: Premature end of file.
2026-05-09 00:39:15,004 [ERROR] LogOutputStream:75 - [STDERR_REDIRECT] 
2026-05-09 00:39:16,004 [ERROR] LogOutputStream:75 - [STDERR_REDIRECT] [Fatal Error] :1:1: Premature end of file.
2026-05-09 00:39:16,010 [ERROR] LogOutputStream:75 - [STDERR_REDIRECT] 
2026-05-09 00:39:17,003 [ERROR] LogOutputStream:75 - [STDERR_REDIRECT] [Fatal Error] :1:1: Premature end of file.
2026-05-09 00:39:17,003 [ERROR] LogOutputStream:75 - [STDERR_REDIRECT] 
2026-05-09 00:39:18,004 [ERROR] LogOutputStream:75 - [STDERR_REDIRECT] [Fatal Error] :1:1: Premature end of file.
2026-05-09 00:39:18,004 [ERROR] LogOutputStream:75 - [STDERR_REDIRECT] 
2026-05-09 00:39:19,001 [ERROR] LogOutputStream:75 - [STDERR_REDIRECT] [Fatal Error] :1:1: Premature end of file.
2026-05-09 00:39:19,001 [ERROR] LogOutputStream:75 - [STDERR_REDIRECT] 
2026-05-09 00:39:19,990 [ERROR] LogOutputStream:75 - [STDERR_REDIRECT] [Fatal Error] :1:1: Premature end of file.
2026-05-09 00:39:19,990 [ERROR] LogOutputStream:75 - [STDERR_REDIRECT] 
2026-05-09 00:39:21,005 [ERROR] LogOutputStream:75 - [STDERR_REDIRECT] [Fatal Error] :1:1: Premature end of file.
2026-05-09 00:39:21,005 [ERROR] LogOutputStream:75 - [STDERR_REDIRECT] 
2026-05-09 00:39:22,009 [ERROR] LogOutputStream:75 - [STDERR_REDIRECT] [Fatal Error] :1:1: Premature end of file.
2026-05-09 00:39:22,009 [ERROR] LogOutputStream:75 - [STDERR_REDIRECT] 
2026-05-09 00:39:23,000 [ERROR] LogOutputStream:75 - [STDERR_REDIRECT] [Fatal Error] :1:1: Premature end of file.
2026-05-09 00:39:23,000 [ERROR] LogOutputStream:75 - [STDERR_REDIRECT] 
2026-05-09 00:39:24,007 [ERROR] LogOutputStream:75 - [STDERR_REDIRECT] [Fatal Error] :1:1: Premature end of file.
2026-05-09 00:39:24,007 [ERROR] LogOutputStream:75 - [STDERR_REDIRECT] 
2026-05-09 00:39:25,021 [ERROR] LogOutputStream:75 - [STDERR_REDIRECT] [Fatal Error] :1:1: Premature end of file.
2026-05-09 00:39:25,021 [ERROR] LogOutputStream:75 - [STDERR_REDIRECT] 
2026-05-09 00:39:26,013 [ERROR] LogOutputStream:75 - [STDERR_REDIRECT] [Fatal Error] :1:1: Premature end of file.
2026-05-09 00:39:26,013 [ERROR] LogOutputStream:75 - [STDERR_REDIRECT] 
2026-05-09 00:39:27,008 [ERROR] LogOutputStream:75 - [STDERR_REDIRECT] [Fatal Error] :1:1: Premature end of file.
2026-05-09 00:39:27,008 [ERROR] LogOutputStream:75 - [STDERR_REDIRECT] 
2026-05-09 00:39:28,002 [ERROR] LogOutputStream:75 - [STDERR_REDIRECT] [Fatal Error] :1:1: Premature end of file.
2026-05-09 00:39:28,002 [ERROR] LogOutputStream:75 - [STDERR_REDIRECT] 
2026-05-09 00:39:29,011 [ERROR] LogOutputStream:75 - [STDERR_REDIRECT] [Fatal Error] :1:1: Premature end of file.
2026-05-09 00:39:29,011 [ERROR] LogOutputStream:75 - [STDERR_REDIRECT] 
2026-05-09 00:39:30,003 [ERROR] LogOutputStream:75 - [STDERR_REDIRECT] [Fatal Error] :1:1: Premature end of file.
2026-05-09 00:39:30,003 [ERROR] LogOutputStream:75 - [STDERR_REDIRECT] 
2026-05-09 00:39:31,013 [ERROR] LogOutputStream:75 - [STDERR_REDIRECT] [Fatal Error] :1:1: Premature end of file.
2026-05-09 00:39:31,013 [ERROR] LogOutputStream:75 - [STDERR_REDIRECT] 
2026-05-09 00:39:32,001 [ERROR] LogOutputStream:75 - [STDERR_REDIRECT] [Fatal Error] :1:1: Premature end of file.
2026-05-09 00:39:32,001 [ERROR] LogOutputStream:75 - [STDERR_REDIRECT] 
2026-05-09 00:39:33,009 [ERROR] LogOutputStream:75 - [STDERR_REDIRECT] [Fatal Error] :1:1: Premature end of file.
2026-05-09 00:39:33,009 [ERROR] LogOutputStream:75 - [STDERR_REDIRECT] 
2026-05-09 00:39:34,004 [ERROR] LogOutputStream:75 - [STDERR_REDIRECT] [Fatal Error] :1:1: Premature end of file.
2026-05-09 00:39:34,004 [ERROR] LogOutputStream:75 - [STDERR_REDIRECT] 
2026-05-09 00:39:34,996 [ERROR] LogOutputStream:75 - [STDERR_REDIRECT] [Fatal Error] :1:1: Premature end of file.
2026-05-09 00:39:34,996 [ERROR] LogOutputStream:75 - [STDERR_REDIRECT] 
2026-05-09 00:39:36,001 [ERROR] LogOutputStream:75 - [STDERR_REDIRECT] [Fatal Error] :1:1: Premature end of file.
2026-05-09 00:39:36,001 [ERROR] LogOutputStream:75 - [STDERR_REDIRECT] 
2026-05-09 00:39:37,010 [ERROR] LogOutputStream:75 - [STDERR_REDIRECT] [Fatal Error] :1:1: Premature end of file.
2026-05-09 00:39:37,010 [ERROR] LogOutputStream:75 - [STDERR_REDIRECT] 
2026-05-09 00:39:38,004 [ERROR] LogOutputStream:75 - [STDERR_REDIRECT] [Fatal Error] :1:1: Premature end of file.
2026-05-09 00:39:38,004 [ERROR] LogOutputStream:75 - [STDERR_REDIRECT] 
2026-05-09 00:39:39,015 [ERROR] LogOutputStream:75 - [STDERR_REDIRECT] [Fatal Error] :1:1: Premature end of file.
2026-05-09 00:39:39,015 [ERROR] LogOutputStream:75 - [STDERR_REDIRECT] 
2026-05-09 00:39:39,999 [ERROR] LogOutputStream:75 - [STDERR_REDIRECT] [Fatal Error] :1:1: Premature end of file.
2026-05-09 00:39:39,999 [ERROR] LogOutputStream:75 - [STDERR_REDIRECT] 
2026-05-09 00:39:41,002 [ERROR] LogOutputStream:75 - [STDERR_REDIRECT] [Fatal Error] :1:1: Premature end of file.
2026-05-09 00:39:41,002 [ERROR] LogOutputStream:75 - [STDERR_REDIRECT] 
2026-05-09 00:39:42,004 [ERROR] LogOutputStream:75 - [STDERR_REDIRECT] [Fatal Error] :1:1: Premature end of file.
2026-05-09 00:39:42,004 [ERROR] LogOutputStream:75 - [STDERR_REDIRECT] 
2026-05-09 00:39:42,995 [ERROR] LogOutputStream:75 - [STDERR_REDIRECT] [Fatal Error] :1:1: Premature end of file.
2026-05-09 00:39:42,995 [ERROR] LogOutputStream:75 - [STDERR_REDIRECT] 
2026-05-09 00:39:43,998 [ERROR] LogOutputStream:75 - [STDERR_REDIRECT] [Fatal Error] :1:1: Premature end of file.
2026-05-09 00:39:43,998 [ERROR] LogOutputStream:75 - [STDERR_REDIRECT] 
2026-05-09 00:39:45,006 [ERROR] LogOutputStream:75 - [STDERR_REDIRECT] [Fatal Error] :1:1: Premature end of file.
2026-05-09 00:39:45,006 [ERROR] LogOutputStream:75 - [STDERR_REDIRECT] 
2026-05-09 00:39:46,001 [ERROR] LogOutputStream:75 - [STDERR_REDIRECT] [Fatal Error] :1:1: Premature end of file.
2026-05-09 00:39:46,001 [ERROR] LogOutputStream:75 - [STDERR_REDIRECT] 
2026-05-09 00:39:46,991 [ERROR] LogOutputStream:75 - [STDERR_REDIRECT] [Fatal Error] :1:1: Premature end of file.
2026-05-09 00:39:46,991 [ERROR] LogOutputStream:75 - [STDERR_REDIRECT] 
2026-05-09 00:39:48,011 [ERROR] LogOutputStream:75 - [STDERR_REDIRECT] [Fatal Error] :1:1: Premature end of file.
2026-05-09 00:39:48,011 [ERROR] LogOutputStream:75 - [STDERR_REDIRECT] 
2026-05-09 00:39:49,011 [ERROR] LogOutputStream:75 - [STDERR_REDIRECT] [Fatal Error] :1:1: Premature end of file.
2026-05-09 00:39:49,011 [ERROR] LogOutputStream:75 - [STDERR_REDIRECT] 
2026-05-09 00:39:49,997 [ERROR] LogOutputStream:75 - [STDERR_REDIRECT] [Fatal Error] :1:1: Premature end of file.
2026-05-09 00:39:49,997 [ERROR] LogOutputStream:75 - [STDERR_REDIRECT] 
2026-05-09 00:39:51,009 [ERROR] LogOutputStream:75 - [STDERR_REDIRECT] [Fatal Error] :1:1: Premature end of file.
2026-05-09 00:39:51,009 [ERROR] LogOutputStream:75 - [STDERR_REDIRECT] 
2026-05-09 00:39:51,995 [ERROR] LogOutputStream:75 - [STDERR_REDIRECT] [Fatal Error] :1:1: Premature end of file.
2026-05-09 00:39:51,995 [ERROR] LogOutputStream:75 - [STDERR_REDIRECT] 
2026-05-09 00:39:52,999 [ERROR] LogOutputStream:75 - [STDERR_REDIRECT] [Fatal Error] :1:1: Premature end of file.
2026-05-09 00:39:52,999 [ERROR] LogOutputStream:75 - [STDERR_REDIRECT] 
2026-05-09 00:39:53,999 [ERROR] LogOutputStream:75 - [STDERR_REDIRECT] [Fatal Error] :1:1: Premature end of file.
2026-05-09 00:39:53,999 [ERROR] LogOutputStream:75 - [STDERR_REDIRECT] 
2026-05-09 00:39:54,989 [ERROR] LogOutputStream:75 - [STDERR_REDIRECT] [Fatal Error] :1:1: Premature end of file.
2026-05-09 00:39:54,989 [ERROR] LogOutputStream:75 - [STDERR_REDIRECT] 
2026-05-09 00:39:56,000 [ERROR] LogOutputStream:75 - [STDERR_REDIRECT] [Fatal Error] :1:1: Premature end of file.
2026-05-09 00:39:56,000 [ERROR] LogOutputStream:75 - [STDERR_REDIRECT] 
2026-05-09 00:39:57,009 [ERROR] LogOutputStream:75 - [STDERR_REDIRECT] [Fatal Error] :1:1: Premature end of file.
2026-05-09 00:39:57,009 [ERROR] LogOutputStream:75 - [STDERR_REDIRECT] 
2026-05-09 00:39:57,997 [ERROR] LogOutputStream:75 - [STDERR_REDIRECT] [Fatal Error] :1:1: Premature end of file.
2026-05-09 00:39:57,997 [ERROR] LogOutputStream:75 - [STDERR_REDIRECT] 
2026-05-09 00:39:58,987 [ERROR] LogOutputStream:75 - [STDERR_REDIRECT] [Fatal Error] :1:1: Premature end of file.
2026-05-09 00:39:58,987 [ERROR] LogOutputStream:75 - [STDERR_REDIRECT] 
2026-05-09 00:39:59,990 [ERROR] LogOutputStream:75 - [STDERR_REDIRECT] [Fatal Error] :1:1: Premature end of file.
2026-05-09 00:39:59,990 [ERROR] LogOutputStream:75 - [STDERR_REDIRECT] 
2026-05-09 00:40:00,994 [ERROR] LogOutputStream:75 - [STDERR_REDIRECT] [Fatal Error] :1:1: Premature end of file.
2026-05-09 00:40:00,994 [ERROR] LogOutputStream:75 - [STDERR_REDIRECT] 
2026-05-09 00:40:02,008 [ERROR] LogOutputStream:75 - [STDERR_REDIRECT] [Fatal Error] :1:1: Premature end of file.
2026-05-09 00:40:02,008 [ERROR] LogOutputStream:75 - [STDERR_REDIRECT] 
2026-05-09 00:40:03,009 [ERROR] LogOutputStream:75 - [STDERR_REDIRECT] [Fatal Error] :1:1: Premature end of file.
2026-05-09 00:40:03,009 [ERROR] LogOutputStream:75 - [STDERR_REDIRECT] 
2026-05-09 00:40:04,008 [ERROR] LogOutputStream:75 - [STDERR_REDIRECT] [Fatal Error] :1:1: Premature end of file.
2026-05-09 00:40:04,008 [ERROR] LogOutputStream:75 - [STDERR_REDIRECT] 
2026-05-09 00:40:04,998 [ERROR] LogOutputStream:75 - [STDERR_REDIRECT] [Fatal Error] :1:1: Premature end of file.
2026-05-09 00:40:04,998 [ERROR] LogOutputStream:75 - [STDERR_REDIRECT] 
2026-05-09 00:40:06,002 [ERROR] LogOutputStream:75 - [STDERR_REDIRECT] [Fatal Error] :1:1: Premature end of file.
2026-05-09 00:40:06,002 [ERROR] LogOutputStream:75 - [STDERR_REDIRECT] 
2026-05-09 00:40:07,010 [ERROR] LogOutputStream:75 - [STDERR_REDIRECT] [Fatal Error] :1:1: Premature end of file.
2026-05-09 00:40:07,010 [ERROR] LogOutputStream:75 - [STDERR_REDIRECT] 
2026-05-09 00:40:08,004 [ERROR] LogOutputStream:75 - [STDERR_REDIRECT] [Fatal Error] :1:1: Premature end of file.
2026-05-09 00:40:08,004 [ERROR] LogOutputStream:75 - [STDERR_REDIRECT] 
2026-05-09 00:40:08,996 [ERROR] LogOutputStream:75 - [STDERR_REDIRECT] [Fatal Error] :1:1: Premature end of file.
2026-05-09 00:40:08,996 [ERROR] LogOutputStream:75 - [STDERR_REDIRECT] 
2026-05-09 00:40:10,007 [ERROR] LogOutputStream:75 - [STDERR_REDIRECT] [Fatal Error] :1:1: Premature end of file.
2026-05-09 00:40:10,007 [ERROR] LogOutputStream:75 - [STDERR_REDIRECT] 
2026-05-09 00:40:11,006 [ERROR] LogOutputStream:75 - [STDERR_REDIRECT] [Fatal Error] :1:1: Premature end of file.
2026-05-09 00:40:11,006 [ERROR] LogOutputStream:75 - [STDERR_REDIRECT] 
2026-05-09 00:40:11,999 [ERROR] LogOutputStream:75 - [STDERR_REDIRECT] [Fatal Error] :1:1: Premature end of file.
2026-05-09 00:40:11,999 [ERROR] LogOutputStream:75 - [STDERR_REDIRECT] 
2026-05-09 00:40:12,997 [ERROR] LogOutputStream:75 - [STDERR_REDIRECT] [Fatal Error] :1:1: Premature end of file.
2026-05-09 00:40:12,997 [ERROR] LogOutputStream:75 - [STDERR_REDIRECT] 
2026-05-09 00:40:14,006 [ERROR] LogOutputStream:75 - [STDERR_REDIRECT] [Fatal Error] :1:1: Premature end of file.
2026-05-09 00:40:14,006 [ERROR] LogOutputStream:75 - [STDERR_REDIRECT] 
2026-05-09 00:40:15,006 [ERROR] LogOutputStream:75 - [STDERR_REDIRECT] [Fatal Error] :1:1: Premature end of file.
2026-05-09 00:40:15,006 [ERROR] LogOutputStream:75 - [STDERR_REDIRECT] 
2026-05-09 00:40:15,999 [ERROR] LogOutputStream:75 - [STDERR_REDIRECT] [Fatal Error] :1:1: Premature end of file.
2026-05-09 00:40:15,999 [ERROR] LogOutputStream:75 - [STDERR_REDIRECT] 
2026-05-09 00:40:17,004 [ERROR] LogOutputStream:75 - [STDERR_REDIRECT] [Fatal Error] :1:1: Premature end of file.
2026-05-09 00:40:17,004 [ERROR] LogOutputStream:75 - [STDERR_REDIRECT] 
2026-05-09 00:40:18,012 [ERROR] LogOutputStream:75 - [STDERR_REDIRECT] [Fatal Error] :1:1: Premature end of file.
2026-05-09 00:40:18,012 [ERROR] LogOutputStream:75 - [STDERR_REDIRECT] 
2026-05-09 00:40:18,993 [ERROR] LogOutputStream:75 - [STDERR_REDIRECT] [Fatal Error] :1:1: Premature end of file.
2026-05-09 00:40:18,993 [ERROR] LogOutputStream:75 - [STDERR_REDIRECT] 
2026-05-09 00:40:20,009 [ERROR] LogOutputStream:75 - [STDERR_REDIRECT] [Fatal Error] :1:1: Premature end of file.
2026-05-09 00:40:20,009 [ERROR] LogOutputStream:75 - [STDERR_REDIRECT] 
2026-05-09 00:40:21,003 [ERROR] LogOutputStream:75 - [STDERR_REDIRECT] [Fatal Error] :1:1: Premature end of file.
2026-05-09 00:40:21,003 [ERROR] LogOutputStream:75 - [STDERR_REDIRECT] 
2026-05-09 00:40:22,008 [ERROR] LogOutputStream:75 - [STDERR_REDIRECT] [Fatal Error] :1:1: Premature end of file.
2026-05-09 00:40:22,008 [ERROR] LogOutputStream:75 - [STDERR_REDIRECT] 
2026-05-09 00:40:23,005 [ERROR] LogOutputStream:75 - [STDERR_REDIRECT] [Fatal Error] :1:1: Premature end of file.
2026-05-09 00:40:23,005 [ERROR] LogOutputStream:75 - [STDERR_REDIRECT] 
2026-05-09 00:40:23,992 [ERROR] LogOutputStream:75 - [STDERR_REDIRECT] [Fatal Error] :1:1: Premature end of file.
2026-05-09 00:40:23,992 [ERROR] LogOutputStream:75 - [STDERR_REDIRECT] 
2026-05-09 00:40:24,996 [ERROR] LogOutputStream:75 - [STDERR_REDIRECT] [Fatal Error] :1:1: Premature end of file.
2026-05-09 00:40:24,996 [ERROR] LogOutputStream:75 - [STDERR_REDIRECT] 
2026-05-09 00:40:26,006 [ERROR] LogOutputStream:75 - [STDERR_REDIRECT] [Fatal Error] :1:1: Premature end of file.
2026-05-09 00:40:26,006 [ERROR] LogOutputStream:75 - [STDERR_REDIRECT] 
2026-05-09 00:40:27,004 [ERROR] LogOutputStream:75 - [STDERR_REDIRECT] [Fatal Error] :1:1: Premature end of file.
2026-05-09 00:40:27,004 [ERROR] LogOutputStream:75 - [STDERR_REDIRECT] 
2026-05-09 00:40:28,011 [ERROR] LogOutputStream:75 - [STDERR_REDIRECT] [Fatal Error] :1:1: Premature end of file.
2026-05-09 00:40:28,011 [ERROR] LogOutputStream:75 - [STDERR_REDIRECT] 
2026-05-09 00:40:29,002 [ERROR] LogOutputStream:75 - [STDERR_REDIRECT] [Fatal Error] :1:1: Premature end of file.
2026-05-09 00:40:29,002 [ERROR] LogOutputStream:75 - [STDERR_REDIRECT] 
2026-05-09 00:40:30,009 [ERROR] LogOutputStream:75 - [STDERR_REDIRECT] [Fatal Error] :1:1: Premature end of file.
2026-05-09 00:40:30,009 [ERROR] LogOutputStream:75 - [STDERR_REDIRECT] 
2026-05-09 00:40:30,987 [ERROR] LogOutputStream:75 - [STDERR_REDIRECT] [Fatal Error] :1:1: Premature end of file.
2026-05-09 00:40:30,987 [ERROR] LogOutputStream:75 - [STDERR_REDIRECT] 
2026-05-09 00:40:31,991 [ERROR] LogOutputStream:75 - [STDERR_REDIRECT] [Fatal Error] :1:1: Premature end of file.
2026-05-09 00:40:31,991 [ERROR] LogOutputStream:75 - [STDERR_REDIRECT] 
2026-05-09 00:40:33,003 [ERROR] LogOutputStream:75 - [STDERR_REDIRECT] [Fatal Error] :1:1: Premature end of file.
2026-05-09 00:40:33,003 [ERROR] LogOutputStream:75 - [STDERR_REDIRECT] 
2026-05-09 00:40:34,003 [ERROR] LogOutputStream:75 - [STDERR_REDIRECT] [Fatal Error] :1:1: Premature end of file.
2026-05-09 00:40:34,003 [ERROR] LogOutputStream:75 - [STDERR_REDIRECT] 
2026-05-09 00:40:35,004 [ERROR] LogOutputStream:75 - [STDERR_REDIRECT] [Fatal Error] :1:1: Premature end of file.
2026-05-09 00:40:35,004 [ERROR] LogOutputStream:75 - [STDERR_REDIRECT] 
2026-05-09 00:40:36,001 [ERROR] LogOutputStream:75 - [STDERR_REDIRECT] [Fatal Error] :1:1: Premature end of file.
2026-05-09 00:40:36,001 [ERROR] LogOutputStream:75 - [STDERR_REDIRECT] 
2026-05-09 00:40:37,003 [ERROR] LogOutputStream:75 - [STDERR_REDIRECT] [Fatal Error] :1:1: Premature end of file.
2026-05-09 00:40:37,003 [ERROR] LogOutputStream:75 - [STDERR_REDIRECT] 
2026-05-09 00:40:38,009 [ERROR] LogOutputStream:75 - [STDERR_REDIRECT] [Fatal Error] :1:1: Premature end of file.
2026-05-09 00:40:38,009 [ERROR] LogOutputStream:75 - [STDERR_REDIRECT] 
2026-05-09 00:40:39,006 [ERROR] LogOutputStream:75 - [STDERR_REDIRECT] [Fatal Error] :1:1: Premature end of file.
2026-05-09 00:40:39,006 [ERROR] LogOutputStream:75 - [STDERR_REDIRECT] 
2026-05-09 00:40:40,009 [ERROR] LogOutputStream:75 - [STDERR_REDIRECT] [Fatal Error] :1:1: Premature end of file.
2026-05-09 00:40:40,009 [ERROR] LogOutputStream:75 - [STDERR_REDIRECT] 
2026-05-09 00:40:41,005 [ERROR] LogOutputStream:75 - [STDERR_REDIRECT] [Fatal Error] :1:1: Premature end of file.
2026-05-09 00:40:41,005 [ERROR] LogOutputStream:75 - [STDERR_REDIRECT] 
2026-05-09 00:40:42,014 [ERROR] LogOutputStream:75 - [STDERR_REDIRECT] [Fatal Error] :1:1: Premature end of file.
2026-05-09 00:40:42,014 [ERROR] LogOutputStream:75 - [STDERR_REDIRECT] 
2026-05-09 00:40:43,005 [ERROR] LogOutputStream:75 - [STDERR_REDIRECT] [Fatal Error] :1:1: Premature end of file.
2026-05-09 00:40:43,005 [ERROR] LogOutputStream:75 - [STDERR_REDIRECT] 
2026-05-09 00:40:44,001 [ERROR] LogOutputStream:75 - [STDERR_REDIRECT] [Fatal Error] :1:1: Premature end of file.
2026-05-09 00:40:44,001 [ERROR] LogOutputStream:75 - [STDERR_REDIRECT] 
2026-05-09 00:40:45,008 [ERROR] LogOutputStream:75 - [STDERR_REDIRECT] [Fatal Error] :1:1: Premature end of file.
2026-05-09 00:40:45,008 [ERROR] LogOutputStream:75 - [STDERR_REDIRECT] 
2026-05-09 00:40:46,004 [ERROR] LogOutputStream:75 - [STDERR_REDIRECT] [Fatal Error] :1:1: Premature end of file.
2026-05-09 00:40:46,004 [ERROR] LogOutputStream:75 - [STDERR_REDIRECT] 
2026-05-09 00:40:47,002 [ERROR] LogOutputStream:75 - [STDERR_REDIRECT] [Fatal Error] :1:1: Premature end of file.
2026-05-09 00:40:47,002 [ERROR] LogOutputStream:75 - [STDERR_REDIRECT] 
2026-05-09 00:40:48,010 [ERROR] LogOutputStream:75 - [STDERR_REDIRECT] [Fatal Error] :1:1: Premature end of file.
2026-05-09 00:40:48,010 [ERROR] LogOutputStream:75 - [STDERR_REDIRECT] 
2026-05-09 00:40:49,002 [ERROR] LogOutputStream:75 - [STDERR_REDIRECT] [Fatal Error] :1:1: Premature end of file.
2026-05-09 00:40:49,002 [ERROR] LogOutputStream:75 - [STDERR_REDIRECT] 
2026-05-09 00:40:50,008 [ERROR] LogOutputStream:75 - [STDERR_REDIRECT] [Fatal Error] :1:1: Premature end of file.
2026-05-09 00:40:50,008 [ERROR] LogOutputStream:75 - [STDERR_REDIRECT] 
2026-05-09 00:40:51,012 [ERROR] LogOutputStream:75 - [STDERR_REDIRECT] [Fatal Error] :1:1: Premature end of file.
2026-05-09 00:40:51,012 [ERROR] LogOutputStream:75 - [STDERR_REDIRECT] 
2026-05-09 00:40:52,004 [ERROR] LogOutputStream:75 - [STDERR_REDIRECT] [Fatal Error] :1:1: Premature end of file.
2026-05-09 00:40:52,004 [ERROR] LogOutputStream:75 - [STDERR_REDIRECT] 
2026-05-09 00:40:52,997 [ERROR] LogOutputStream:75 - [STDERR_REDIRECT] [Fatal Error] :1:1: Premature end of file.
2026-05-09 00:40:52,997 [ERROR] LogOutputStream:75 - [STDERR_REDIRECT] 
2026-05-09 00:40:54,003 [ERROR] LogOutputStream:75 - [STDERR_REDIRECT] [Fatal Error] :1:1: Premature end of file.
2026-05-09 00:40:54,003 [ERROR] LogOutputStream:75 - [STDERR_REDIRECT] 
2026-05-09 00:40:54,999 [ERROR] LogOutputStream:75 - [STDERR_REDIRECT] [Fatal Error] :1:1: Premature end of file.
2026-05-09 00:40:54,999 [ERROR] LogOutputStream:75 - [STDERR_REDIRECT] 
2026-05-09 00:40:56,007 [ERROR] LogOutputStream:75 - [STDERR_REDIRECT] [Fatal Error] :1:1: Premature end of file.
2026-05-09 00:40:56,007 [ERROR] LogOutputStream:75 - [STDERR_REDIRECT] 
2026-05-09 00:40:56,999 [ERROR] LogOutputStream:75 - [STDERR_REDIRECT] [Fatal Error] :1:1: Premature end of file.
2026-05-09 00:40:56,999 [ERROR] LogOutputStream:75 - [STDERR_REDIRECT] 
2026-05-09 00:40:58,009 [ERROR] LogOutputStream:75 - [STDERR_REDIRECT] [Fatal Error] :1:1: Premature end of file.
2026-05-09 00:40:58,009 [ERROR] LogOutputStream:75 - [STDERR_REDIRECT] 
2026-05-09 00:40:59,004 [ERROR] LogOutputStream:75 - [STDERR_REDIRECT] [Fatal Error] :1:1: Premature end of file.
2026-05-09 00:40:59,004 [ERROR] LogOutputStream:75 - [STDERR_REDIRECT] 
2026-05-09 00:41:00,001 [ERROR] LogOutputStream:75 - [STDERR_REDIRECT] [Fatal Error] :1:1: Premature end of file.
2026-05-09 00:41:00,001 [ERROR] LogOutputStream:75 - [STDERR_REDIRECT] 
2026-05-09 00:41:00,999 [ERROR] LogOutputStream:75 - [STDERR_REDIRECT] [Fatal Error] :1:1: Premature end of file.
2026-05-09 00:41:00,999 [ERROR] LogOutputStream:75 - [STDERR_REDIRECT] 
2026-05-09 00:41:01,991 [ERROR] LogOutputStream:75 - [STDERR_REDIRECT] [Fatal Error] :1:1: Premature end of file.
2026-05-09 00:41:01,991 [ERROR] LogOutputStream:75 - [STDERR_REDIRECT] 
2026-05-09 00:41:03,001 [ERROR] LogOutputStream:75 - [STDERR_REDIRECT] [Fatal Error] :1:1: Premature end of file.
2026-05-09 00:41:03,001 [ERROR] LogOutputStream:75 - [STDERR_REDIRECT] 
2026-05-09 00:41:04,016 [ERROR] LogOutputStream:75 - [STDERR_REDIRECT] [Fatal Error] :1:1: Premature end of file.
2026-05-09 00:41:04,016 [ERROR] LogOutputStream:75 - [STDERR_REDIRECT] 
2026-05-09 00:41:05,005 [ERROR] LogOutputStream:75 - [STDERR_REDIRECT] [Fatal Error] :1:1: Premature end of file.
2026-05-09 00:41:05,005 [ERROR] LogOutputStream:75 - [STDERR_REDIRECT] 
2026-05-09 00:41:06,008 [ERROR] LogOutputStream:75 - [STDERR_REDIRECT] [Fatal Error] :1:1: Premature end of file.
2026-05-09 00:41:06,008 [ERROR] LogOutputStream:75 - [STDERR_REDIRECT] 
2026-05-09 00:41:07,004 [ERROR] LogOutputStream:75 - [STDERR_REDIRECT] [Fatal Error] :1:1: Premature end of file.
2026-05-09 00:41:07,004 [ERROR] LogOutputStream:75 - [STDERR_REDIRECT] 
2026-05-09 00:41:08,016 [ERROR] LogOutputStream:75 - [STDERR_REDIRECT] [Fatal Error] :1:1: Premature end of file.
2026-05-09 00:41:08,016 [ERROR] LogOutputStream:75 - [STDERR_REDIRECT] 
2026-05-09 00:41:08,999 [ERROR] LogOutputStream:75 - [STDERR_REDIRECT] [Fatal Error] :1:1: Premature end of file.
2026-05-09 00:41:08,999 [ERROR] LogOutputStream:75 - [STDERR_REDIRECT] 
2026-05-09 00:41:10,009 [ERROR] LogOutputStream:75 - [STDERR_REDIRECT] [Fatal Error] :1:1: Premature end of file.
2026-05-09 00:41:10,009 [ERROR] LogOutputStream:75 - [STDERR_REDIRECT] 
2026-05-09 00:41:10,998 [ERROR] LogOutputStream:75 - [STDERR_REDIRECT] [Fatal Error] :1:1: Premature end of file.
2026-05-09 00:41:10,998 [ERROR] LogOutputStream:75 - [STDERR_REDIRECT] 
2026-05-09 00:41:12,010 [ERROR] LogOutputStream:75 - [STDERR_REDIRECT] [Fatal Error] :1:1: Premature end of file.
2026-05-09 00:41:12,010 [ERROR] LogOutputStream:75 - [STDERR_REDIRECT] 
2026-05-09 00:41:13,003 [ERROR] LogOutputStream:75 - [STDERR_REDIRECT] [Fatal Error] :1:1: Premature end of file.
2026-05-09 00:41:13,003 [ERROR] LogOutputStream:75 - [STDERR_REDIRECT] 
2026-05-09 00:41:14,007 [ERROR] LogOutputStream:75 - [STDERR_REDIRECT] [Fatal Error] :1:1: Premature end of file.
2026-05-09 00:41:14,007 [ERROR] LogOutputStream:75 - [STDERR_REDIRECT] 
2026-05-09 00:41:15,001 [ERROR] LogOutputStream:75 - [STDERR_REDIRECT] [Fatal Error] :1:1: Premature end of file.
2026-05-09 00:41:15,001 [ERROR] LogOutputStream:75 - [STDERR_REDIRECT] 
2026-05-09 00:41:15,997 [ERROR] LogOutputStream:75 - [STDERR_REDIRECT] [Fatal Error] :1:1: Premature end of file.
2026-05-09 00:41:15,997 [ERROR] LogOutputStream:75 - [STDERR_REDIRECT] 
2026-05-09 00:41:17,006 [ERROR] LogOutputStream:75 - [STDERR_REDIRECT] [Fatal Error] :1:1: Premature end of file.
2026-05-09 00:41:17,006 [ERROR] LogOutputStream:75 - [STDERR_REDIRECT] 
2026-05-09 00:41:18,014 [ERROR] LogOutputStream:75 - [STDERR_REDIRECT] [Fatal Error] :1:1: Premature end of file.
2026-05-09 00:41:18,014 [ERROR] LogOutputStream:75 - [STDERR_REDIRECT] 
2026-05-09 00:41:19,007 [ERROR] LogOutputStream:75 - [STDERR_REDIRECT] [Fatal Error] :1:1: Premature end of file.
2026-05-09 00:41:19,007 [ERROR] LogOutputStream:75 - [STDERR_REDIRECT] 
2026-05-09 00:41:20,014 [ERROR] LogOutputStream:75 - [STDERR_REDIRECT] [Fatal Error] :1:1: Premature end of file.
2026-05-09 00:41:20,014 [ERROR] LogOutputStream:75 - [STDERR_REDIRECT] 
2026-05-09 00:41:20,999 [ERROR] LogOutputStream:75 - [STDERR_REDIRECT] [Fatal Error] :1:1: Premature end of file.
2026-05-09 00:41:20,999 [ERROR] LogOutputStream:75 - [STDERR_REDIRECT] 
2026-05-09 00:41:22,015 [ERROR] LogOutputStream:75 - [STDERR_REDIRECT] [Fatal Error] :1:1: Premature end of file.
2026-05-09 00:41:22,015 [ERROR] LogOutputStream:75 - [STDERR_REDIRECT] 
2026-05-09 00:41:22,999 [ERROR] LogOutputStream:75 - [STDERR_REDIRECT] [Fatal Error] :1:1: Premature end of file.
2026-05-09 00:41:22,999 [ERROR] LogOutputStream:75 - [STDERR_REDIRECT] 
2026-05-09 00:41:24,005 [ERROR] LogOutputStream:75 - [STDERR_REDIRECT] [Fatal Error] :1:1: Premature end of file.
2026-05-09 00:41:24,005 [ERROR] LogOutputStream:75 - [STDERR_REDIRECT] 
2026-05-09 00:41:25,004 [ERROR] LogOutputStream:75 - [STDERR_REDIRECT] [Fatal Error] :1:1: Premature end of file.
2026-05-09 00:41:25,006 [ERROR] LogOutputStream:75 - [STDERR_REDIRECT] 
2026-05-09 00:41:26,003 [ERROR] LogOutputStream:75 - [STDERR_REDIRECT] [Fatal Error] :1:1: Premature end of file.
2026-05-09 00:41:26,003 [ERROR] LogOutputStream:75 - [STDERR_REDIRECT] 
2026-05-09 00:41:27,004 [ERROR] LogOutputStream:75 - [STDERR_REDIRECT] [Fatal Error] :1:1: Premature end of file.
2026-05-09 00:41:27,004 [ERROR] LogOutputStream:75 - [STDERR_REDIRECT] 
2026-05-09 00:41:28,000 [ERROR] LogOutputStream:75 - [STDERR_REDIRECT] [Fatal Error] :1:1: Premature end of file.
2026-05-09 00:41:28,000 [ERROR] LogOutputStream:75 - [STDERR_REDIRECT] 
2026-05-09 00:41:29,010 [ERROR] LogOutputStream:75 - [STDERR_REDIRECT] [Fatal Error] :1:1: Premature end of file.
2026-05-09 00:41:29,010 [ERROR] LogOutputStream:75 - [STDERR_REDIRECT] 
2026-05-09 00:41:30,000 [ERROR] LogOutputStream:75 - [STDERR_REDIRECT] [Fatal Error] :1:1: Premature end of file.
2026-05-09 00:41:30,000 [ERROR] LogOutputStream:75 - [STDERR_REDIRECT] 
2026-05-09 00:41:31,001 [ERROR] LogOutputStream:75 - [STDERR_REDIRECT] [Fatal Error] :1:1: Premature end of file.
2026-05-09 00:41:31,001 [ERROR] LogOutputStream:75 - [STDERR_REDIRECT] 
2026-05-09 00:41:32,015 [ERROR] LogOutputStream:75 - [STDERR_REDIRECT] [Fatal Error] :1:1: Premature end of file.
2026-05-09 00:41:32,015 [ERROR] LogOutputStream:75 - [STDERR_REDIRECT] 
2026-05-09 00:41:32,994 [ERROR] LogOutputStream:75 - [STDERR_REDIRECT] [Fatal Error] :1:1: Premature end of file.
2026-05-09 00:41:32,994 [ERROR] LogOutputStream:75 - [STDERR_REDIRECT] 
2026-05-09 00:41:34,011 [ERROR] LogOutputStream:75 - [STDERR_REDIRECT] [Fatal Error] :1:1: Premature end of file.
2026-05-09 00:41:34,011 [ERROR] LogOutputStream:75 - [STDERR_REDIRECT] 
2026-05-09 00:41:35,000 [ERROR] LogOutputStream:75 - [STDERR_REDIRECT] [Fatal Error] :1:1: Premature end of file.
2026-05-09 00:41:35,000 [ERROR] LogOutputStream:75 - [STDERR_REDIRECT] 
2026-05-09 00:41:36,011 [ERROR] LogOutputStream:75 - [STDERR_REDIRECT] [Fatal Error] :1:1: Premature end of file.
2026-05-09 00:41:36,011 [ERROR] LogOutputStream:75 - [STDERR_REDIRECT] 
2026-05-09 00:41:36,985 [ERROR] LogOutputStream:75 - [STDERR_REDIRECT] [Fatal Error] :1:1: Premature end of file.
2026-05-09 00:41:36,985 [ERROR] LogOutputStream:75 - [STDERR_REDIRECT] 
2026-05-09 00:41:38,010 [ERROR] LogOutputStream:75 - [STDERR_REDIRECT] [Fatal Error] :1:1: Premature end of file.
2026-05-09 00:41:38,010 [ERROR] LogOutputStream:75 - [STDERR_REDIRECT] 
2026-05-09 00:41:38,987 [ERROR] LogOutputStream:75 - [STDERR_REDIRECT] [Fatal Error] :1:1: Premature end of file.
2026-05-09 00:41:38,987 [ERROR] LogOutputStream:75 - [STDERR_REDIRECT] 
2026-05-09 00:41:40,022 [ERROR] LogOutputStream:75 - [STDERR_REDIRECT] [Fatal Error] :1:1: Premature end of file.
2026-05-09 00:41:40,022 [ERROR] LogOutputStream:75 - [STDERR_REDIRECT] 
2026-05-09 00:41:40,984 [ERROR] LogOutputStream:75 - [STDERR_REDIRECT] [Fatal Error] :1:1: Premature end of file.
2026-05-09 00:41:40,984 [ERROR] LogOutputStream:75 - [STDERR_REDIRECT] 
2026-05-09 00:41:42,009 [ERROR] LogOutputStream:75 - [STDERR_REDIRECT] [Fatal Error] :1:1: Premature end of file.
2026-05-09 00:41:42,009 [ERROR] LogOutputStream:75 - [STDERR_REDIRECT] 
2026-05-09 00:41:42,993 [ERROR] LogOutputStream:75 - [STDERR_REDIRECT] [Fatal Error] :1:1: Premature end of file.
2026-05-09 00:41:42,993 [ERROR] LogOutputStream:75 - [STDERR_REDIRECT] 
2026-05-09 00:41:44,001 [ERROR] LogOutputStream:75 - [STDERR_REDIRECT] [Fatal Error] :1:1: Premature end of file.
2026-05-09 00:41:44,001 [ERROR] LogOutputStream:75 - [STDERR_REDIRECT] 
2026-05-09 00:41:44,986 [ERROR] LogOutputStream:75 - [STDERR_REDIRECT] [Fatal Error] :1:1: Premature end of file.
2026-05-09 00:41:44,986 [ERROR] LogOutputStream:75 - [STDERR_REDIRECT] 
2026-05-09 00:41:45,988 [ERROR] LogOutputStream:75 - [STDERR_REDIRECT] [Fatal Error] :1:1: Premature end of file.
2026-05-09 00:41:45,988 [ERROR] LogOutputStream:75 - [STDERR_REDIRECT] 
2026-05-09 00:41:47,015 [ERROR] LogOutputStream:75 - [STDERR_REDIRECT] [Fatal Error] :1:1: Premature end of file.
2026-05-09 00:41:47,015 [ERROR] LogOutputStream:75 - [STDERR_REDIRECT] 
2026-05-09 00:41:48,001 [ERROR] LogOutputStream:75 - [STDERR_REDIRECT] [Fatal Error] :1:1: Premature end of file.
2026-05-09 00:41:48,006 [ERROR] LogOutputStream:75 - [STDERR_REDIRECT] 
2026-05-09 00:41:48,990 [ERROR] LogOutputStream:75 - [STDERR_REDIRECT] [Fatal Error] :1:1: Premature end of file.
2026-05-09 00:41:48,990 [ERROR] LogOutputStream:75 - [STDERR_REDIRECT] 
2026-05-09 00:41:49,992 [ERROR] LogOutputStream:75 - [STDERR_REDIRECT] [Fatal Error] :1:1: Premature end of file.
2026-05-09 00:41:49,992 [ERROR] LogOutputStream:75 - [STDERR_REDIRECT] 
2026-05-09 00:41:50,989 [ERROR] LogOutputStream:75 - [STDERR_REDIRECT] [Fatal Error] :1:1: Premature end of file.
2026-05-09 00:41:50,989 [ERROR] LogOutputStream:75 - [STDERR_REDIRECT] 
2026-05-09 00:41:52,010 [ERROR] LogOutputStream:75 - [STDERR_REDIRECT] [Fatal Error] :1:1: Premature end of file.
2026-05-09 00:41:52,010 [ERROR] LogOutputStream:75 - [STDERR_REDIRECT] 
2026-05-09 00:41:53,006 [ERROR] LogOutputStream:75 - [STDERR_REDIRECT] [Fatal Error] :1:1: Premature end of file.
2026-05-09 00:41:53,006 [ERROR] LogOutputStream:75 - [STDERR_REDIRECT] 
2026-05-09 00:41:54,012 [ERROR] LogOutputStream:75 - [STDERR_REDIRECT] [Fatal Error] :1:1: Premature end of file.
2026-05-09 00:41:54,012 [ERROR] LogOutputStream:75 - [STDERR_REDIRECT] 
2026-05-09 00:41:55,001 [ERROR] LogOutputStream:75 - [STDERR_REDIRECT] [Fatal Error] :1:1: Premature end of file.
2026-05-09 00:41:55,001 [ERROR] LogOutputStream:75 - [STDERR_REDIRECT] 
2026-05-09 00:41:55,992 [ERROR] LogOutputStream:75 - [STDERR_REDIRECT] [Fatal Error] :1:1: Premature end of file.
2026-05-09 00:41:55,992 [ERROR] LogOutputStream:75 - [STDERR_REDIRECT] 
2026-05-09 00:41:57,010 [ERROR] LogOutputStream:75 - [STDERR_REDIRECT] [Fatal Error] :1:1: Premature end of file.
2026-05-09 00:41:57,010 [ERROR] LogOutputStream:75 - [STDERR_REDIRECT] 
2026-05-09 00:41:57,997 [ERROR] LogOutputStream:75 - [STDERR_REDIRECT] [Fatal Error] :1:1: Premature end of file.
2026-05-09 00:41:57,997 [ERROR] LogOutputStream:75 - [STDERR_REDIRECT] 
2026-05-09 00:41:59,001 [ERROR] LogOutputStream:75 - [STDERR_REDIRECT] [Fatal Error] :1:1: Premature end of file.
2026-05-09 00:41:59,001 [ERROR] LogOutputStream:75 - [STDERR_REDIRECT] 
2026-05-09 00:41:59,994 [ERROR] LogOutputStream:75 - [STDERR_REDIRECT] [Fatal Error] :1:1: Premature end of file.
2026-05-09 00:41:59,994 [ERROR] LogOutputStream:75 - [STDERR_REDIRECT] 
2026-05-09 00:42:01,006 [ERROR] LogOutputStream:75 - [STDERR_REDIRECT] [Fatal Error] :1:1: Premature end of file.
2026-05-09 00:42:01,006 [ERROR] LogOutputStream:75 - [STDERR_REDIRECT] 
2026-05-09 00:42:02,011 [ERROR] LogOutputStream:75 - [STDERR_REDIRECT] [Fatal Error] :1:1: Premature end of file.
2026-05-09 00:42:02,011 [ERROR] LogOutputStream:75 - [STDERR_REDIRECT] 
2026-05-09 00:42:02,995 [ERROR] LogOutputStream:75 - [STDERR_REDIRECT] [Fatal Error] :1:1: Premature end of file.
2026-05-09 00:42:02,995 [ERROR] LogOutputStream:75 - [STDERR_REDIRECT] 
2026-05-09 00:42:04,010 [ERROR] LogOutputStream:75 - [STDERR_REDIRECT] [Fatal Error] :1:1: Premature end of file.
2026-05-09 00:42:04,010 [ERROR] LogOutputStream:75 - [STDERR_REDIRECT] 
2026-05-09 00:42:04,982 [ERROR] LogOutputStream:75 - [STDERR_REDIRECT] [Fatal Error] :1:1: Premature end of file.
2026-05-09 00:42:04,982 [ERROR] LogOutputStream:75 - [STDERR_REDIRECT] 
2026-05-09 00:42:06,011 [ERROR] LogOutputStream:75 - [STDERR_REDIRECT] [Fatal Error] :1:1: Premature end of file.
2026-05-09 00:42:06,011 [ERROR] LogOutputStream:75 - [STDERR_REDIRECT] 
2026-05-09 00:42:07,002 [ERROR] LogOutputStream:75 - [STDERR_REDIRECT] [Fatal Error] :1:1: Premature end of file.
2026-05-09 00:42:07,002 [ERROR] LogOutputStream:75 - [STDERR_REDIRECT] 
2026-05-09 00:42:07,986 [ERROR] LogOutputStream:75 - [STDERR_REDIRECT] [Fatal Error] :1:1: Premature end of file.
2026-05-09 00:42:07,986 [ERROR] LogOutputStream:75 - [STDERR_REDIRECT] 
2026-05-09 00:42:09,000 [ERROR] LogOutputStream:75 - [STDERR_REDIRECT] [Fatal Error] :1:1: Premature end of file.
2026-05-09 00:42:09,000 [ERROR] LogOutputStream:75 - [STDERR_REDIRECT] 
2026-05-09 00:42:10,015 [ERROR] LogOutputStream:75 - [STDERR_REDIRECT] [Fatal Error] :1:1: Premature end of file.
2026-05-09 00:42:10,015 [ERROR] LogOutputStream:75 - [STDERR_REDIRECT] 
2026-05-09 00:42:11,002 [ERROR] LogOutputStream:75 - [STDERR_REDIRECT] [Fatal Error] :1:1: Premature end of file.
2026-05-09 00:42:11,002 [ERROR] LogOutputStream:75 - [STDERR_REDIRECT] 
2026-05-09 00:42:12,010 [ERROR] LogOutputStream:75 - [STDERR_REDIRECT] [Fatal Error] :1:1: Premature end of file.
2026-05-09 00:42:12,010 [ERROR] LogOutputStream:75 - [STDERR_REDIRECT] 
2026-05-09 00:42:12,997 [ERROR] LogOutputStream:75 - [STDERR_REDIRECT] [Fatal Error] :1:1: Premature end of file.
2026-05-09 00:42:12,997 [ERROR] LogOutputStream:75 - [STDERR_REDIRECT] 
2026-05-09 00:42:14,006 [ERROR] LogOutputStream:75 - [STDERR_REDIRECT] [Fatal Error] :1:1: Premature end of file.
2026-05-09 00:42:14,006 [ERROR] LogOutputStream:75 - [STDERR_REDIRECT] 
2026-05-09 00:42:15,001 [ERROR] LogOutputStream:75 - [STDERR_REDIRECT] [Fatal Error] :1:1: Premature end of file.
2026-05-09 00:42:15,001 [ERROR] LogOutputStream:75 - [STDERR_REDIRECT] 
2026-05-09 00:42:16,026 [ERROR] LogOutputStream:75 - [STDERR_REDIRECT] [Fatal Error] :1:1: Premature end of file.
2026-05-09 00:42:16,026 [ERROR] LogOutputStream:75 - [STDERR_REDIRECT] 
2026-05-09 00:42:16,995 [ERROR] LogOutputStream:75 - [STDERR_REDIRECT] [Fatal Error] :1:1: Premature end of file.
2026-05-09 00:42:16,995 [ERROR] LogOutputStream:75 - [STDERR_REDIRECT] 
2026-05-09 00:42:18,010 [ERROR] LogOutputStream:75 - [STDERR_REDIRECT] [Fatal Error] :1:1: Premature end of file.
2026-05-09 00:42:18,010 [ERROR] LogOutputStream:75 - [STDERR_REDIRECT] 
2026-05-09 00:42:18,987 [ERROR] LogOutputStream:75 - [STDERR_REDIRECT] [Fatal Error] :1:1: Premature end of file.
2026-05-09 00:42:18,987 [ERROR] LogOutputStream:75 - [STDERR_REDIRECT] 
2026-05-09 00:42:19,999 [ERROR] LogOutputStream:75 - [STDERR_REDIRECT] [Fatal Error] :1:1: Premature end of file.
2026-05-09 00:42:19,999 [ERROR] LogOutputStream:75 - [STDERR_REDIRECT] 
2026-05-09 00:42:21,000 [ERROR] LogOutputStream:75 - [STDERR_REDIRECT] [Fatal Error] :1:1: Premature end of file.
2026-05-09 00:42:21,000 [ERROR] LogOutputStream:75 - [STDERR_REDIRECT] 
2026-05-09 00:42:21,983 [ERROR] LogOutputStream:75 - [STDERR_REDIRECT] [Fatal Error] :1:1: Premature end of file.
2026-05-09 00:42:21,983 [ERROR] LogOutputStream:75 - [STDERR_REDIRECT] 
2026-05-09 00:42:23,003 [ERROR] LogOutputStream:75 - [STDERR_REDIRECT] [Fatal Error] :1:1: Premature end of file.
2026-05-09 00:42:23,003 [ERROR] LogOutputStream:75 - [STDERR_REDIRECT] 
2026-05-09 00:42:24,011 [ERROR] LogOutputStream:75 - [STDERR_REDIRECT] [Fatal Error] :1:1: Premature end of file.
2026-05-09 00:42:24,011 [ERROR] LogOutputStream:75 - [STDERR_REDIRECT] 
2026-05-09 00:42:24,990 [ERROR] LogOutputStream:75 - [STDERR_REDIRECT] [Fatal Error] :1:1: Premature end of file.
2026-05-09 00:42:25,005 [ERROR] LogOutputStream:75 - [STDERR_REDIRECT] 
2026-05-09 00:42:26,009 [ERROR] LogOutputStream:75 - [STDERR_REDIRECT] [Fatal Error] :1:1: Premature end of file.
2026-05-09 00:42:26,009 [ERROR] LogOutputStream:75 - [STDERR_REDIRECT] 
2026-05-09 00:42:27,010 [ERROR] LogOutputStream:75 - [STDERR_REDIRECT] [Fatal Error] :1:1: Premature end of file.
2026-05-09 00:42:27,010 [ERROR] LogOutputStream:75 - [STDERR_REDIRECT] 
2026-05-09 00:42:27,999 [ERROR] LogOutputStream:75 - [STDERR_REDIRECT] [Fatal Error] :1:1: Premature end of file.
2026-05-09 00:42:27,999 [ERROR] LogOutputStream:75 - [STDERR_REDIRECT] 
2026-05-09 00:42:29,009 [ERROR] LogOutputStream:75 - [STDERR_REDIRECT] [Fatal Error] :1:1: Premature end of file.
2026-05-09 00:42:29,009 [ERROR] LogOutputStream:75 - [STDERR_REDIRECT] 
2026-05-09 00:42:29,999 [ERROR] LogOutputStream:75 - [STDERR_REDIRECT] [Fatal Error] :1:1: Premature end of file.
2026-05-09 00:42:29,999 [ERROR] LogOutputStream:75 - [STDERR_REDIRECT] 
2026-05-09 00:42:31,005 [ERROR] LogOutputStream:75 - [STDERR_REDIRECT] [Fatal Error] :1:1: Premature end of file.
2026-05-09 00:42:31,005 [ERROR] LogOutputStream:75 - [STDERR_REDIRECT] 
2026-05-09 00:42:32,005 [ERROR] LogOutputStream:75 - [STDERR_REDIRECT] [Fatal Error] :1:1: Premature end of file.
2026-05-09 00:42:32,005 [ERROR] LogOutputStream:75 - [STDERR_REDIRECT] 
2026-05-09 00:42:32,986 [ERROR] LogOutputStream:75 - [STDERR_REDIRECT] [Fatal Error] :1:1: Premature end of file.
2026-05-09 00:42:32,986 [ERROR] LogOutputStream:75 - [STDERR_REDIRECT] 
2026-05-09 00:42:34,016 [ERROR] LogOutputStream:75 - [STDERR_REDIRECT] [Fatal Error] :1:1: Premature end of file.
2026-05-09 00:42:34,016 [ERROR] LogOutputStream:75 - [STDERR_REDIRECT] 
2026-05-09 00:42:35,009 [ERROR] LogOutputStream:75 - [STDERR_REDIRECT] [Fatal Error] :1:1: Premature end of file.
2026-05-09 00:42:35,009 [ERROR] LogOutputStream:75 - [STDERR_REDIRECT] 
2026-05-09 00:42:36,012 [ERROR] LogOutputStream:75 - [STDERR_REDIRECT] [Fatal Error] :1:1: Premature end of file.
2026-05-09 00:42:36,012 [ERROR] LogOutputStream:75 - [STDERR_REDIRECT] 
2026-05-09 00:42:37,006 [ERROR] LogOutputStream:75 - [STDERR_REDIRECT] [Fatal Error] :1:1: Premature end of file.
2026-05-09 00:42:37,006 [ERROR] LogOutputStream:75 - [STDERR_REDIRECT] 
2026-05-09 00:42:38,017 [ERROR] LogOutputStream:75 - [STDERR_REDIRECT] [Fatal Error] :1:1: Premature end of file.
2026-05-09 00:42:38,017 [ERROR] LogOutputStream:75 - [STDERR_REDIRECT] 
2026-05-09 00:42:39,006 [ERROR] LogOutputStream:75 - [STDERR_REDIRECT] [Fatal Error] :1:1: Premature end of file.
2026-05-09 00:42:39,006 [ERROR] LogOutputStream:75 - [STDERR_REDIRECT] 
2026-05-09 00:42:39,996 [ERROR] LogOutputStream:75 - [STDERR_REDIRECT] [Fatal Error] :1:1: Premature end of file.
2026-05-09 00:42:39,996 [ERROR] LogOutputStream:75 - [STDERR_REDIRECT] 
2026-05-09 00:42:41,008 [ERROR] LogOutputStream:75 - [STDERR_REDIRECT] [Fatal Error] :1:1: Premature end of file.
2026-05-09 00:42:41,008 [ERROR] LogOutputStream:75 - [STDERR_REDIRECT] 
2026-05-09 00:42:42,005 [ERROR] LogOutputStream:75 - [STDERR_REDIRECT] [Fatal Error] :1:1: Premature end of file.
2026-05-09 00:42:42,005 [ERROR] LogOutputStream:75 - [STDERR_REDIRECT] 
2026-05-09 00:42:43,010 [ERROR] LogOutputStream:75 - [STDERR_REDIRECT] [Fatal Error] :1:1: Premature end of file.
2026-05-09 00:42:43,010 [ERROR] LogOutputStream:75 - [STDERR_REDIRECT] 
2026-05-09 00:42:43,997 [ERROR] LogOutputStream:75 - [STDERR_REDIRECT] [Fatal Error] :1:1: Premature end of file.
2026-05-09 00:42:43,997 [ERROR] LogOutputStream:75 - [STDERR_REDIRECT] 
2026-05-09 00:42:45,007 [ERROR] LogOutputStream:75 - [STDERR_REDIRECT] [Fatal Error] :1:1: Premature end of file.
2026-05-09 00:42:45,007 [ERROR] LogOutputStream:75 - [STDERR_REDIRECT] 
2026-05-09 00:42:46,009 [ERROR] LogOutputStream:75 - [STDERR_REDIRECT] [Fatal Error] :1:1: Premature end of file.
2026-05-09 00:42:46,009 [ERROR] LogOutputStream:75 - [STDERR_REDIRECT] 
2026-05-09 00:42:46,999 [ERROR] LogOutputStream:75 - [STDERR_REDIRECT] [Fatal Error] :1:1: Premature end of file.
2026-05-09 00:42:46,999 [ERROR] LogOutputStream:75 - [STDERR_REDIRECT] 
2026-05-09 00:42:48,010 [ERROR] LogOutputStream:75 - [STDERR_REDIRECT] [Fatal Error] :1:1: Premature end of file.
2026-05-09 00:42:48,010 [ERROR] LogOutputStream:75 - [STDERR_REDIRECT] 
2026-05-09 00:42:49,001 [ERROR] LogOutputStream:75 - [STDERR_REDIRECT] [Fatal Error] :1:1: Premature end of file.
2026-05-09 00:42:49,001 [ERROR] LogOutputStream:75 - [STDERR_REDIRECT] 
2026-05-09 00:42:50,009 [ERROR] LogOutputStream:75 - [STDERR_REDIRECT] [Fatal Error] :1:1: Premature end of file.
2026-05-09 00:42:50,009 [ERROR] LogOutputStream:75 - [STDERR_REDIRECT] 
2026-05-09 00:42:51,011 [ERROR] LogOutputStream:75 - [STDERR_REDIRECT] [Fatal Error] :1:1: Premature end of file.
2026-05-09 00:42:51,011 [ERROR] LogOutputStream:75 - [STDERR_REDIRECT] 
2026-05-09 00:42:52,004 [ERROR] LogOutputStream:75 - [STDERR_REDIRECT] [Fatal Error] :1:1: Premature end of file.
2026-05-09 00:42:52,004 [ERROR] LogOutputStream:75 - [STDERR_REDIRECT] 
2026-05-09 00:42:53,001 [ERROR] LogOutputStream:75 - [STDERR_REDIRECT] [Fatal Error] :1:1: Premature end of file.
2026-05-09 00:42:53,001 [ERROR] LogOutputStream:75 - [STDERR_REDIRECT] 
2026-05-09 00:42:54,007 [ERROR] LogOutputStream:75 - [STDERR_REDIRECT] [Fatal Error] :1:1: Premature end of file.
2026-05-09 00:42:54,007 [ERROR] LogOutputStream:75 - [STDERR_REDIRECT] 
2026-05-09 00:42:55,004 [ERROR] LogOutputStream:75 - [STDERR_REDIRECT] [Fatal Error] :1:1: Premature end of file.
2026-05-09 00:42:55,004 [ERROR] LogOutputStream:75 - [STDERR_REDIRECT] 
2026-05-09 00:42:56,010 [ERROR] LogOutputStream:75 - [STDERR_REDIRECT] [Fatal Error] :1:1: Premature end of file.
2026-05-09 00:42:56,010 [ERROR] LogOutputStream:75 - [STDERR_REDIRECT] 
2026-05-09 00:42:57,006 [ERROR] LogOutputStream:75 - [STDERR_REDIRECT] [Fatal Error] :1:1: Premature end of file.
2026-05-09 00:42:57,006 [ERROR] LogOutputStream:75 - [STDERR_REDIRECT] 
2026-05-09 00:42:58,001 [ERROR] LogOutputStream:75 - [STDERR_REDIRECT] [Fatal Error] :1:1: Premature end of file.
2026-05-09 00:42:58,008 [ERROR] LogOutputStream:75 - [STDERR_REDIRECT] 
2026-05-09 00:42:59,016 [ERROR] LogOutputStream:75 - [STDERR_REDIRECT] [Fatal Error] :1:1: Premature end of file.
2026-05-09 00:42:59,016 [ERROR] LogOutputStream:75 - [STDERR_REDIRECT] 
2026-05-09 00:43:00,007 [ERROR] LogOutputStream:75 - [STDERR_REDIRECT] [Fatal Error] :1:1: Premature end of file.
2026-05-09 00:43:00,007 [ERROR] LogOutputStream:75 - [STDERR_REDIRECT] 
2026-05-09 00:43:01,011 [ERROR] LogOutputStream:75 - [STDERR_REDIRECT] [Fatal Error] :1:1: Premature end of file.
2026-05-09 00:43:01,011 [ERROR] LogOutputStream:75 - [STDERR_REDIRECT] 
2026-05-09 00:43:02,002 [ERROR] LogOutputStream:75 - [STDERR_REDIRECT] [Fatal Error] :1:1: Premature end of file.
2026-05-09 00:43:02,002 [ERROR] LogOutputStream:75 - [STDERR_REDIRECT] 
2026-05-09 00:43:03,004 [ERROR] LogOutputStream:75 - [STDERR_REDIRECT] [Fatal Error] :1:1: Premature end of file.
2026-05-09 00:43:03,004 [ERROR] LogOutputStream:75 - [STDERR_REDIRECT] 
2026-05-09 00:43:03,999 [ERROR] LogOutputStream:75 - [STDERR_REDIRECT] [Fatal Error] :1:1: Premature end of file.
2026-05-09 00:43:03,999 [ERROR] LogOutputStream:75 - [STDERR_REDIRECT] 
2026-05-09 00:43:04,997 [ERROR] LogOutputStream:75 - [STDERR_REDIRECT] [Fatal Error] :1:1: Premature end of file.
2026-05-09 00:43:04,997 [ERROR] LogOutputStream:75 - [STDERR_REDIRECT] 
2026-05-09 00:43:05,997 [ERROR] LogOutputStream:75 - [STDERR_REDIRECT] [Fatal Error] :1:1: Premature end of file.
2026-05-09 00:43:05,997 [ERROR] LogOutputStream:75 - [STDERR_REDIRECT] 
2026-05-09 00:43:07,012 [ERROR] LogOutputStream:75 - [STDERR_REDIRECT] [Fatal Error] :1:1: Premature end of file.
2026-05-09 00:43:07,012 [ERROR] LogOutputStream:75 - [STDERR_REDIRECT] 
2026-05-09 00:43:08,010 [ERROR] LogOutputStream:75 - [STDERR_REDIRECT] [Fatal Error] :1:1: Premature end of file.
2026-05-09 00:43:08,010 [ERROR] LogOutputStream:75 - [STDERR_REDIRECT] 
2026-05-09 00:43:09,005 [ERROR] LogOutputStream:75 - [STDERR_REDIRECT] [Fatal Error] :1:1: Premature end of file.
2026-05-09 00:43:09,005 [ERROR] LogOutputStream:75 - [STDERR_REDIRECT] 
2026-05-09 00:43:10,011 [ERROR] LogOutputStream:75 - [STDERR_REDIRECT] [Fatal Error] :1:1: Premature end of file.
2026-05-09 00:43:10,011 [ERROR] LogOutputStream:75 - [STDERR_REDIRECT] 
2026-05-09 00:43:11,003 [ERROR] LogOutputStream:75 - [STDERR_REDIRECT] [Fatal Error] :1:1: Premature end of file.
2026-05-09 00:43:11,003 [ERROR] LogOutputStream:75 - [STDERR_REDIRECT] 
2026-05-09 00:43:11,996 [ERROR] LogOutputStream:75 - [STDERR_REDIRECT] [Fatal Error] :1:1: Premature end of file.
2026-05-09 00:43:11,996 [ERROR] LogOutputStream:75 - [STDERR_REDIRECT] 
2026-05-09 00:43:13,008 [ERROR] LogOutputStream:75 - [STDERR_REDIRECT] [Fatal Error] :1:1: Premature end of file.
2026-05-09 00:43:13,010 [ERROR] LogOutputStream:75 - [STDERR_REDIRECT] 
2026-05-09 00:43:13,997 [ERROR] LogOutputStream:75 - [STDERR_REDIRECT] [Fatal Error] :1:1: Premature end of file.
2026-05-09 00:43:13,997 [ERROR] LogOutputStream:75 - [STDERR_REDIRECT] 
2026-05-09 00:43:15,008 [ERROR] LogOutputStream:75 - [STDERR_REDIRECT] [Fatal Error] :1:1: Premature end of file.
2026-05-09 00:43:15,008 [ERROR] LogOutputStream:75 - [STDERR_REDIRECT] 
2026-05-09 00:43:16,000 [ERROR] LogOutputStream:75 - [STDERR_REDIRECT] [Fatal Error] :1:1: Premature end of file.
2026-05-09 00:43:16,000 [ERROR] LogOutputStream:75 - [STDERR_REDIRECT] 
2026-05-09 00:43:17,010 [ERROR] LogOutputStream:75 - [STDERR_REDIRECT] [Fatal Error] :1:1: Premature end of file.
2026-05-09 00:43:17,010 [ERROR] LogOutputStream:75 - [STDERR_REDIRECT] 
2026-05-09 00:43:18,004 [ERROR] LogOutputStream:75 - [STDERR_REDIRECT] [Fatal Error] :1:1: Premature end of file.
2026-05-09 00:43:18,004 [ERROR] LogOutputStream:75 - [STDERR_REDIRECT] 
2026-05-09 00:43:19,011 [ERROR] LogOutputStream:75 - [STDERR_REDIRECT] [Fatal Error] :1:1: Premature end of file.
2026-05-09 00:43:19,011 [ERROR] LogOutputStream:75 - [STDERR_REDIRECT] 
2026-05-09 00:43:20,003 [ERROR] LogOutputStream:75 - [STDERR_REDIRECT] [Fatal Error] :1:1: Premature end of file.
2026-05-09 00:43:20,003 [ERROR] LogOutputStream:75 - [STDERR_REDIRECT] 
2026-05-09 00:43:21,004 [ERROR] LogOutputStream:75 - [STDERR_REDIRECT] [Fatal Error] :1:1: Premature end of file.
2026-05-09 00:43:21,004 [ERROR] LogOutputStream:75 - [STDERR_REDIRECT] 
2026-05-09 00:43:21,997 [ERROR] LogOutputStream:75 - [STDERR_REDIRECT] [Fatal Error] :1:1: Premature end of file.
2026-05-09 00:43:21,997 [ERROR] LogOutputStream:75 - [STDERR_REDIRECT] 
2026-05-09 00:43:23,003 [ERROR] LogOutputStream:75 - [STDERR_REDIRECT] [Fatal Error] :1:1: Premature end of file.
2026-05-09 00:43:23,003 [ERROR] LogOutputStream:75 - [STDERR_REDIRECT] 
2026-05-09 00:43:24,000 [ERROR] LogOutputStream:75 - [STDERR_REDIRECT] [Fatal Error] :1:1: Premature end of file.
2026-05-09 00:43:24,000 [ERROR] LogOutputStream:75 - [STDERR_REDIRECT] 
2026-05-09 00:43:24,987 [ERROR] LogOutputStream:75 - [STDERR_REDIRECT] [Fatal Error] :1:1: Premature end of file.
2026-05-09 00:43:24,987 [ERROR] LogOutputStream:75 - [STDERR_REDIRECT] 
2026-05-09 00:43:26,010 [ERROR] LogOutputStream:75 - [STDERR_REDIRECT] [Fatal Error] :1:1: Premature end of file.
2026-05-09 00:43:26,010 [ERROR] LogOutputStream:75 - [STDERR_REDIRECT] 
2026-05-09 00:43:27,008 [ERROR] LogOutputStream:75 - [STDERR_REDIRECT] [Fatal Error] :1:1: Premature end of file.
2026-05-09 00:43:27,008 [ERROR] LogOutputStream:75 - [STDERR_REDIRECT] 
2026-05-09 00:43:28,011 [ERROR] LogOutputStream:75 - [STDERR_REDIRECT] [Fatal Error] :1:1: Premature end of file.
2026-05-09 00:43:28,011 [ERROR] LogOutputStream:75 - [STDERR_REDIRECT] 
2026-05-09 00:43:29,013 [ERROR] LogOutputStream:75 - [STDERR_REDIRECT] [Fatal Error] :1:1: Premature end of file.
2026-05-09 00:43:29,013 [ERROR] LogOutputStream:75 - [STDERR_REDIRECT] 
2026-05-09 00:43:29,994 [ERROR] LogOutputStream:75 - [STDERR_REDIRECT] [Fatal Error] :1:1: Premature end of file.
2026-05-09 00:43:29,994 [ERROR] LogOutputStream:75 - [STDERR_REDIRECT] 
2026-05-09 00:43:31,011 [ERROR] LogOutputStream:75 - [STDERR_REDIRECT] [Fatal Error] :1:1: Premature end of file.
2026-05-09 00:43:31,011 [ERROR] LogOutputStream:75 - [STDERR_REDIRECT] 
2026-05-09 00:43:32,002 [ERROR] LogOutputStream:75 - [STDERR_REDIRECT] [Fatal Error] :1:1: Premature end of file.
2026-05-09 00:43:32,002 [ERROR] LogOutputStream:75 - [STDERR_REDIRECT] 
2026-05-09 00:43:33,011 [ERROR] LogOutputStream:75 - [STDERR_REDIRECT] [Fatal Error] :1:1: Premature end of file.
2026-05-09 00:43:33,011 [ERROR] LogOutputStream:75 - [STDERR_REDIRECT] 
2026-05-09 00:43:34,011 [ERROR] LogOutputStream:75 - [STDERR_REDIRECT] [Fatal Error] :1:1: Premature end of file.
2026-05-09 00:43:34,011 [ERROR] LogOutputStream:75 - [STDERR_REDIRECT] 
2026-05-09 00:43:35,006 [ERROR] LogOutputStream:75 - [STDERR_REDIRECT] [Fatal Error] :1:1: Premature end of file.
2026-05-09 00:43:35,006 [ERROR] LogOutputStream:75 - [STDERR_REDIRECT] 
2026-05-09 00:43:36,010 [ERROR] LogOutputStream:75 - [STDERR_REDIRECT] [Fatal Error] :1:1: Premature end of file.
2026-05-09 00:43:36,010 [ERROR] LogOutputStream:75 - [STDERR_REDIRECT] 
2026-05-09 00:43:37,004 [ERROR] LogOutputStream:75 - [STDERR_REDIRECT] [Fatal Error] :1:1: Premature end of file.
2026-05-09 00:43:37,004 [ERROR] LogOutputStream:75 - [STDERR_REDIRECT] 
2026-05-09 00:43:37,999 [ERROR] LogOutputStream:75 - [STDERR_REDIRECT] [Fatal Error] :1:1: Premature end of file.
2026-05-09 00:43:37,999 [ERROR] LogOutputStream:75 - [STDERR_REDIRECT] 
2026-05-09 00:43:39,005 [ERROR] LogOutputStream:75 - [STDERR_REDIRECT] [Fatal Error] :1:1: Premature end of file.
2026-05-09 00:43:39,005 [ERROR] LogOutputStream:75 - [STDERR_REDIRECT] 
2026-05-09 00:43:39,998 [ERROR] LogOutputStream:75 - [STDERR_REDIRECT] [Fatal Error] :1:1: Premature end of file.
2026-05-09 00:43:39,998 [ERROR] LogOutputStream:75 - [STDERR_REDIRECT] 
2026-05-09 00:43:40,996 [ERROR] LogOutputStream:75 - [STDERR_REDIRECT] [Fatal Error] :1:1: Premature end of file.
2026-05-09 00:43:40,996 [ERROR] LogOutputStream:75 - [STDERR_REDIRECT] 
2026-05-09 00:43:42,005 [ERROR] LogOutputStream:75 - [STDERR_REDIRECT] [Fatal Error] :1:1: Premature end of file.
2026-05-09 00:43:42,005 [ERROR] LogOutputStream:75 - [STDERR_REDIRECT] 
2026-05-09 00:43:42,990 [ERROR] LogOutputStream:75 - [STDERR_REDIRECT] [Fatal Error] :1:1: Premature end of file.
2026-05-09 00:43:42,990 [ERROR] LogOutputStream:75 - [STDERR_REDIRECT] 
2026-05-09 00:43:44,000 [ERROR] LogOutputStream:75 - [STDERR_REDIRECT] [Fatal Error] :1:1: Premature end of file.
2026-05-09 00:43:44,000 [ERROR] LogOutputStream:75 - [STDERR_REDIRECT] 
2026-05-09 00:43:44,995 [ERROR] LogOutputStream:75 - [STDERR_REDIRECT] [Fatal Error] :1:1: Premature end of file.
2026-05-09 00:43:44,995 [ERROR] LogOutputStream:75 - [STDERR_REDIRECT] 
2026-05-09 00:43:46,006 [ERROR] LogOutputStream:75 - [STDERR_REDIRECT] [Fatal Error] :1:1: Premature end of file.
2026-05-09 00:43:46,006 [ERROR] LogOutputStream:75 - [STDERR_REDIRECT] 
2026-05-09 00:43:46,999 [ERROR] LogOutputStream:75 - [STDERR_REDIRECT] [Fatal Error] :1:1: Premature end of file.
2026-05-09 00:43:46,999 [ERROR] LogOutputStream:75 - [STDERR_REDIRECT] 
2026-05-09 00:43:48,003 [ERROR] LogOutputStream:75 - [STDERR_REDIRECT] [Fatal Error] :1:1: Premature end of file.
2026-05-09 00:43:48,003 [ERROR] LogOutputStream:75 - [STDERR_REDIRECT] 
2026-05-09 00:43:48,999 [ERROR] LogOutputStream:75 - [STDERR_REDIRECT] [Fatal Error] :1:1: Premature end of file.
2026-05-09 00:43:48,999 [ERROR] LogOutputStream:75 - [STDERR_REDIRECT] 
2026-05-09 00:43:50,009 [ERROR] LogOutputStream:75 - [STDERR_REDIRECT] [Fatal Error] :1:1: Premature end of file.
2026-05-09 00:43:50,009 [ERROR] LogOutputStream:75 - [STDERR_REDIRECT] 
2026-05-09 00:43:51,005 [ERROR] LogOutputStream:75 - [STDERR_REDIRECT] [Fatal Error] :1:1: Premature end of file.
2026-05-09 00:43:51,005 [ERROR] LogOutputStream:75 - [STDERR_REDIRECT] 
2026-05-09 00:43:52,008 [ERROR] LogOutputStream:75 - [STDERR_REDIRECT] [Fatal Error] :1:1: Premature end of file.
2026-05-09 00:43:52,008 [ERROR] LogOutputStream:75 - [STDERR_REDIRECT] 
2026-05-09 00:43:53,000 [ERROR] LogOutputStream:75 - [STDERR_REDIRECT] [Fatal Error] :1:1: Premature end of file.
2026-05-09 00:43:53,000 [ERROR] LogOutputStream:75 - [STDERR_REDIRECT] 
2026-05-09 00:43:54,010 [ERROR] LogOutputStream:75 - [STDERR_REDIRECT] [Fatal Error] :1:1: Premature end of file.
2026-05-09 00:43:54,010 [ERROR] LogOutputStream:75 - [STDERR_REDIRECT] 
2026-05-09 00:43:55,003 [ERROR] LogOutputStream:75 - [STDERR_REDIRECT] [Fatal Error] :1:1: Premature end of file.
2026-05-09 00:43:55,003 [ERROR] LogOutputStream:75 - [STDERR_REDIRECT] 
2026-05-09 00:43:56,006 [ERROR] LogOutputStream:75 - [STDERR_REDIRECT] [Fatal Error] :1:1: Premature end of file.
2026-05-09 00:43:56,007 [ERROR] LogOutputStream:75 - [STDERR_REDIRECT] 
2026-05-09 00:43:57,004 [ERROR] LogOutputStream:75 - [STDERR_REDIRECT] [Fatal Error] :1:1: Premature end of file.
2026-05-09 00:43:57,004 [ERROR] LogOutputStream:75 - [STDERR_REDIRECT] 
2026-05-09 00:43:58,012 [ERROR] LogOutputStream:75 - [STDERR_REDIRECT] [Fatal Error] :1:1: Premature end of file.
2026-05-09 00:43:58,012 [ERROR] LogOutputStream:75 - [STDERR_REDIRECT] 
2026-05-09 00:43:58,998 [ERROR] LogOutputStream:75 - [STDERR_REDIRECT] [Fatal Error] :1:1: Premature end of file.
2026-05-09 00:43:58,998 [ERROR] LogOutputStream:75 - [STDERR_REDIRECT] 
2026-05-09 00:44:00,005 [ERROR] LogOutputStream:75 - [STDERR_REDIRECT] [Fatal Error] :1:1: Premature end of file.
2026-05-09 00:44:00,005 [ERROR] LogOutputStream:75 - [STDERR_REDIRECT] 
2026-05-09 00:44:01,012 [ERROR] LogOutputStream:75 - [STDERR_REDIRECT] [Fatal Error] :1:1: Premature end of file.
2026-05-09 00:44:01,012 [ERROR] LogOutputStream:75 - [STDERR_REDIRECT] 
2026-05-09 00:44:02,003 [ERROR] LogOutputStream:75 - [STDERR_REDIRECT] [Fatal Error] :1:1: Premature end of file.
2026-05-09 00:44:02,003 [ERROR] LogOutputStream:75 - [STDERR_REDIRECT] 
2026-05-09 00:44:02,992 [ERROR] LogOutputStream:75 - [STDERR_REDIRECT] [Fatal Error] :1:1: Premature end of file.
2026-05-09 00:44:02,992 [ERROR] LogOutputStream:75 - [STDERR_REDIRECT] 
2026-05-09 00:44:03,998 [ERROR] LogOutputStream:75 - [STDERR_REDIRECT] [Fatal Error] :1:1: Premature end of file.
2026-05-09 00:44:03,998 [ERROR] LogOutputStream:75 - [STDERR_REDIRECT] 
2026-05-09 00:44:05,020 [ERROR] LogOutputStream:75 - [STDERR_REDIRECT] [Fatal Error] :1:1: Premature end of file.
2026-05-09 00:44:05,020 [ERROR] LogOutputStream:75 - [STDERR_REDIRECT] 
2026-05-09 00:44:06,000 [ERROR] LogOutputStream:75 - [STDERR_REDIRECT] [Fatal Error] :1:1: Premature end of file.
2026-05-09 00:44:06,000 [ERROR] LogOutputStream:75 - [STDERR_REDIRECT] 
2026-05-09 00:44:06,987 [ERROR] LogOutputStream:75 - [STDERR_REDIRECT] [Fatal Error] :1:1: Premature end of file.
2026-05-09 00:44:06,987 [ERROR] LogOutputStream:75 - [STDERR_REDIRECT] 
2026-05-09 00:44:07,986 [ERROR] LogOutputStream:75 - [STDERR_REDIRECT] [Fatal Error] :1:1: Premature end of file.
2026-05-09 00:44:07,986 [ERROR] LogOutputStream:75 - [STDERR_REDIRECT] 
2026-05-09 00:44:09,007 [ERROR] LogOutputStream:75 - [STDERR_REDIRECT] [Fatal Error] :1:1: Premature end of file.
2026-05-09 00:44:09,007 [ERROR] LogOutputStream:75 - [STDERR_REDIRECT] 
2026-05-09 00:44:10,003 [ERROR] LogOutputStream:75 - [STDERR_REDIRECT] [Fatal Error] :1:1: Premature end of file.
2026-05-09 00:44:10,003 [ERROR] LogOutputStream:75 - [STDERR_REDIRECT] 
2026-05-09 00:44:11,010 [ERROR] LogOutputStream:75 - [STDERR_REDIRECT] [Fatal Error] :1:1: Premature end of file.
2026-05-09 00:44:11,010 [ERROR] LogOutputStream:75 - [STDERR_REDIRECT] 
2026-05-09 00:44:11,998 [ERROR] LogOutputStream:75 - [STDERR_REDIRECT] [Fatal Error] :1:1: Premature end of file.
2026-05-09 00:44:11,998 [ERROR] LogOutputStream:75 - [STDERR_REDIRECT] 
2026-05-09 00:44:13,010 [ERROR] LogOutputStream:75 - [STDERR_REDIRECT] [Fatal Error] :1:1: Premature end of file.
2026-05-09 00:44:13,010 [ERROR] LogOutputStream:75 - [STDERR_REDIRECT] 
2026-05-09 00:44:14,004 [ERROR] LogOutputStream:75 - [STDERR_REDIRECT] [Fatal Error] :1:1: Premature end of file.
2026-05-09 00:44:14,005 [ERROR] LogOutputStream:75 - [STDERR_REDIRECT] 
2026-05-09 00:44:15,011 [ERROR] LogOutputStream:75 - [STDERR_REDIRECT] [Fatal Error] :1:1: Premature end of file.
2026-05-09 00:44:15,011 [ERROR] LogOutputStream:75 - [STDERR_REDIRECT] 
2026-05-09 00:44:15,996 [ERROR] LogOutputStream:75 - [STDERR_REDIRECT] [Fatal Error] :1:1: Premature end of file.
2026-05-09 00:44:15,996 [ERROR] LogOutputStream:75 - [STDERR_REDIRECT] 
2026-05-09 00:44:17,009 [ERROR] LogOutputStream:75 - [STDERR_REDIRECT] [Fatal Error] :1:1: Premature end of file.
2026-05-09 00:44:17,009 [ERROR] LogOutputStream:75 - [STDERR_REDIRECT] 
2026-05-09 00:44:18,003 [ERROR] LogOutputStream:75 - [STDERR_REDIRECT] [Fatal Error] :1:1: Premature end of file.
2026-05-09 00:44:18,003 [ERROR] LogOutputStream:75 - [STDERR_REDIRECT] 
2026-05-09 00:44:19,013 [ERROR] LogOutputStream:75 - [STDERR_REDIRECT] [Fatal Error] :1:1: Premature end of file.
2026-05-09 00:44:19,013 [ERROR] LogOutputStream:75 - [STDERR_REDIRECT] 
2026-05-09 00:44:20,012 [ERROR] LogOutputStream:75 - [STDERR_REDIRECT] [Fatal Error] :1:1: Premature end of file.
2026-05-09 00:44:20,012 [ERROR] LogOutputStream:75 - [STDERR_REDIRECT] 
2026-05-09 00:44:20,999 [ERROR] LogOutputStream:75 - [STDERR_REDIRECT] [Fatal Error] :1:1: Premature end of file.
2026-05-09 00:44:20,999 [ERROR] LogOutputStream:75 - [STDERR_REDIRECT] 
2026-05-09 00:44:21,992 [ERROR] LogOutputStream:75 - [STDERR_REDIRECT] [Fatal Error] :1:1: Premature end of file.
2026-05-09 00:44:21,992 [ERROR] LogOutputStream:75 - [STDERR_REDIRECT] 
2026-05-09 00:44:22,981 [ERROR] LogOutputStream:75 - [STDERR_REDIRECT] [Fatal Error] :1:1: Premature end of file.
2026-05-09 00:44:22,981 [ERROR] LogOutputStream:75 - [STDERR_REDIRECT] 
2026-05-09 00:44:23,999 [ERROR] LogOutputStream:75 - [STDERR_REDIRECT] [Fatal Error] :1:1: Premature end of file.
2026-05-09 00:44:23,999 [ERROR] LogOutputStream:75 - [STDERR_REDIRECT] 
2026-05-09 00:44:25,010 [ERROR] LogOutputStream:75 - [STDERR_REDIRECT] [Fatal Error] :1:1: Premature end of file.
2026-05-09 00:44:25,010 [ERROR] LogOutputStream:75 - [STDERR_REDIRECT] 
2026-05-09 00:44:26,002 [ERROR] LogOutputStream:75 - [STDERR_REDIRECT] [Fatal Error] :1:1: Premature end of file.
2026-05-09 00:44:26,002 [ERROR] LogOutputStream:75 - [STDERR_REDIRECT] 
2026-05-09 00:44:27,008 [ERROR] LogOutputStream:75 - [STDERR_REDIRECT] [Fatal Error] :1:1: Premature end of file.
2026-05-09 00:44:27,008 [ERROR] LogOutputStream:75 - [STDERR_REDIRECT] 
2026-05-09 00:44:28,000 [ERROR] LogOutputStream:75 - [STDERR_REDIRECT] [Fatal Error] :1:1: Premature end of file.
2026-05-09 00:44:28,000 [ERROR] LogOutputStream:75 - [STDERR_REDIRECT] 
2026-05-09 00:44:29,007 [ERROR] LogOutputStream:75 - [STDERR_REDIRECT] [Fatal Error] :1:1: Premature end of file.
2026-05-09 00:44:29,007 [ERROR] LogOutputStream:75 - [STDERR_REDIRECT] 
2026-05-09 00:44:30,003 [ERROR] LogOutputStream:75 - [STDERR_REDIRECT] [Fatal Error] :1:1: Premature end of file.
2026-05-09 00:44:30,003 [ERROR] LogOutputStream:75 - [STDERR_REDIRECT] 
2026-05-09 00:44:30,996 [ERROR] LogOutputStream:75 - [STDERR_REDIRECT] [Fatal Error] :1:1: Premature end of file.
2026-05-09 00:44:30,996 [ERROR] LogOutputStream:75 - [STDERR_REDIRECT] 
2026-05-09 00:44:32,002 [ERROR] LogOutputStream:75 - [STDERR_REDIRECT] [Fatal Error] :1:1: Premature end of file.
2026-05-09 00:44:32,002 [ERROR] LogOutputStream:75 - [STDERR_REDIRECT] 
2026-05-09 00:44:32,997 [ERROR] LogOutputStream:75 - [STDERR_REDIRECT] [Fatal Error] :1:1: Premature end of file.
2026-05-09 00:44:32,997 [ERROR] LogOutputStream:75 - [STDERR_REDIRECT] 
2026-05-09 00:44:34,004 [ERROR] LogOutputStream:75 - [STDERR_REDIRECT] [Fatal Error] :1:1: Premature end of file.
2026-05-09 00:44:34,004 [ERROR] LogOutputStream:75 - [STDERR_REDIRECT] 
2026-05-09 00:44:35,003 [ERROR] LogOutputStream:75 - [STDERR_REDIRECT] [Fatal Error] :1:1: Premature end of file.
2026-05-09 00:44:35,003 [ERROR] LogOutputStream:75 - [STDERR_REDIRECT] 
2026-05-09 00:44:36,007 [ERROR] LogOutputStream:75 - [STDERR_REDIRECT] [Fatal Error] :1:1: Premature end of file.
2026-05-09 00:44:36,007 [ERROR] LogOutputStream:75 - [STDERR_REDIRECT] 
2026-05-09 00:44:36,997 [ERROR] LogOutputStream:75 - [STDERR_REDIRECT] [Fatal Error] :1:1: Premature end of file.
2026-05-09 00:44:36,997 [ERROR] LogOutputStream:75 - [STDERR_REDIRECT] 
2026-05-09 00:44:38,008 [ERROR] LogOutputStream:75 - [STDERR_REDIRECT] [Fatal Error] :1:1: Premature end of file.
2026-05-09 00:44:38,008 [ERROR] LogOutputStream:75 - [STDERR_REDIRECT] 
2026-05-09 00:44:39,005 [ERROR] LogOutputStream:75 - [STDERR_REDIRECT] [Fatal Error] :1:1: Premature end of file.
2026-05-09 00:44:39,005 [ERROR] LogOutputStream:75 - [STDERR_REDIRECT] 
2026-05-09 00:44:39,998 [ERROR] LogOutputStream:75 - [STDERR_REDIRECT] [Fatal Error] :1:1: Premature end of file.
2026-05-09 00:44:39,998 [ERROR] LogOutputStream:75 - [STDERR_REDIRECT] 
2026-05-09 00:44:41,000 [ERROR] LogOutputStream:75 - [STDERR_REDIRECT] [Fatal Error] :1:1: Premature end of file.
2026-05-09 00:44:41,000 [ERROR] LogOutputStream:75 - [STDERR_REDIRECT] 
2026-05-09 00:44:42,002 [ERROR] LogOutputStream:75 - [STDERR_REDIRECT] [Fatal Error] :1:1: Premature end of file.
2026-05-09 00:44:42,002 [ERROR] LogOutputStream:75 - [STDERR_REDIRECT] 
2026-05-09 00:44:42,985 [ERROR] LogOutputStream:75 - [STDERR_REDIRECT] [Fatal Error] :1:1: Premature end of file.
2026-05-09 00:44:42,985 [ERROR] LogOutputStream:75 - [STDERR_REDIRECT] 
2026-05-09 00:44:44,009 [ERROR] LogOutputStream:75 - [STDERR_REDIRECT] [Fatal Error] :1:1: Premature end of file.
2026-05-09 00:44:44,009 [ERROR] LogOutputStream:75 - [STDERR_REDIRECT] 
2026-05-09 00:44:45,011 [ERROR] LogOutputStream:75 - [STDERR_REDIRECT] [Fatal Error] :1:1: Premature end of file.
2026-05-09 00:44:45,011 [ERROR] LogOutputStream:75 - [STDERR_REDIRECT] 
2026-05-09 00:44:46,001 [ERROR] LogOutputStream:75 - [STDERR_REDIRECT] [Fatal Error] :1:1: Premature end of file.
2026-05-09 00:44:46,001 [ERROR] LogOutputStream:75 - [STDERR_REDIRECT] 
2026-05-09 00:44:47,007 [ERROR] LogOutputStream:75 - [STDERR_REDIRECT] [Fatal Error] :1:1: Premature end of file.
2026-05-09 00:44:47,007 [ERROR] LogOutputStream:75 - [STDERR_REDIRECT] 
2026-05-09 00:44:48,002 [ERROR] LogOutputStream:75 - [STDERR_REDIRECT] [Fatal Error] :1:1: Premature end of file.
2026-05-09 00:44:48,002 [ERROR] LogOutputStream:75 - [STDERR_REDIRECT] 
2026-05-09 00:44:49,007 [ERROR] LogOutputStream:75 - [STDERR_REDIRECT] [Fatal Error] :1:1: Premature end of file.
2026-05-09 00:44:49,007 [ERROR] LogOutputStream:75 - [STDERR_REDIRECT] 
2026-05-09 00:44:49,999 [ERROR] LogOutputStream:75 - [STDERR_REDIRECT] [Fatal Error] :1:1: Premature end of file.
2026-05-09 00:44:49,999 [ERROR] LogOutputStream:75 - [STDERR_REDIRECT] 
2026-05-09 00:44:51,007 [ERROR] LogOutputStream:75 - [STDERR_REDIRECT] [Fatal Error] :1:1: Premature end of file.
2026-05-09 00:44:51,007 [ERROR] LogOutputStream:75 - [STDERR_REDIRECT] 
2026-05-09 00:44:52,004 [ERROR] LogOutputStream:75 - [STDERR_REDIRECT] [Fatal Error] :1:1: Premature end of file.
2026-05-09 00:44:52,004 [ERROR] LogOutputStream:75 - [STDERR_REDIRECT] 
2026-05-09 00:44:53,008 [ERROR] LogOutputStream:75 - [STDERR_REDIRECT] [Fatal Error] :1:1: Premature end of file.
2026-05-09 00:44:53,008 [ERROR] LogOutputStream:75 - [STDERR_REDIRECT] 
2026-05-09 00:44:54,001 [ERROR] LogOutputStream:75 - [STDERR_REDIRECT] [Fatal Error] :1:1: Premature end of file.
2026-05-09 00:44:54,001 [ERROR] LogOutputStream:75 - [STDERR_REDIRECT] 
2026-05-09 00:44:54,999 [ERROR] LogOutputStream:75 - [STDERR_REDIRECT] [Fatal Error] :1:1: Premature end of file.
2026-05-09 00:44:54,999 [ERROR] LogOutputStream:75 - [STDERR_REDIRECT] 
2026-05-09 00:44:56,011 [ERROR] LogOutputStream:75 - [STDERR_REDIRECT] [Fatal Error] :1:1: Premature end of file.
2026-05-09 00:44:56,011 [ERROR] LogOutputStream:75 - [STDERR_REDIRECT] 
2026-05-09 00:44:57,002 [ERROR] LogOutputStream:75 - [STDERR_REDIRECT] [Fatal Error] :1:1: Premature end of file.
2026-05-09 00:44:57,002 [ERROR] LogOutputStream:75 - [STDERR_REDIRECT] 
2026-05-09 00:44:58,016 [ERROR] LogOutputStream:75 - [STDERR_REDIRECT] [Fatal Error] :1:1: Premature end of file.
2026-05-09 00:44:58,016 [ERROR] LogOutputStream:75 - [STDERR_REDIRECT] 
2026-05-09 00:44:58,997 [ERROR] LogOutputStream:75 - [STDERR_REDIRECT] [Fatal Error] :1:1: Premature end of file.
2026-05-09 00:44:58,997 [ERROR] LogOutputStream:75 - [STDERR_REDIRECT] 
2026-05-09 00:45:00,006 [ERROR] LogOutputStream:75 - [STDERR_REDIRECT] [Fatal Error] :1:1: Premature end of file.
2026-05-09 00:45:00,006 [ERROR] LogOutputStream:75 - [STDERR_REDIRECT] 
2026-05-09 00:45:01,010 [ERROR] LogOutputStream:75 - [STDERR_REDIRECT] [Fatal Error] :1:1: Premature end of file.
2026-05-09 00:45:01,010 [ERROR] LogOutputStream:75 - [STDERR_REDIRECT] 
2026-05-09 00:45:02,011 [ERROR] LogOutputStream:75 - [STDERR_REDIRECT] [Fatal Error] :1:1: Premature end of file.
2026-05-09 00:45:02,011 [ERROR] LogOutputStream:75 - [STDERR_REDIRECT] 
2026-05-09 00:45:03,014 [ERROR] LogOutputStream:75 - [STDERR_REDIRECT] [Fatal Error] :1:1: Premature end of file.
2026-05-09 00:45:03,014 [ERROR] LogOutputStream:75 - [STDERR_REDIRECT] 
2026-05-09 00:45:04,003 [ERROR] LogOutputStream:75 - [STDERR_REDIRECT] [Fatal Error] :1:1: Premature end of file.
2026-05-09 00:45:04,003 [ERROR] LogOutputStream:75 - [STDERR_REDIRECT] 
2026-05-09 00:45:05,009 [ERROR] LogOutputStream:75 - [STDERR_REDIRECT] [Fatal Error] :1:1: Premature end of file.
2026-05-09 00:45:05,009 [ERROR] LogOutputStream:75 - [STDERR_REDIRECT] 
2026-05-09 00:45:06,006 [ERROR] LogOutputStream:75 - [STDERR_REDIRECT] [Fatal Error] :1:1: Premature end of file.
2026-05-09 00:45:06,006 [ERROR] LogOutputStream:75 - [STDERR_REDIRECT] 
2026-05-09 00:45:07,008 [ERROR] LogOutputStream:75 - [STDERR_REDIRECT] [Fatal Error] :1:1: Premature end of file.
2026-05-09 00:45:07,008 [ERROR] LogOutputStream:75 - [STDERR_REDIRECT] 
2026-05-09 00:45:07,999 [ERROR] LogOutputStream:75 - [STDERR_REDIRECT] [Fatal Error] :1:1: Premature end of file.
2026-05-09 00:45:07,999 [ERROR] LogOutputStream:75 - [STDERR_REDIRECT] 
2026-05-09 00:45:08,989 [ERROR] LogOutputStream:75 - [STDERR_REDIRECT] [Fatal Error] :1:1: Premature end of file.
2026-05-09 00:45:08,989 [ERROR] LogOutputStream:75 - [STDERR_REDIRECT] 
2026-05-09 00:45:10,000 [ERROR] LogOutputStream:75 - [STDERR_REDIRECT] [Fatal Error] :1:1: Premature end of file.
2026-05-09 00:45:10,000 [ERROR] LogOutputStream:75 - [STDERR_REDIRECT] 
2026-05-09 00:45:11,007 [ERROR] LogOutputStream:75 - [STDERR_REDIRECT] [Fatal Error] :1:1: Premature end of file.
2026-05-09 00:45:11,007 [ERROR] LogOutputStream:75 - [STDERR_REDIRECT] 
2026-05-09 00:45:12,001 [ERROR] LogOutputStream:75 - [STDERR_REDIRECT] [Fatal Error] :1:1: Premature end of file.
2026-05-09 00:45:12,001 [ERROR] LogOutputStream:75 - [STDERR_REDIRECT] 
2026-05-09 00:45:13,013 [ERROR] LogOutputStream:75 - [STDERR_REDIRECT] [Fatal Error] :1:1: Premature end of file.
2026-05-09 00:45:13,013 [ERROR] LogOutputStream:75 - [STDERR_REDIRECT] 
2026-05-09 00:45:14,000 [ERROR] LogOutputStream:75 - [STDERR_REDIRECT] [Fatal Error] :1:1: Premature end of file.
2026-05-09 00:45:14,000 [ERROR] LogOutputStream:75 - [STDERR_REDIRECT] 
2026-05-09 00:45:15,010 [ERROR] LogOutputStream:75 - [STDERR_REDIRECT] [Fatal Error] :1:1: Premature end of file.
2026-05-09 00:45:15,010 [ERROR] LogOutputStream:75 - [STDERR_REDIRECT] 
2026-05-09 00:45:16,004 [ERROR] LogOutputStream:75 - [STDERR_REDIRECT] [Fatal Error] :1:1: Premature end of file.
2026-05-09 00:45:16,004 [ERROR] LogOutputStream:75 - [STDERR_REDIRECT] 
2026-05-09 00:45:17,001 [ERROR] LogOutputStream:75 - [STDERR_REDIRECT] [Fatal Error] :1:1: Premature end of file.
2026-05-09 00:45:17,001 [ERROR] LogOutputStream:75 - [STDERR_REDIRECT] 
2026-05-09 00:45:17,999 [ERROR] LogOutputStream:75 - [STDERR_REDIRECT] [Fatal Error] :1:1: Premature end of file.
2026-05-09 00:45:17,999 [ERROR] LogOutputStream:75 - [STDERR_REDIRECT] 
2026-05-09 00:45:19,011 [ERROR] LogOutputStream:75 - [STDERR_REDIRECT] [Fatal Error] :1:1: Premature end of file.
2026-05-09 00:45:19,011 [ERROR] LogOutputStream:75 - [STDERR_REDIRECT] 
2026-05-09 00:45:20,009 [ERROR] LogOutputStream:75 - [STDERR_REDIRECT] [Fatal Error] :1:1: Premature end of file.
2026-05-09 00:45:20,009 [ERROR] LogOutputStream:75 - [STDERR_REDIRECT] 
2026-05-09 00:45:20,983 [ERROR] LogOutputStream:75 - [STDERR_REDIRECT] [Fatal Error] :1:1: Premature end of file.
2026-05-09 00:45:20,983 [ERROR] LogOutputStream:75 - [STDERR_REDIRECT] 
2026-05-09 00:45:22,002 [ERROR] LogOutputStream:75 - [STDERR_REDIRECT] [Fatal Error] :1:1: Premature end of file.
2026-05-09 00:45:22,002 [ERROR] LogOutputStream:75 - [STDERR_REDIRECT] 
2026-05-09 00:45:23,009 [ERROR] LogOutputStream:75 - [STDERR_REDIRECT] [Fatal Error] :1:1: Premature end of file.
2026-05-09 00:45:23,009 [ERROR] LogOutputStream:75 - [STDERR_REDIRECT] 
2026-05-09 00:45:24,007 [ERROR] LogOutputStream:75 - [STDERR_REDIRECT] [Fatal Error] :1:1: Premature end of file.
2026-05-09 00:45:24,007 [ERROR] LogOutputStream:75 - [STDERR_REDIRECT] 
2026-05-09 00:45:25,012 [ERROR] LogOutputStream:75 - [STDERR_REDIRECT] [Fatal Error] :1:1: Premature end of file.
2026-05-09 00:45:25,012 [ERROR] LogOutputStream:75 - [STDERR_REDIRECT] 
2026-05-09 00:45:26,003 [ERROR] LogOutputStream:75 - [STDERR_REDIRECT] [Fatal Error] :1:1: Premature end of file.
2026-05-09 00:45:26,003 [ERROR] LogOutputStream:75 - [STDERR_REDIRECT] 
2026-05-09 00:45:26,991 [ERROR] LogOutputStream:75 - [STDERR_REDIRECT] [Fatal Error] :1:1: Premature end of file.
2026-05-09 00:45:26,991 [ERROR] LogOutputStream:75 - [STDERR_REDIRECT] 
2026-05-09 00:45:27,992 [ERROR] LogOutputStream:75 - [STDERR_REDIRECT] [Fatal Error] :1:1: Premature end of file.
2026-05-09 00:45:27,992 [ERROR] LogOutputStream:75 - [STDERR_REDIRECT] 
2026-05-09 00:45:29,004 [ERROR] LogOutputStream:75 - [STDERR_REDIRECT] [Fatal Error] :1:1: Premature end of file.
2026-05-09 00:45:29,004 [ERROR] LogOutputStream:75 - [STDERR_REDIRECT] 
2026-05-09 00:45:30,007 [ERROR] LogOutputStream:75 - [STDERR_REDIRECT] [Fatal Error] :1:1: Premature end of file.
2026-05-09 00:45:30,007 [ERROR] LogOutputStream:75 - [STDERR_REDIRECT] 
2026-05-09 00:45:30,987 [ERROR] LogOutputStream:75 - [STDERR_REDIRECT] [Fatal Error] :1:1: Premature end of file.
2026-05-09 00:45:30,987 [ERROR] LogOutputStream:75 - [STDERR_REDIRECT] 
2026-05-09 00:45:32,011 [ERROR] LogOutputStream:75 - [STDERR_REDIRECT] [Fatal Error] :1:1: Premature end of file.
2026-05-09 00:45:32,011 [ERROR] LogOutputStream:75 - [STDERR_REDIRECT] 
2026-05-09 00:45:33,000 [ERROR] LogOutputStream:75 - [STDERR_REDIRECT] [Fatal Error] :1:1: Premature end of file.
2026-05-09 00:45:33,000 [ERROR] LogOutputStream:75 - [STDERR_REDIRECT] 
2026-05-09 00:45:34,020 [ERROR] LogOutputStream:75 - [STDERR_REDIRECT] [Fatal Error] :1:1: Premature end of file.
2026-05-09 00:45:34,020 [ERROR] LogOutputStream:75 - [STDERR_REDIRECT] 
2026-05-09 00:45:34,986 [ERROR] LogOutputStream:75 - [STDERR_REDIRECT] [Fatal Error] :1:1: Premature end of file.
2026-05-09 00:45:34,986 [ERROR] LogOutputStream:75 - [STDERR_REDIRECT] 
2026-05-09 00:45:36,023 [ERROR] LogOutputStream:75 - [STDERR_REDIRECT] [Fatal Error] :1:1: Premature end of file.
2026-05-09 00:45:36,023 [ERROR] LogOutputStream:75 - [STDERR_REDIRECT] 
2026-05-09 00:45:36,995 [ERROR] LogOutputStream:75 - [STDERR_REDIRECT] [Fatal Error] :1:1: Premature end of file.
2026-05-09 00:45:36,995 [ERROR] LogOutputStream:75 - [STDERR_REDIRECT] 
2026-05-09 00:45:38,007 [ERROR] LogOutputStream:75 - [STDERR_REDIRECT] [Fatal Error] :1:1: Premature end of file.
2026-05-09 00:45:38,007 [ERROR] LogOutputStream:75 - [STDERR_REDIRECT] 
2026-05-09 00:45:39,000 [ERROR] LogOutputStream:75 - [STDERR_REDIRECT] [Fatal Error] :1:1: Premature end of file.
2026-05-09 00:45:39,000 [ERROR] LogOutputStream:75 - [STDERR_REDIRECT] 
2026-05-09 00:45:39,998 [ERROR] LogOutputStream:75 - [STDERR_REDIRECT] [Fatal Error] :1:1: Premature end of file.
2026-05-09 00:45:39,998 [ERROR] LogOutputStream:75 - [STDERR_REDIRECT] 
2026-05-09 00:45:40,993 [ERROR] LogOutputStream:75 - [STDERR_REDIRECT] [Fatal Error] :1:1: Premature end of file.
2026-05-09 00:45:40,993 [ERROR] LogOutputStream:75 - [STDERR_REDIRECT] 
2026-05-09 00:45:42,004 [ERROR] LogOutputStream:75 - [STDERR_REDIRECT] [Fatal Error] :1:1: Premature end of file.
2026-05-09 00:45:42,004 [ERROR] LogOutputStream:75 - [STDERR_REDIRECT] 
2026-05-09 00:45:42,998 [ERROR] LogOutputStream:75 - [STDERR_REDIRECT] [Fatal Error] :1:1: Premature end of file.
2026-05-09 00:45:42,998 [ERROR] LogOutputStream:75 - [STDERR_REDIRECT] 
2026-05-09 00:45:43,996 [ERROR] LogOutputStream:75 - [STDERR_REDIRECT] [Fatal Error] :1:1: Premature end of file.
2026-05-09 00:45:43,996 [ERROR] LogOutputStream:75 - [STDERR_REDIRECT] 
2026-05-09 00:45:45,009 [ERROR] LogOutputStream:75 - [STDERR_REDIRECT] [Fatal Error] :1:1: Premature end of file.
2026-05-09 00:45:45,009 [ERROR] LogOutputStream:75 - [STDERR_REDIRECT] 
2026-05-09 00:45:46,005 [ERROR] LogOutputStream:75 - [STDERR_REDIRECT] [Fatal Error] :1:1: Premature end of file.
2026-05-09 00:45:46,005 [ERROR] LogOutputStream:75 - [STDERR_REDIRECT] 
2026-05-09 00:45:47,016 [ERROR] LogOutputStream:75 - [STDERR_REDIRECT] [Fatal Error] :1:1: Premature end of file.
2026-05-09 00:45:47,016 [ERROR] LogOutputStream:75 - [STDERR_REDIRECT] 
2026-05-09 00:45:47,994 [ERROR] LogOutputStream:75 - [STDERR_REDIRECT] [Fatal Error] :1:1: Premature end of file.
2026-05-09 00:45:47,994 [ERROR] LogOutputStream:75 - [STDERR_REDIRECT] 
2026-05-09 00:45:49,007 [ERROR] LogOutputStream:75 - [STDERR_REDIRECT] [Fatal Error] :1:1: Premature end of file.
2026-05-09 00:45:49,007 [ERROR] LogOutputStream:75 - [STDERR_REDIRECT] 
2026-05-09 00:45:49,993 [ERROR] LogOutputStream:75 - [STDERR_REDIRECT] [Fatal Error] :1:1: Premature end of file.
2026-05-09 00:45:49,993 [ERROR] LogOutputStream:75 - [STDERR_REDIRECT] 
2026-05-09 00:45:51,007 [ERROR] LogOutputStream:75 - [STDERR_REDIRECT] [Fatal Error] :1:1: Premature end of file.
2026-05-09 00:45:51,007 [ERROR] LogOutputStream:75 - [STDERR_REDIRECT] 
2026-05-09 00:45:52,016 [ERROR] LogOutputStream:75 - [STDERR_REDIRECT] [Fatal Error] :1:1: Premature end of file.
2026-05-09 00:45:52,016 [ERROR] LogOutputStream:75 - [STDERR_REDIRECT] 
2026-05-09 00:45:53,002 [ERROR] LogOutputStream:75 - [STDERR_REDIRECT] [Fatal Error] :1:1: Premature end of file.
2026-05-09 00:45:53,002 [ERROR] LogOutputStream:75 - [STDERR_REDIRECT] 
2026-05-09 00:45:54,009 [ERROR] LogOutputStream:75 - [STDERR_REDIRECT] [Fatal Error] :1:1: Premature end of file.
2026-05-09 00:45:54,009 [ERROR] LogOutputStream:75 - [STDERR_REDIRECT] 
2026-05-09 00:45:55,002 [ERROR] LogOutputStream:75 - [STDERR_REDIRECT] [Fatal Error] :1:1: Premature end of file.
2026-05-09 00:45:55,002 [ERROR] LogOutputStream:75 - [STDERR_REDIRECT] 
2026-05-09 00:45:55,988 [ERROR] LogOutputStream:75 - [STDERR_REDIRECT] [Fatal Error] :1:1: Premature end of file.
2026-05-09 00:45:55,988 [ERROR] LogOutputStream:75 - [STDERR_REDIRECT] 
2026-05-09 00:45:57,000 [ERROR] LogOutputStream:75 - [STDERR_REDIRECT] [Fatal Error] :1:1: Premature end of file.
2026-05-09 00:45:57,000 [ERROR] LogOutputStream:75 - [STDERR_REDIRECT] 
2026-05-09 00:45:58,011 [ERROR] LogOutputStream:75 - [STDERR_REDIRECT] [Fatal Error] :1:1: Premature end of file.
2026-05-09 00:45:58,011 [ERROR] LogOutputStream:75 - [STDERR_REDIRECT] 
2026-05-09 00:45:58,980 [ERROR] LogOutputStream:75 - [STDERR_REDIRECT] [Fatal Error] :1:1: Premature end of file.
2026-05-09 00:45:58,980 [ERROR] LogOutputStream:75 - [STDERR_REDIRECT] 
2026-05-09 00:45:59,992 [ERROR] LogOutputStream:75 - [STDERR_REDIRECT] [Fatal Error] :1:1: Premature end of file.
2026-05-09 00:45:59,992 [ERROR] LogOutputStream:75 - [STDERR_REDIRECT] 
2026-05-09 00:46:01,015 [ERROR] LogOutputStream:75 - [STDERR_REDIRECT] [Fatal Error] :1:1: Premature end of file.
2026-05-09 00:46:01,015 [ERROR] LogOutputStream:75 - [STDERR_REDIRECT] 
2026-05-09 00:46:02,004 [ERROR] LogOutputStream:75 - [STDERR_REDIRECT] [Fatal Error] :1:1: Premature end of file.
2026-05-09 00:46:02,004 [ERROR] LogOutputStream:75 - [STDERR_REDIRECT] 
2026-05-09 00:46:02,980 [ERROR] LogOutputStream:75 - [STDERR_REDIRECT] [Fatal Error] :1:1: Premature end of file.
2026-05-09 00:46:02,997 [ERROR] LogOutputStream:75 - [STDERR_REDIRECT] 
2026-05-09 00:46:04,001 [ERROR] LogOutputStream:75 - [STDERR_REDIRECT] [Fatal Error] :1:1: Premature end of file.
2026-05-09 00:46:04,001 [ERROR] LogOutputStream:75 - [STDERR_REDIRECT] 
2026-05-09 00:46:05,007 [ERROR] LogOutputStream:75 - [STDERR_REDIRECT] [Fatal Error] :1:1: Premature end of file.
2026-05-09 00:46:05,007 [ERROR] LogOutputStream:75 - [STDERR_REDIRECT] 
2026-05-09 00:46:05,996 [ERROR] LogOutputStream:75 - [STDERR_REDIRECT] [Fatal Error] :1:1: Premature end of file.
2026-05-09 00:46:05,996 [ERROR] LogOutputStream:75 - [STDERR_REDIRECT] 
2026-05-09 00:46:07,007 [ERROR] LogOutputStream:75 - [STDERR_REDIRECT] [Fatal Error] :1:1: Premature end of file.
2026-05-09 00:46:07,007 [ERROR] LogOutputStream:75 - [STDERR_REDIRECT] 
2026-05-09 00:46:08,001 [ERROR] LogOutputStream:75 - [STDERR_REDIRECT] [Fatal Error] :1:1: Premature end of file.
2026-05-09 00:46:08,001 [ERROR] LogOutputStream:75 - [STDERR_REDIRECT] 
2026-05-09 00:46:09,011 [ERROR] LogOutputStream:75 - [STDERR_REDIRECT] [Fatal Error] :1:1: Premature end of file.
2026-05-09 00:46:09,011 [ERROR] LogOutputStream:75 - [STDERR_REDIRECT] 
2026-05-09 00:46:10,000 [ERROR] LogOutputStream:75 - [STDERR_REDIRECT] [Fatal Error] :1:1: Premature end of file.
2026-05-09 00:46:10,000 [ERROR] LogOutputStream:75 - [STDERR_REDIRECT] 
2026-05-09 00:46:11,006 [ERROR] LogOutputStream:75 - [STDERR_REDIRECT] [Fatal Error] :1:1: Premature end of file.
2026-05-09 00:46:11,006 [ERROR] LogOutputStream:75 - [STDERR_REDIRECT] 
2026-05-09 00:46:11,999 [ERROR] LogOutputStream:75 - [STDERR_REDIRECT] [Fatal Error] :1:1: Premature end of file.
2026-05-09 00:46:11,999 [ERROR] LogOutputStream:75 - [STDERR_REDIRECT] 
2026-05-09 00:46:13,000 [ERROR] LogOutputStream:75 - [STDERR_REDIRECT] [Fatal Error] :1:1: Premature end of file.
2026-05-09 00:46:13,000 [ERROR] LogOutputStream:75 - [STDERR_REDIRECT] 
2026-05-09 00:46:13,991 [ERROR] LogOutputStream:75 - [STDERR_REDIRECT] [Fatal Error] :1:1: Premature end of file.
2026-05-09 00:46:13,991 [ERROR] LogOutputStream:75 - [STDERR_REDIRECT] 
2026-05-09 00:46:14,983 [ERROR] LogOutputStream:75 - [STDERR_REDIRECT] [Fatal Error] :1:1: Premature end of file.
2026-05-09 00:46:14,983 [ERROR] LogOutputStream:75 - [STDERR_REDIRECT] 
2026-05-09 00:46:15,992 [ERROR] LogOutputStream:75 - [STDERR_REDIRECT] [Fatal Error] :1:1: Premature end of file.
2026-05-09 00:46:15,992 [ERROR] LogOutputStream:75 - [STDERR_REDIRECT] 
2026-05-09 00:46:17,006 [ERROR] LogOutputStream:75 - [STDERR_REDIRECT] [Fatal Error] :1:1: Premature end of file.
2026-05-09 00:46:17,006 [ERROR] LogOutputStream:75 - [STDERR_REDIRECT] 
2026-05-09 00:46:17,993 [ERROR] LogOutputStream:75 - [STDERR_REDIRECT] [Fatal Error] :1:1: Premature end of file.
2026-05-09 00:46:17,993 [ERROR] LogOutputStream:75 - [STDERR_REDIRECT] 
2026-05-09 00:46:18,987 [ERROR] LogOutputStream:75 - [STDERR_REDIRECT] [Fatal Error] :1:1: Premature end of file.
2026-05-09 00:46:18,987 [ERROR] LogOutputStream:75 - [STDERR_REDIRECT] 
2026-05-09 00:46:20,003 [ERROR] LogOutputStream:75 - [STDERR_REDIRECT] [Fatal Error] :1:1: Premature end of file.
2026-05-09 00:46:20,003 [ERROR] LogOutputStream:75 - [STDERR_REDIRECT] 
2026-05-09 00:46:20,991 [ERROR] LogOutputStream:75 - [STDERR_REDIRECT] [Fatal Error] :1:1: Premature end of file.
2026-05-09 00:46:20,994 [ERROR] LogOutputStream:75 - [STDERR_REDIRECT] 
2026-05-09 00:46:22,005 [ERROR] LogOutputStream:75 - [STDERR_REDIRECT] [Fatal Error] :1:1: Premature end of file.
2026-05-09 00:46:22,005 [ERROR] LogOutputStream:75 - [STDERR_REDIRECT] 
2026-05-09 00:46:23,006 [ERROR] LogOutputStream:75 - [STDERR_REDIRECT] [Fatal Error] :1:1: Premature end of file.
2026-05-09 00:46:23,006 [ERROR] LogOutputStream:75 - [STDERR_REDIRECT] 
2026-05-09 00:46:24,006 [ERROR] LogOutputStream:75 - [STDERR_REDIRECT] [Fatal Error] :1:1: Premature end of file.
2026-05-09 00:46:24,006 [ERROR] LogOutputStream:75 - [STDERR_REDIRECT] 
2026-05-09 00:46:25,002 [ERROR] LogOutputStream:75 - [STDERR_REDIRECT] [Fatal Error] :1:1: Premature end of file.
2026-05-09 00:46:25,002 [ERROR] LogOutputStream:75 - [STDERR_REDIRECT] 
2026-05-09 00:46:26,010 [ERROR] LogOutputStream:75 - [STDERR_REDIRECT] [Fatal Error] :1:1: Premature end of file.
2026-05-09 00:46:26,010 [ERROR] LogOutputStream:75 - [STDERR_REDIRECT] 
2026-05-09 00:46:26,999 [ERROR] LogOutputStream:75 - [STDERR_REDIRECT] [Fatal Error] :1:1: Premature end of file.
2026-05-09 00:46:26,999 [ERROR] LogOutputStream:75 - [STDERR_REDIRECT] 
2026-05-09 00:46:28,006 [ERROR] LogOutputStream:75 - [STDERR_REDIRECT] [Fatal Error] :1:1: Premature end of file.
2026-05-09 00:46:28,006 [ERROR] LogOutputStream:75 - [STDERR_REDIRECT] 
2026-05-09 00:46:29,009 [ERROR] LogOutputStream:75 - [STDERR_REDIRECT] [Fatal Error] :1:1: Premature end of file.
2026-05-09 00:46:29,009 [ERROR] LogOutputStream:75 - [STDERR_REDIRECT] 
2026-05-09 00:46:30,002 [ERROR] LogOutputStream:75 - [STDERR_REDIRECT] [Fatal Error] :1:1: Premature end of file.
2026-05-09 00:46:30,002 [ERROR] LogOutputStream:75 - [STDERR_REDIRECT] 
2026-05-09 00:46:31,012 [ERROR] LogOutputStream:75 - [STDERR_REDIRECT] [Fatal Error] :1:1: Premature end of file.
2026-05-09 00:46:31,012 [ERROR] LogOutputStream:75 - [STDERR_REDIRECT] 
2026-05-09 00:46:31,995 [ERROR] LogOutputStream:75 - [STDERR_REDIRECT] [Fatal Error] :1:1: Premature end of file.
2026-05-09 00:46:31,995 [ERROR] LogOutputStream:75 - [STDERR_REDIRECT] 
2026-05-09 00:46:33,009 [ERROR] LogOutputStream:75 - [STDERR_REDIRECT] [Fatal Error] :1:1: Premature end of file.
2026-05-09 00:46:33,009 [ERROR] LogOutputStream:75 - [STDERR_REDIRECT] 
2026-05-09 00:46:33,999 [ERROR] LogOutputStream:75 - [STDERR_REDIRECT] [Fatal Error] :1:1: Premature end of file.
2026-05-09 00:46:34,002 [ERROR] LogOutputStream:75 - [STDERR_REDIRECT] 
2026-05-09 00:46:34,997 [ERROR] LogOutputStream:75 - [STDERR_REDIRECT] [Fatal Error] :1:1: Premature end of file.
2026-05-09 00:46:34,997 [ERROR] LogOutputStream:75 - [STDERR_REDIRECT] 
2026-05-09 00:46:36,004 [ERROR] LogOutputStream:75 - [STDERR_REDIRECT] [Fatal Error] :1:1: Premature end of file.
2026-05-09 00:46:36,004 [ERROR] LogOutputStream:75 - [STDERR_REDIRECT] 
2026-05-09 00:46:37,013 [ERROR] LogOutputStream:75 - [STDERR_REDIRECT] [Fatal Error] :1:1: Premature end of file.
2026-05-09 00:46:37,013 [ERROR] LogOutputStream:75 - [STDERR_REDIRECT] 
2026-05-09 00:46:38,008 [ERROR] LogOutputStream:75 - [STDERR_REDIRECT] [Fatal Error] :1:1: Premature end of file.
2026-05-09 00:46:38,011 [ERROR] LogOutputStream:75 - [STDERR_REDIRECT] 
2026-05-09 00:46:39,006 [ERROR] LogOutputStream:75 - [STDERR_REDIRECT] [Fatal Error] :1:1: Premature end of file.
2026-05-09 00:46:39,006 [ERROR] LogOutputStream:75 - [STDERR_REDIRECT] 
2026-05-09 00:46:39,999 [ERROR] LogOutputStream:75 - [STDERR_REDIRECT] [Fatal Error] :1:1: Premature end of file.
2026-05-09 00:46:40,006 [ERROR] LogOutputStream:75 - [STDERR_REDIRECT] 
2026-05-09 00:46:41,005 [ERROR] LogOutputStream:75 - [STDERR_REDIRECT] [Fatal Error] :1:1: Premature end of file.
2026-05-09 00:46:41,005 [ERROR] LogOutputStream:75 - [STDERR_REDIRECT] 
2026-05-09 00:46:42,009 [ERROR] LogOutputStream:75 - [STDERR_REDIRECT] [Fatal Error] :1:1: Premature end of file.
2026-05-09 00:46:42,009 [ERROR] LogOutputStream:75 - [STDERR_REDIRECT] 
2026-05-09 00:46:43,003 [ERROR] LogOutputStream:75 - [STDERR_REDIRECT] [Fatal Error] :1:1: Premature end of file.
2026-05-09 00:46:43,003 [ERROR] LogOutputStream:75 - [STDERR_REDIRECT] 
2026-05-09 00:46:43,996 [ERROR] LogOutputStream:75 - [STDERR_REDIRECT] [Fatal Error] :1:1: Premature end of file.
2026-05-09 00:46:43,996 [ERROR] LogOutputStream:75 - [STDERR_REDIRECT] 
2026-05-09 00:46:45,003 [ERROR] LogOutputStream:75 - [STDERR_REDIRECT] [Fatal Error] :1:1: Premature end of file.
2026-05-09 00:46:45,003 [ERROR] LogOutputStream:75 - [STDERR_REDIRECT] 
2026-05-09 00:46:46,002 [ERROR] LogOutputStream:75 - [STDERR_REDIRECT] [Fatal Error] :1:1: Premature end of file.
2026-05-09 00:46:46,002 [ERROR] LogOutputStream:75 - [STDERR_REDIRECT] 
2026-05-09 00:46:47,009 [ERROR] LogOutputStream:75 - [STDERR_REDIRECT] [Fatal Error] :1:1: Premature end of file.
2026-05-09 00:46:47,009 [ERROR] LogOutputStream:75 - [STDERR_REDIRECT] 
2026-05-09 00:46:47,998 [ERROR] LogOutputStream:75 - [STDERR_REDIRECT] [Fatal Error] :1:1: Premature end of file.
2026-05-09 00:46:47,998 [ERROR] LogOutputStream:75 - [STDERR_REDIRECT] 
2026-05-09 00:46:49,005 [ERROR] LogOutputStream:75 - [STDERR_REDIRECT] [Fatal Error] :1:1: Premature end of file.
2026-05-09 00:46:49,005 [ERROR] LogOutputStream:75 - [STDERR_REDIRECT] 
2026-05-09 00:46:50,011 [ERROR] LogOutputStream:75 - [STDERR_REDIRECT] [Fatal Error] :1:1: Premature end of file.
2026-05-09 00:46:50,011 [ERROR] LogOutputStream:75 - [STDERR_REDIRECT] 
2026-05-09 00:46:50,991 [ERROR] LogOutputStream:75 - [STDERR_REDIRECT] [Fatal Error] :1:1: Premature end of file.
2026-05-09 00:46:50,991 [ERROR] LogOutputStream:75 - [STDERR_REDIRECT] 
2026-05-09 00:46:51,992 [ERROR] LogOutputStream:75 - [STDERR_REDIRECT] [Fatal Error] :1:1: Premature end of file.
2026-05-09 00:46:51,992 [ERROR] LogOutputStream:75 - [STDERR_REDIRECT] 
2026-05-09 00:46:53,008 [ERROR] LogOutputStream:75 - [STDERR_REDIRECT] [Fatal Error] :1:1: Premature end of file.
2026-05-09 00:46:53,008 [ERROR] LogOutputStream:75 - [STDERR_REDIRECT] 
2026-05-09 00:46:53,985 [ERROR] LogOutputStream:75 - [STDERR_REDIRECT] [Fatal Error] :1:1: Premature end of file.
2026-05-09 00:46:53,985 [ERROR] LogOutputStream:75 - [STDERR_REDIRECT] 
2026-05-09 00:46:55,004 [ERROR] LogOutputStream:75 - [STDERR_REDIRECT] [Fatal Error] :1:1: Premature end of file.
2026-05-09 00:46:55,004 [ERROR] LogOutputStream:75 - [STDERR_REDIRECT] 
2026-05-09 00:46:56,007 [ERROR] LogOutputStream:75 - [STDERR_REDIRECT] [Fatal Error] :1:1: Premature end of file.
2026-05-09 00:46:56,007 [ERROR] LogOutputStream:75 - [STDERR_REDIRECT] 
2026-05-09 00:46:57,008 [ERROR] LogOutputStream:75 - [STDERR_REDIRECT] [Fatal Error] :1:1: Premature end of file.
2026-05-09 00:46:57,008 [ERROR] LogOutputStream:75 - [STDERR_REDIRECT] 
2026-05-09 00:46:58,005 [ERROR] LogOutputStream:75 - [STDERR_REDIRECT] [Fatal Error] :1:1: Premature end of file.
2026-05-09 00:46:58,005 [ERROR] LogOutputStream:75 - [STDERR_REDIRECT] 
2026-05-09 00:46:59,007 [ERROR] LogOutputStream:75 - [STDERR_REDIRECT] [Fatal Error] :1:1: Premature end of file.
2026-05-09 00:46:59,007 [ERROR] LogOutputStream:75 - [STDERR_REDIRECT] 
2026-05-09 00:47:00,010 [ERROR] LogOutputStream:75 - [STDERR_REDIRECT] [Fatal Error] :1:1: Premature end of file.
2026-05-09 00:47:00,010 [ERROR] LogOutputStream:75 - [STDERR_REDIRECT] 
2026-05-09 00:47:01,002 [ERROR] LogOutputStream:75 - [STDERR_REDIRECT] [Fatal Error] :1:1: Premature end of file.
2026-05-09 00:47:01,002 [ERROR] LogOutputStream:75 - [STDERR_REDIRECT] 
2026-05-09 00:47:02,006 [ERROR] LogOutputStream:75 - [STDERR_REDIRECT] [Fatal Error] :1:1: Premature end of file.
2026-05-09 00:47:02,021 [ERROR] LogOutputStream:75 - [STDERR_REDIRECT] 
2026-05-09 00:47:03,004 [ERROR] LogOutputStream:75 - [STDERR_REDIRECT] [Fatal Error] :1:1: Premature end of file.
2026-05-09 00:47:03,004 [ERROR] LogOutputStream:75 - [STDERR_REDIRECT] 
2026-05-09 00:47:03,986 [ERROR] LogOutputStream:75 - [STDERR_REDIRECT] [Fatal Error] :1:1: Premature end of file.
2026-05-09 00:47:03,989 [ERROR] LogOutputStream:75 - [STDERR_REDIRECT] 
2026-05-09 00:47:05,002 [ERROR] LogOutputStream:75 - [STDERR_REDIRECT] [Fatal Error] :1:1: Premature end of file.
2026-05-09 00:47:05,002 [ERROR] LogOutputStream:75 - [STDERR_REDIRECT] 
2026-05-09 00:47:06,005 [ERROR] LogOutputStream:75 - [STDERR_REDIRECT] [Fatal Error] :1:1: Premature end of file.
2026-05-09 00:47:06,005 [ERROR] LogOutputStream:75 - [STDERR_REDIRECT] 
2026-05-09 00:47:06,994 [ERROR] LogOutputStream:75 - [STDERR_REDIRECT] [Fatal Error] :1:1: Premature end of file.
2026-05-09 00:47:06,994 [ERROR] LogOutputStream:75 - [STDERR_REDIRECT] 
2026-05-09 00:47:08,011 [ERROR] LogOutputStream:75 - [STDERR_REDIRECT] [Fatal Error] :1:1: Premature end of file.
2026-05-09 00:47:08,011 [ERROR] LogOutputStream:75 - [STDERR_REDIRECT] 
2026-05-09 00:47:08,993 [ERROR] LogOutputStream:75 - [STDERR_REDIRECT] [Fatal Error] :1:1: Premature end of file.
2026-05-09 00:47:08,993 [ERROR] LogOutputStream:75 - [STDERR_REDIRECT] 
2026-05-09 00:47:09,999 [ERROR] LogOutputStream:75 - [STDERR_REDIRECT] [Fatal Error] :1:1: Premature end of file.
2026-05-09 00:47:09,999 [ERROR] LogOutputStream:75 - [STDERR_REDIRECT] 
2026-05-09 00:47:11,010 [ERROR] LogOutputStream:75 - [STDERR_REDIRECT] [Fatal Error] :1:1: Premature end of file.
2026-05-09 00:47:11,010 [ERROR] LogOutputStream:75 - [STDERR_REDIRECT] 
2026-05-09 00:47:12,006 [ERROR] LogOutputStream:75 - [STDERR_REDIRECT] [Fatal Error] :1:1: Premature end of file.
2026-05-09 00:47:12,006 [ERROR] LogOutputStream:75 - [STDERR_REDIRECT] 
2026-05-09 00:47:13,008 [ERROR] LogOutputStream:75 - [STDERR_REDIRECT] [Fatal Error] :1:1: Premature end of file.
2026-05-09 00:47:13,008 [ERROR] LogOutputStream:75 - [STDERR_REDIRECT] 
2026-05-09 00:47:14,000 [ERROR] LogOutputStream:75 - [STDERR_REDIRECT] [Fatal Error] :1:1: Premature end of file.
2026-05-09 00:47:14,000 [ERROR] LogOutputStream:75 - [STDERR_REDIRECT] 
2026-05-09 00:47:15,009 [ERROR] LogOutputStream:75 - [STDERR_REDIRECT] [Fatal Error] :1:1: Premature end of file.
2026-05-09 00:47:15,009 [ERROR] LogOutputStream:75 - [STDERR_REDIRECT] 
2026-05-09 00:47:16,002 [ERROR] LogOutputStream:75 - [STDERR_REDIRECT] [Fatal Error] :1:1: Premature end of file.
2026-05-09 00:47:16,002 [ERROR] LogOutputStream:75 - [STDERR_REDIRECT] 
2026-05-09 00:47:17,010 [ERROR] LogOutputStream:75 - [STDERR_REDIRECT] [Fatal Error] :1:1: Premature end of file.
2026-05-09 00:47:17,010 [ERROR] LogOutputStream:75 - [STDERR_REDIRECT] 
2026-05-09 00:47:18,001 [ERROR] LogOutputStream:75 - [STDERR_REDIRECT] [Fatal Error] :1:1: Premature end of file.
2026-05-09 00:47:18,001 [ERROR] LogOutputStream:75 - [STDERR_REDIRECT] 
2026-05-09 00:47:19,009 [ERROR] LogOutputStream:75 - [STDERR_REDIRECT] [Fatal Error] :1:1: Premature end of file.
2026-05-09 00:47:19,011 [ERROR] LogOutputStream:75 - [STDERR_REDIRECT] 
2026-05-09 00:47:20,006 [ERROR] LogOutputStream:75 - [STDERR_REDIRECT] [Fatal Error] :1:1: Premature end of file.
2026-05-09 00:47:20,006 [ERROR] LogOutputStream:75 - [STDERR_REDIRECT] 
2026-05-09 00:47:21,010 [ERROR] LogOutputStream:75 - [STDERR_REDIRECT] [Fatal Error] :1:1: Premature end of file.
2026-05-09 00:47:21,010 [ERROR] LogOutputStream:75 - [STDERR_REDIRECT] 
2026-05-09 00:47:22,001 [ERROR] LogOutputStream:75 - [STDERR_REDIRECT] [Fatal Error] :1:1: Premature end of file.
2026-05-09 00:47:22,001 [ERROR] LogOutputStream:75 - [STDERR_REDIRECT] 
2026-05-09 00:47:23,017 [ERROR] LogOutputStream:75 - [STDERR_REDIRECT] [Fatal Error] :1:1: Premature end of file.
2026-05-09 00:47:23,017 [ERROR] LogOutputStream:75 - [STDERR_REDIRECT] 
2026-05-09 00:47:24,007 [ERROR] LogOutputStream:75 - [STDERR_REDIRECT] [Fatal Error] :1:1: Premature end of file.
2026-05-09 00:47:24,008 [ERROR] LogOutputStream:75 - [STDERR_REDIRECT] 
2026-05-09 00:47:24,997 [ERROR] LogOutputStream:75 - [STDERR_REDIRECT] [Fatal Error] :1:1: Premature end of file.
2026-05-09 00:47:24,997 [ERROR] LogOutputStream:75 - [STDERR_REDIRECT] 
2026-05-09 00:47:26,008 [ERROR] LogOutputStream:75 - [STDERR_REDIRECT] [Fatal Error] :1:1: Premature end of file.
2026-05-09 00:47:26,008 [ERROR] LogOutputStream:75 - [STDERR_REDIRECT] 
2026-05-09 00:47:27,000 [ERROR] LogOutputStream:75 - [STDERR_REDIRECT] [Fatal Error] :1:1: Premature end of file.
2026-05-09 00:47:27,000 [ERROR] LogOutputStream:75 - [STDERR_REDIRECT] 
2026-05-09 00:47:28,005 [ERROR] LogOutputStream:75 - [STDERR_REDIRECT] [Fatal Error] :1:1: Premature end of file.
2026-05-09 00:47:28,005 [ERROR] LogOutputStream:75 - [STDERR_REDIRECT] 
2026-05-09 00:47:28,997 [ERROR] LogOutputStream:75 - [STDERR_REDIRECT] [Fatal Error] :1:1: Premature end of file.
2026-05-09 00:47:28,997 [ERROR] LogOutputStream:75 - [STDERR_REDIRECT] 
2026-05-09 00:47:29,999 [ERROR] LogOutputStream:75 - [STDERR_REDIRECT] [Fatal Error] :1:1: Premature end of file.
2026-05-09 00:47:29,999 [ERROR] LogOutputStream:75 - [STDERR_REDIRECT] 
2026-05-09 00:47:31,004 [ERROR] LogOutputStream:75 - [STDERR_REDIRECT] [Fatal Error] :1:1: Premature end of file.
2026-05-09 00:47:31,004 [ERROR] LogOutputStream:75 - [STDERR_REDIRECT] 
2026-05-09 00:47:32,001 [ERROR] LogOutputStream:75 - [STDERR_REDIRECT] [Fatal Error] :1:1: Premature end of file.
2026-05-09 00:47:32,001 [ERROR] LogOutputStream:75 - [STDERR_REDIRECT] 
2026-05-09 00:47:33,009 [ERROR] LogOutputStream:75 - [STDERR_REDIRECT] [Fatal Error] :1:1: Premature end of file.
2026-05-09 00:47:33,009 [ERROR] LogOutputStream:75 - [STDERR_REDIRECT] 
2026-05-09 00:47:34,000 [ERROR] LogOutputStream:75 - [STDERR_REDIRECT] [Fatal Error] :1:1: Premature end of file.
2026-05-09 00:47:34,000 [ERROR] LogOutputStream:75 - [STDERR_REDIRECT] 
2026-05-09 00:47:35,002 [ERROR] LogOutputStream:75 - [STDERR_REDIRECT] [Fatal Error] :1:1: Premature end of file.
2026-05-09 00:47:35,002 [ERROR] LogOutputStream:75 - [STDERR_REDIRECT] 
2026-05-09 00:47:36,001 [ERROR] LogOutputStream:75 - [STDERR_REDIRECT] [Fatal Error] :1:1: Premature end of file.
2026-05-09 00:47:36,006 [ERROR] LogOutputStream:75 - [STDERR_REDIRECT] 
2026-05-09 00:47:37,011 [ERROR] LogOutputStream:75 - [STDERR_REDIRECT] [Fatal Error] :1:1: Premature end of file.
2026-05-09 00:47:37,011 [ERROR] LogOutputStream:75 - [STDERR_REDIRECT] 
2026-05-09 00:47:38,004 [ERROR] LogOutputStream:75 - [STDERR_REDIRECT] [Fatal Error] :1:1: Premature end of file.
2026-05-09 00:47:38,004 [ERROR] LogOutputStream:75 - [STDERR_REDIRECT] 
2026-05-09 00:47:39,005 [ERROR] LogOutputStream:75 - [STDERR_REDIRECT] [Fatal Error] :1:1: Premature end of file.
2026-05-09 00:47:39,005 [ERROR] LogOutputStream:75 - [STDERR_REDIRECT] 
2026-05-09 00:47:39,992 [ERROR] LogOutputStream:75 - [STDERR_REDIRECT] [Fatal Error] :1:1: Premature end of file.
2026-05-09 00:47:39,992 [ERROR] LogOutputStream:75 - [STDERR_REDIRECT] 
2026-05-09 00:47:41,009 [ERROR] LogOutputStream:75 - [STDERR_REDIRECT] [Fatal Error] :1:1: Premature end of file.
2026-05-09 00:47:41,009 [ERROR] LogOutputStream:75 - [STDERR_REDIRECT] 
2026-05-09 00:47:42,009 [ERROR] LogOutputStream:75 - [STDERR_REDIRECT] [Fatal Error] :1:1: Premature end of file.
2026-05-09 00:47:42,009 [ERROR] LogOutputStream:75 - [STDERR_REDIRECT] 
2026-05-09 00:47:43,011 [ERROR] LogOutputStream:75 - [STDERR_REDIRECT] [Fatal Error] :1:1: Premature end of file.
2026-05-09 00:47:43,011 [ERROR] LogOutputStream:75 - [STDERR_REDIRECT] 
2026-05-09 00:47:44,008 [ERROR] LogOutputStream:75 - [STDERR_REDIRECT] [Fatal Error] :1:1: Premature end of file.
2026-05-09 00:47:44,008 [ERROR] LogOutputStream:75 - [STDERR_REDIRECT] 
2026-05-09 00:47:45,003 [ERROR] LogOutputStream:75 - [STDERR_REDIRECT] [Fatal Error] :1:1: Premature end of file.
2026-05-09 00:47:45,003 [ERROR] LogOutputStream:75 - [STDERR_REDIRECT] 
2026-05-09 00:47:46,008 [ERROR] LogOutputStream:75 - [STDERR_REDIRECT] [Fatal Error] :1:1: Premature end of file.
2026-05-09 00:47:46,008 [ERROR] LogOutputStream:75 - [STDERR_REDIRECT] 
2026-05-09 00:47:47,010 [ERROR] LogOutputStream:75 - [STDERR_REDIRECT] [Fatal Error] :1:1: Premature end of file.
2026-05-09 00:47:47,010 [ERROR] LogOutputStream:75 - [STDERR_REDIRECT] 
2026-05-09 00:47:48,005 [ERROR] LogOutputStream:75 - [STDERR_REDIRECT] [Fatal Error] :1:1: Premature end of file.
2026-05-09 00:47:48,005 [ERROR] LogOutputStream:75 - [STDERR_REDIRECT] 
2026-05-09 00:47:48,999 [ERROR] LogOutputStream:75 - [STDERR_REDIRECT] [Fatal Error] :1:1: Premature end of file.
2026-05-09 00:47:48,999 [ERROR] LogOutputStream:75 - [STDERR_REDIRECT] 
2026-05-09 00:47:50,013 [ERROR] LogOutputStream:75 - [STDERR_REDIRECT] [Fatal Error] :1:1: Premature end of file.
2026-05-09 00:47:50,013 [ERROR] LogOutputStream:75 - [STDERR_REDIRECT] 
2026-05-09 00:47:50,990 [ERROR] LogOutputStream:75 - [STDERR_REDIRECT] [Fatal Error] :1:1: Premature end of file.
2026-05-09 00:47:50,990 [ERROR] LogOutputStream:75 - [STDERR_REDIRECT] 
2026-05-09 00:47:51,998 [ERROR] LogOutputStream:75 - [STDERR_REDIRECT] [Fatal Error] :1:1: Premature end of file.
2026-05-09 00:47:51,998 [ERROR] LogOutputStream:75 - [STDERR_REDIRECT] 
2026-05-09 00:47:53,002 [ERROR] LogOutputStream:75 - [STDERR_REDIRECT] [Fatal Error] :1:1: Premature end of file.
2026-05-09 00:47:53,002 [ERROR] LogOutputStream:75 - [STDERR_REDIRECT] 
2026-05-09 00:47:54,005 [ERROR] LogOutputStream:75 - [STDERR_REDIRECT] [Fatal Error] :1:1: Premature end of file.
2026-05-09 00:47:54,005 [ERROR] LogOutputStream:75 - [STDERR_REDIRECT] 
2026-05-09 00:47:55,007 [ERROR] LogOutputStream:75 - [STDERR_REDIRECT] [Fatal Error] :1:1: Premature end of file.
2026-05-09 00:47:55,007 [ERROR] LogOutputStream:75 - [STDERR_REDIRECT] 
2026-05-09 00:47:56,016 [ERROR] LogOutputStream:75 - [STDERR_REDIRECT] [Fatal Error] :1:1: Premature end of file.
2026-05-09 00:47:56,016 [ERROR] LogOutputStream:75 - [STDERR_REDIRECT] 
2026-05-09 00:47:57,004 [ERROR] LogOutputStream:75 - [STDERR_REDIRECT] [Fatal Error] :1:1: Premature end of file.
2026-05-09 00:47:57,004 [ERROR] LogOutputStream:75 - [STDERR_REDIRECT] 
2026-05-09 00:47:58,003 [ERROR] LogOutputStream:75 - [STDERR_REDIRECT] [Fatal Error] :1:1: Premature end of file.
2026-05-09 00:47:58,003 [ERROR] LogOutputStream:75 - [STDERR_REDIRECT] 
2026-05-09 00:47:59,010 [ERROR] LogOutputStream:75 - [STDERR_REDIRECT] [Fatal Error] :1:1: Premature end of file.
2026-05-09 00:47:59,010 [ERROR] LogOutputStream:75 - [STDERR_REDIRECT] 
2026-05-09 00:48:00,002 [ERROR] LogOutputStream:75 - [STDERR_REDIRECT] [Fatal Error] :1:1: Premature end of file.
2026-05-09 00:48:00,002 [ERROR] LogOutputStream:75 - [STDERR_REDIRECT] 
2026-05-09 00:48:01,005 [ERROR] LogOutputStream:75 - [STDERR_REDIRECT] [Fatal Error] :1:1: Premature end of file.
2026-05-09 00:48:01,005 [ERROR] LogOutputStream:75 - [STDERR_REDIRECT] 
2026-05-09 00:48:01,999 [ERROR] LogOutputStream:75 - [STDERR_REDIRECT] [Fatal Error] :1:1: Premature end of file.
2026-05-09 00:48:01,999 [ERROR] LogOutputStream:75 - [STDERR_REDIRECT] 
2026-05-09 00:48:03,002 [ERROR] LogOutputStream:75 - [STDERR_REDIRECT] [Fatal Error] :1:1: Premature end of file.
2026-05-09 00:48:03,002 [ERROR] LogOutputStream:75 - [STDERR_REDIRECT] 
2026-05-09 00:48:04,001 [ERROR] LogOutputStream:75 - [STDERR_REDIRECT] [Fatal Error] :1:1: Premature end of file.
2026-05-09 00:48:04,001 [ERROR] LogOutputStream:75 - [STDERR_REDIRECT] 
2026-05-09 00:48:05,007 [ERROR] LogOutputStream:75 - [STDERR_REDIRECT] [Fatal Error] :1:1: Premature end of file.
2026-05-09 00:48:05,007 [ERROR] LogOutputStream:75 - [STDERR_REDIRECT] 
2026-05-09 00:48:05,998 [ERROR] LogOutputStream:75 - [STDERR_REDIRECT] [Fatal Error] :1:1: Premature end of file.
2026-05-09 00:48:05,998 [ERROR] LogOutputStream:75 - [STDERR_REDIRECT] 
2026-05-09 00:48:07,008 [ERROR] LogOutputStream:75 - [STDERR_REDIRECT] [Fatal Error] :1:1: Premature end of file.
2026-05-09 00:48:07,008 [ERROR] LogOutputStream:75 - [STDERR_REDIRECT] 
2026-05-09 00:48:08,001 [ERROR] LogOutputStream:75 - [STDERR_REDIRECT] [Fatal Error] :1:1: Premature end of file.
2026-05-09 00:48:08,001 [ERROR] LogOutputStream:75 - [STDERR_REDIRECT] 
2026-05-09 00:48:08,986 [ERROR] LogOutputStream:75 - [STDERR_REDIRECT] [Fatal Error] :1:1: Premature end of file.
2026-05-09 00:48:08,986 [ERROR] LogOutputStream:75 - [STDERR_REDIRECT] 
2026-05-09 00:48:10,003 [ERROR] LogOutputStream:75 - [STDERR_REDIRECT] [Fatal Error] :1:1: Premature end of file.
2026-05-09 00:48:10,003 [ERROR] LogOutputStream:75 - [STDERR_REDIRECT] 
2026-05-09 00:48:11,009 [ERROR] LogOutputStream:75 - [STDERR_REDIRECT] [Fatal Error] :1:1: Premature end of file.
2026-05-09 00:48:11,009 [ERROR] LogOutputStream:75 - [STDERR_REDIRECT] 
2026-05-09 00:48:11,997 [ERROR] LogOutputStream:75 - [STDERR_REDIRECT] [Fatal Error] :1:1: Premature end of file.
2026-05-09 00:48:11,997 [ERROR] LogOutputStream:75 - [STDERR_REDIRECT] 
2026-05-09 00:48:13,007 [ERROR] LogOutputStream:75 - [STDERR_REDIRECT] [Fatal Error] :1:1: Premature end of file.
2026-05-09 00:48:13,007 [ERROR] LogOutputStream:75 - [STDERR_REDIRECT] 
2026-05-09 00:48:14,006 [ERROR] LogOutputStream:75 - [STDERR_REDIRECT] [Fatal Error] :1:1: Premature end of file.
2026-05-09 00:48:14,006 [ERROR] LogOutputStream:75 - [STDERR_REDIRECT] 
2026-05-09 00:48:15,001 [ERROR] LogOutputStream:75 - [STDERR_REDIRECT] [Fatal Error] :1:1: Premature end of file.
2026-05-09 00:48:15,001 [ERROR] LogOutputStream:75 - [STDERR_REDIRECT] 
2026-05-09 00:48:16,011 [ERROR] LogOutputStream:75 - [STDERR_REDIRECT] [Fatal Error] :1:1: Premature end of file.
2026-05-09 00:48:16,011 [ERROR] LogOutputStream:75 - [STDERR_REDIRECT] 
2026-05-09 00:48:17,000 [ERROR] LogOutputStream:75 - [STDERR_REDIRECT] [Fatal Error] :1:1: Premature end of file.
2026-05-09 00:48:17,000 [ERROR] LogOutputStream:75 - [STDERR_REDIRECT] 
2026-05-09 00:48:18,013 [ERROR] LogOutputStream:75 - [STDERR_REDIRECT] [Fatal Error] :1:1: Premature end of file.
2026-05-09 00:48:18,015 [ERROR] LogOutputStream:75 - [STDERR_REDIRECT] 
2026-05-09 00:48:19,009 [ERROR] LogOutputStream:75 - [STDERR_REDIRECT] [Fatal Error] :1:1: Premature end of file.
2026-05-09 00:48:19,009 [ERROR] LogOutputStream:75 - [STDERR_REDIRECT] 
2026-05-09 00:48:20,001 [ERROR] LogOutputStream:75 - [STDERR_REDIRECT] [Fatal Error] :1:1: Premature end of file.
2026-05-09 00:48:20,001 [ERROR] LogOutputStream:75 - [STDERR_REDIRECT] 
2026-05-09 00:48:21,009 [ERROR] LogOutputStream:75 - [STDERR_REDIRECT] [Fatal Error] :1:1: Premature end of file.
2026-05-09 00:48:21,009 [ERROR] LogOutputStream:75 - [STDERR_REDIRECT] 
2026-05-09 00:48:22,001 [ERROR] LogOutputStream:75 - [STDERR_REDIRECT] [Fatal Error] :1:1: Premature end of file.
2026-05-09 00:48:22,001 [ERROR] LogOutputStream:75 - [STDERR_REDIRECT] 
2026-05-09 00:48:23,005 [ERROR] LogOutputStream:75 - [STDERR_REDIRECT] [Fatal Error] :1:1: Premature end of file.
2026-05-09 00:48:23,005 [ERROR] LogOutputStream:75 - [STDERR_REDIRECT] 
2026-05-09 00:48:23,997 [ERROR] LogOutputStream:75 - [STDERR_REDIRECT] [Fatal Error] :1:1: Premature end of file.
2026-05-09 00:48:23,997 [ERROR] LogOutputStream:75 - [STDERR_REDIRECT] 
2026-05-09 00:48:25,008 [ERROR] LogOutputStream:75 - [STDERR_REDIRECT] [Fatal Error] :1:1: Premature end of file.
2026-05-09 00:48:25,008 [ERROR] LogOutputStream:75 - [STDERR_REDIRECT] 
2026-05-09 00:48:25,998 [ERROR] LogOutputStream:75 - [STDERR_REDIRECT] [Fatal Error] :1:1: Premature end of file.
2026-05-09 00:48:25,998 [ERROR] LogOutputStream:75 - [STDERR_REDIRECT] 
2026-05-09 00:48:27,017 [ERROR] LogOutputStream:75 - [STDERR_REDIRECT] [Fatal Error] :1:1: Premature end of file.
2026-05-09 00:48:27,017 [ERROR] LogOutputStream:75 - [STDERR_REDIRECT] 
2026-05-09 00:48:28,007 [ERROR] LogOutputStream:75 - [STDERR_REDIRECT] [Fatal Error] :1:1: Premature end of file.
2026-05-09 00:48:28,007 [ERROR] LogOutputStream:75 - [STDERR_REDIRECT] 
2026-05-09 00:48:29,005 [ERROR] LogOutputStream:75 - [STDERR_REDIRECT] [Fatal Error] :1:1: Premature end of file.
2026-05-09 00:48:29,005 [ERROR] LogOutputStream:75 - [STDERR_REDIRECT] 
2026-05-09 00:48:29,998 [ERROR] LogOutputStream:75 - [STDERR_REDIRECT] [Fatal Error] :1:1: Premature end of file.
2026-05-09 00:48:29,998 [ERROR] LogOutputStream:75 - [STDERR_REDIRECT] 
2026-05-09 00:48:31,006 [ERROR] LogOutputStream:75 - [STDERR_REDIRECT] [Fatal Error] :1:1: Premature end of file.
2026-05-09 00:48:31,006 [ERROR] LogOutputStream:75 - [STDERR_REDIRECT] 
2026-05-09 00:48:32,007 [ERROR] LogOutputStream:75 - [STDERR_REDIRECT] [Fatal Error] :1:1: Premature end of file.
2026-05-09 00:48:32,007 [ERROR] LogOutputStream:75 - [STDERR_REDIRECT] 
2026-05-09 00:48:33,002 [ERROR] LogOutputStream:75 - [STDERR_REDIRECT] [Fatal Error] :1:1: Premature end of file.
2026-05-09 00:48:33,002 [ERROR] LogOutputStream:75 - [STDERR_REDIRECT] 
2026-05-09 00:48:33,990 [ERROR] LogOutputStream:75 - [STDERR_REDIRECT] [Fatal Error] :1:1: Premature end of file.
2026-05-09 00:48:33,990 [ERROR] LogOutputStream:75 - [STDERR_REDIRECT] 
2026-05-09 00:48:35,010 [ERROR] LogOutputStream:75 - [STDERR_REDIRECT] [Fatal Error] :1:1: Premature end of file.
2026-05-09 00:48:35,010 [ERROR] LogOutputStream:75 - [STDERR_REDIRECT] 
2026-05-09 00:48:36,002 [ERROR] LogOutputStream:75 - [STDERR_REDIRECT] [Fatal Error] :1:1: Premature end of file.
2026-05-09 00:48:36,002 [ERROR] LogOutputStream:75 - [STDERR_REDIRECT] 
2026-05-09 00:48:37,008 [ERROR] LogOutputStream:75 - [STDERR_REDIRECT] [Fatal Error] :1:1: Premature end of file.
2026-05-09 00:48:37,008 [ERROR] LogOutputStream:75 - [STDERR_REDIRECT] 
2026-05-09 00:48:37,996 [ERROR] LogOutputStream:75 - [STDERR_REDIRECT] [Fatal Error] :1:1: Premature end of file.
2026-05-09 00:48:37,996 [ERROR] LogOutputStream:75 - [STDERR_REDIRECT] 
2026-05-09 00:48:39,013 [ERROR] LogOutputStream:75 - [STDERR_REDIRECT] [Fatal Error] :1:1: Premature end of file.
2026-05-09 00:48:39,013 [ERROR] LogOutputStream:75 - [STDERR_REDIRECT] 
2026-05-09 00:48:40,008 [ERROR] LogOutputStream:75 - [STDERR_REDIRECT] [Fatal Error] :1:1: Premature end of file.
2026-05-09 00:48:40,008 [ERROR] LogOutputStream:75 - [STDERR_REDIRECT] 
2026-05-09 00:48:40,999 [ERROR] LogOutputStream:75 - [STDERR_REDIRECT] [Fatal Error] :1:1: Premature end of file.
2026-05-09 00:48:40,999 [ERROR] LogOutputStream:75 - [STDERR_REDIRECT] 
2026-05-09 00:48:42,009 [ERROR] LogOutputStream:75 - [STDERR_REDIRECT] [Fatal Error] :1:1: Premature end of file.
2026-05-09 00:48:42,009 [ERROR] LogOutputStream:75 - [STDERR_REDIRECT] 
2026-05-09 00:48:42,987 [ERROR] LogOutputStream:75 - [STDERR_REDIRECT] [Fatal Error] :1:1: Premature end of file.
2026-05-09 00:48:42,987 [ERROR] LogOutputStream:75 - [STDERR_REDIRECT] 
2026-05-09 00:48:44,005 [ERROR] LogOutputStream:75 - [STDERR_REDIRECT] [Fatal Error] :1:1: Premature end of file.
2026-05-09 00:48:44,005 [ERROR] LogOutputStream:75 - [STDERR_REDIRECT] 
2026-05-09 00:48:45,007 [ERROR] LogOutputStream:75 - [STDERR_REDIRECT] [Fatal Error] :1:1: Premature end of file.
2026-05-09 00:48:45,007 [ERROR] LogOutputStream:75 - [STDERR_REDIRECT] 
2026-05-09 00:48:46,007 [ERROR] LogOutputStream:75 - [STDERR_REDIRECT] [Fatal Error] :1:1: Premature end of file.
2026-05-09 00:48:46,007 [ERROR] LogOutputStream:75 - [STDERR_REDIRECT] 
2026-05-09 00:48:47,011 [ERROR] LogOutputStream:75 - [STDERR_REDIRECT] [Fatal Error] :1:1: Premature end of file.
2026-05-09 00:48:47,011 [ERROR] LogOutputStream:75 - [STDERR_REDIRECT] 
2026-05-09 00:48:48,004 [ERROR] LogOutputStream:75 - [STDERR_REDIRECT] [Fatal Error] :1:1: Premature end of file.
2026-05-09 00:48:48,004 [ERROR] LogOutputStream:75 - [STDERR_REDIRECT] 
2026-05-09 00:48:48,998 [ERROR] LogOutputStream:75 - [STDERR_REDIRECT] [Fatal Error] :1:1: Premature end of file.
2026-05-09 00:48:48,998 [ERROR] LogOutputStream:75 - [STDERR_REDIRECT] 
2026-05-09 00:48:50,001 [ERROR] LogOutputStream:75 - [STDERR_REDIRECT] [Fatal Error] :1:1: Premature end of file.
2026-05-09 00:48:50,001 [ERROR] LogOutputStream:75 - [STDERR_REDIRECT] 
2026-05-09 00:48:51,000 [ERROR] LogOutputStream:75 - [STDERR_REDIRECT] [Fatal Error] :1:1: Premature end of file.
2026-05-09 00:48:51,000 [ERROR] LogOutputStream:75 - [STDERR_REDIRECT] 
2026-05-09 00:48:52,010 [ERROR] LogOutputStream:75 - [STDERR_REDIRECT] [Fatal Error] :1:1: Premature end of file.
2026-05-09 00:48:52,010 [ERROR] LogOutputStream:75 - [STDERR_REDIRECT] 
2026-05-09 00:48:53,004 [ERROR] LogOutputStream:75 - [STDERR_REDIRECT] [Fatal Error] :1:1: Premature end of file.
2026-05-09 00:48:53,004 [ERROR] LogOutputStream:75 - [STDERR_REDIRECT] 
2026-05-09 00:48:54,015 [ERROR] LogOutputStream:75 - [STDERR_REDIRECT] [Fatal Error] :1:1: Premature end of file.
2026-05-09 00:48:54,015 [ERROR] LogOutputStream:75 - [STDERR_REDIRECT] 
2026-05-09 00:48:55,000 [ERROR] LogOutputStream:75 - [STDERR_REDIRECT] [Fatal Error] :1:1: Premature end of file.
2026-05-09 00:48:55,000 [ERROR] LogOutputStream:75 - [STDERR_REDIRECT] 
2026-05-09 00:48:56,007 [ERROR] LogOutputStream:75 - [STDERR_REDIRECT] [Fatal Error] :1:1: Premature end of file.
2026-05-09 00:48:56,007 [ERROR] LogOutputStream:75 - [STDERR_REDIRECT] 
2026-05-09 00:48:57,005 [ERROR] LogOutputStream:75 - [STDERR_REDIRECT] [Fatal Error] :1:1: Premature end of file.
2026-05-09 00:48:57,005 [ERROR] LogOutputStream:75 - [STDERR_REDIRECT] 
2026-05-09 00:48:58,001 [ERROR] LogOutputStream:75 - [STDERR_REDIRECT] [Fatal Error] :1:1: Premature end of file.
2026-05-09 00:48:58,006 [ERROR] LogOutputStream:75 - [STDERR_REDIRECT] 
2026-05-09 00:48:59,011 [ERROR] LogOutputStream:75 - [STDERR_REDIRECT] [Fatal Error] :1:1: Premature end of file.
2026-05-09 00:48:59,011 [ERROR] LogOutputStream:75 - [STDERR_REDIRECT] 
2026-05-09 00:49:00,002 [ERROR] LogOutputStream:75 - [STDERR_REDIRECT] [Fatal Error] :1:1: Premature end of file.
2026-05-09 00:49:00,002 [ERROR] LogOutputStream:75 - [STDERR_REDIRECT] 
2026-05-09 00:49:01,006 [ERROR] LogOutputStream:75 - [STDERR_REDIRECT] [Fatal Error] :1:1: Premature end of file.
2026-05-09 00:49:01,006 [ERROR] LogOutputStream:75 - [STDERR_REDIRECT] 
2026-05-09 00:49:02,001 [ERROR] LogOutputStream:75 - [STDERR_REDIRECT] [Fatal Error] :1:1: Premature end of file.
2026-05-09 00:49:02,001 [ERROR] LogOutputStream:75 - [STDERR_REDIRECT] 
2026-05-09 00:49:03,009 [ERROR] LogOutputStream:75 - [STDERR_REDIRECT] [Fatal Error] :1:1: Premature end of file.
2026-05-09 00:49:03,009 [ERROR] LogOutputStream:75 - [STDERR_REDIRECT] 
2026-05-09 00:49:04,003 [ERROR] LogOutputStream:75 - [STDERR_REDIRECT] [Fatal Error] :1:1: Premature end of file.
2026-05-09 00:49:04,003 [ERROR] LogOutputStream:75 - [STDERR_REDIRECT] 
2026-05-09 00:49:04,997 [ERROR] LogOutputStream:75 - [STDERR_REDIRECT] [Fatal Error] :1:1: Premature end of file.
2026-05-09 00:49:04,997 [ERROR] LogOutputStream:75 - [STDERR_REDIRECT] 
2026-05-09 00:49:06,007 [ERROR] LogOutputStream:75 - [STDERR_REDIRECT] [Fatal Error] :1:1: Premature end of file.
2026-05-09 00:49:06,007 [ERROR] LogOutputStream:75 - [STDERR_REDIRECT] 
2026-05-09 00:49:07,000 [ERROR] LogOutputStream:75 - [STDERR_REDIRECT] [Fatal Error] :1:1: Premature end of file.
2026-05-09 00:49:07,000 [ERROR] LogOutputStream:75 - [STDERR_REDIRECT] 
2026-05-09 00:49:08,010 [ERROR] LogOutputStream:75 - [STDERR_REDIRECT] [Fatal Error] :1:1: Premature end of file.
2026-05-09 00:49:08,010 [ERROR] LogOutputStream:75 - [STDERR_REDIRECT] 
2026-05-09 00:49:09,004 [ERROR] LogOutputStream:75 - [STDERR_REDIRECT] [Fatal Error] :1:1: Premature end of file.
2026-05-09 00:49:09,004 [ERROR] LogOutputStream:75 - [STDERR_REDIRECT] 
2026-05-09 00:49:10,012 [ERROR] LogOutputStream:75 - [STDERR_REDIRECT] [Fatal Error] :1:1: Premature end of file.
2026-05-09 00:49:10,012 [ERROR] LogOutputStream:75 - [STDERR_REDIRECT] 
2026-05-09 00:49:11,004 [ERROR] LogOutputStream:75 - [STDERR_REDIRECT] [Fatal Error] :1:1: Premature end of file.
2026-05-09 00:49:11,004 [ERROR] LogOutputStream:75 - [STDERR_REDIRECT] 
2026-05-09 00:49:12,008 [ERROR] LogOutputStream:75 - [STDERR_REDIRECT] [Fatal Error] :1:1: Premature end of file.
2026-05-09 00:49:12,008 [ERROR] LogOutputStream:75 - [STDERR_REDIRECT] 
2026-05-09 00:49:13,005 [ERROR] LogOutputStream:75 - [STDERR_REDIRECT] [Fatal Error] :1:1: Premature end of file.
2026-05-09 00:49:13,005 [ERROR] LogOutputStream:75 - [STDERR_REDIRECT] 
2026-05-09 00:49:14,016 [ERROR] LogOutputStream:75 - [STDERR_REDIRECT] [Fatal Error] :1:1: Premature end of file.
2026-05-09 00:49:14,016 [ERROR] LogOutputStream:75 - [STDERR_REDIRECT] 
2026-05-09 00:49:15,005 [ERROR] LogOutputStream:75 - [STDERR_REDIRECT] [Fatal Error] :1:1: Premature end of file.
2026-05-09 00:49:15,005 [ERROR] LogOutputStream:75 - [STDERR_REDIRECT] 
2026-05-09 00:49:15,998 [ERROR] LogOutputStream:75 - [STDERR_REDIRECT] [Fatal Error] :1:1: Premature end of file.
2026-05-09 00:49:15,998 [ERROR] LogOutputStream:75 - [STDERR_REDIRECT] 
2026-05-09 00:49:17,005 [ERROR] LogOutputStream:75 - [STDERR_REDIRECT] [Fatal Error] :1:1: Premature end of file.
2026-05-09 00:49:17,005 [ERROR] LogOutputStream:75 - [STDERR_REDIRECT] 
2026-05-09 00:49:18,004 [ERROR] LogOutputStream:75 - [STDERR_REDIRECT] [Fatal Error] :1:1: Premature end of file.
2026-05-09 00:49:18,004 [ERROR] LogOutputStream:75 - [STDERR_REDIRECT] 
2026-05-09 00:49:19,000 [ERROR] LogOutputStream:75 - [STDERR_REDIRECT] [Fatal Error] :1:1: Premature end of file.
2026-05-09 00:49:19,000 [ERROR] LogOutputStream:75 - [STDERR_REDIRECT] 
2026-05-09 00:49:20,007 [ERROR] LogOutputStream:75 - [STDERR_REDIRECT] [Fatal Error] :1:1: Premature end of file.
2026-05-09 00:49:20,007 [ERROR] LogOutputStream:75 - [STDERR_REDIRECT] 
2026-05-09 00:49:20,984 [ERROR] LogOutputStream:75 - [STDERR_REDIRECT] [Fatal Error] :1:1: Premature end of file.
2026-05-09 00:49:20,984 [ERROR] LogOutputStream:75 - [STDERR_REDIRECT] 
2026-05-09 00:49:22,004 [ERROR] LogOutputStream:75 - [STDERR_REDIRECT] [Fatal Error] :1:1: Premature end of file.
2026-05-09 00:49:22,004 [ERROR] LogOutputStream:75 - [STDERR_REDIRECT] 
2026-05-09 00:49:23,004 [ERROR] LogOutputStream:75 - [STDERR_REDIRECT] [Fatal Error] :1:1: Premature end of file.
2026-05-09 00:49:23,004 [ERROR] LogOutputStream:75 - [STDERR_REDIRECT] 
2026-05-09 00:49:24,001 [ERROR] LogOutputStream:75 - [STDERR_REDIRECT] [Fatal Error] :1:1: Premature end of file.
2026-05-09 00:49:24,001 [ERROR] LogOutputStream:75 - [STDERR_REDIRECT] 
2026-05-09 00:49:25,012 [ERROR] LogOutputStream:75 - [STDERR_REDIRECT] [Fatal Error] :1:1: Premature end of file.
2026-05-09 00:49:25,015 [ERROR] LogOutputStream:75 - [STDERR_REDIRECT] 
2026-05-09 00:49:25,984 [ERROR] LogOutputStream:75 - [STDERR_REDIRECT] [Fatal Error] :1:1: Premature end of file.
2026-05-09 00:49:25,984 [ERROR] LogOutputStream:75 - [STDERR_REDIRECT] 
2026-05-09 00:49:26,989 [ERROR] LogOutputStream:75 - [STDERR_REDIRECT] [Fatal Error] :1:1: Premature end of file.
2026-05-09 00:49:26,989 [ERROR] LogOutputStream:75 - [STDERR_REDIRECT] 
2026-05-09 00:49:27,999 [ERROR] LogOutputStream:75 - [STDERR_REDIRECT] [Fatal Error] :1:1: Premature end of file.
2026-05-09 00:49:27,999 [ERROR] LogOutputStream:75 - [STDERR_REDIRECT] 
2026-05-09 00:49:28,986 [ERROR] LogOutputStream:75 - [STDERR_REDIRECT] [Fatal Error] :1:1: Premature end of file.
2026-05-09 00:49:28,986 [ERROR] LogOutputStream:75 - [STDERR_REDIRECT] 
2026-05-09 00:49:30,009 [ERROR] LogOutputStream:75 - [STDERR_REDIRECT] [Fatal Error] :1:1: Premature end of file.
2026-05-09 00:49:30,009 [ERROR] LogOutputStream:75 - [STDERR_REDIRECT] 
2026-05-09 00:49:30,989 [ERROR] LogOutputStream:75 - [STDERR_REDIRECT] [Fatal Error] :1:1: Premature end of file.
2026-05-09 00:49:30,989 [ERROR] LogOutputStream:75 - [STDERR_REDIRECT] 
2026-05-09 00:49:31,980 [ERROR] LogOutputStream:75 - [STDERR_REDIRECT] [Fatal Error] :1:1: Premature end of file.
2026-05-09 00:49:31,980 [ERROR] LogOutputStream:75 - [STDERR_REDIRECT] 
2026-05-09 00:49:32,998 [ERROR] LogOutputStream:75 - [STDERR_REDIRECT] [Fatal Error] :1:1: Premature end of file.
2026-05-09 00:49:32,998 [ERROR] LogOutputStream:75 - [STDERR_REDIRECT] 
2026-05-09 00:49:34,012 [ERROR] LogOutputStream:75 - [STDERR_REDIRECT] [Fatal Error] :1:1: Premature end of file.
2026-05-09 00:49:34,012 [ERROR] LogOutputStream:75 - [STDERR_REDIRECT] 
2026-05-09 00:49:34,997 [ERROR] LogOutputStream:75 - [STDERR_REDIRECT] [Fatal Error] :1:1: Premature end of file.
2026-05-09 00:49:35,001 [ERROR] LogOutputStream:75 - [STDERR_REDIRECT] 
2026-05-09 00:49:35,998 [ERROR] LogOutputStream:75 - [STDERR_REDIRECT] [Fatal Error] :1:1: Premature end of file.
2026-05-09 00:49:35,998 [ERROR] LogOutputStream:75 - [STDERR_REDIRECT] 
2026-05-09 00:49:36,993 [ERROR] LogOutputStream:75 - [STDERR_REDIRECT] [Fatal Error] :1:1: Premature end of file.
2026-05-09 00:49:36,993 [ERROR] LogOutputStream:75 - [STDERR_REDIRECT] 
2026-05-09 00:49:38,002 [ERROR] LogOutputStream:75 - [STDERR_REDIRECT] [Fatal Error] :1:1: Premature end of file.
2026-05-09 00:49:38,002 [ERROR] LogOutputStream:75 - [STDERR_REDIRECT] 
2026-05-09 00:49:39,005 [ERROR] LogOutputStream:75 - [STDERR_REDIRECT] [Fatal Error] :1:1: Premature end of file.
2026-05-09 00:49:39,005 [ERROR] LogOutputStream:75 - [STDERR_REDIRECT] 
2026-05-09 00:49:40,000 [ERROR] LogOutputStream:75 - [STDERR_REDIRECT] [Fatal Error] :1:1: Premature end of file.
2026-05-09 00:49:40,000 [ERROR] LogOutputStream:75 - [STDERR_REDIRECT] 
2026-05-09 00:49:41,010 [ERROR] LogOutputStream:75 - [STDERR_REDIRECT] [Fatal Error] :1:1: Premature end of file.
2026-05-09 00:49:41,010 [ERROR] LogOutputStream:75 - [STDERR_REDIRECT] 
2026-05-09 00:49:42,003 [ERROR] LogOutputStream:75 - [STDERR_REDIRECT] [Fatal Error] :1:1: Premature end of file.
2026-05-09 00:49:42,003 [ERROR] LogOutputStream:75 - [STDERR_REDIRECT] 
2026-05-09 00:49:43,011 [ERROR] LogOutputStream:75 - [STDERR_REDIRECT] [Fatal Error] :1:1: Premature end of file.
2026-05-09 00:49:43,011 [ERROR] LogOutputStream:75 - [STDERR_REDIRECT] 
2026-05-09 00:49:43,999 [ERROR] LogOutputStream:75 - [STDERR_REDIRECT] [Fatal Error] :1:1: Premature end of file.
2026-05-09 00:49:43,999 [ERROR] LogOutputStream:75 - [STDERR_REDIRECT] 
2026-05-09 00:49:45,007 [ERROR] LogOutputStream:75 - [STDERR_REDIRECT] [Fatal Error] :1:1: Premature end of file.
2026-05-09 00:49:45,007 [ERROR] LogOutputStream:75 - [STDERR_REDIRECT] 
2026-05-09 00:49:45,993 [ERROR] LogOutputStream:75 - [STDERR_REDIRECT] [Fatal Error] :1:1: Premature end of file.
2026-05-09 00:49:45,993 [ERROR] LogOutputStream:75 - [STDERR_REDIRECT] 
2026-05-09 00:49:46,996 [ERROR] LogOutputStream:75 - [STDERR_REDIRECT] [Fatal Error] :1:1: Premature end of file.
2026-05-09 00:49:46,996 [ERROR] LogOutputStream:75 - [STDERR_REDIRECT] 
2026-05-09 00:49:48,011 [ERROR] LogOutputStream:75 - [STDERR_REDIRECT] [Fatal Error] :1:1: Premature end of file.
2026-05-09 00:49:48,011 [ERROR] LogOutputStream:75 - [STDERR_REDIRECT] 
2026-05-09 00:49:48,994 [ERROR] LogOutputStream:75 - [STDERR_REDIRECT] [Fatal Error] :1:1: Premature end of file.
2026-05-09 00:49:48,994 [ERROR] LogOutputStream:75 - [STDERR_REDIRECT] 
2026-05-09 00:49:50,006 [ERROR] LogOutputStream:75 - [STDERR_REDIRECT] [Fatal Error] :1:1: Premature end of file.
2026-05-09 00:49:50,006 [ERROR] LogOutputStream:75 - [STDERR_REDIRECT] 
2026-05-09 00:49:50,980 [ERROR] LogOutputStream:75 - [STDERR_REDIRECT] [Fatal Error] :1:1: Premature end of file.
2026-05-09 00:49:50,980 [ERROR] LogOutputStream:75 - [STDERR_REDIRECT] 
2026-05-09 00:49:52,003 [ERROR] LogOutputStream:75 - [STDERR_REDIRECT] [Fatal Error] :1:1: Premature end of file.
2026-05-09 00:49:52,003 [ERROR] LogOutputStream:75 - [STDERR_REDIRECT] 
2026-05-09 00:49:53,010 [ERROR] LogOutputStream:75 - [STDERR_REDIRECT] [Fatal Error] :1:1: Premature end of file.
2026-05-09 00:49:53,010 [ERROR] LogOutputStream:75 - [STDERR_REDIRECT] 
2026-05-09 00:49:54,008 [ERROR] LogOutputStream:75 - [STDERR_REDIRECT] [Fatal Error] :1:1: Premature end of file.
2026-05-09 00:49:54,008 [ERROR] LogOutputStream:75 - [STDERR_REDIRECT] 
2026-05-09 00:49:54,992 [ERROR] LogOutputStream:75 - [STDERR_REDIRECT] [Fatal Error] :1:1: Premature end of file.
2026-05-09 00:49:54,992 [ERROR] LogOutputStream:75 - [STDERR_REDIRECT] 
2026-05-09 00:49:55,983 [ERROR] LogOutputStream:75 - [STDERR_REDIRECT] [Fatal Error] :1:1: Premature end of file.
2026-05-09 00:49:55,983 [ERROR] LogOutputStream:75 - [STDERR_REDIRECT] 
2026-05-09 00:49:57,007 [ERROR] LogOutputStream:75 - [STDERR_REDIRECT] [Fatal Error] :1:1: Premature end of file.
2026-05-09 00:49:57,007 [ERROR] LogOutputStream:75 - [STDERR_REDIRECT] 
2026-05-09 00:49:57,980 [ERROR] LogOutputStream:75 - [STDERR_REDIRECT] [Fatal Error] :1:1: Premature end of file.
2026-05-09 00:49:57,980 [ERROR] LogOutputStream:75 - [STDERR_REDIRECT] 
2026-05-09 00:49:59,003 [ERROR] LogOutputStream:75 - [STDERR_REDIRECT] [Fatal Error] :1:1: Premature end of file.
2026-05-09 00:49:59,003 [ERROR] LogOutputStream:75 - [STDERR_REDIRECT] 
2026-05-09 00:49:59,998 [ERROR] LogOutputStream:75 - [STDERR_REDIRECT] [Fatal Error] :1:1: Premature end of file.
2026-05-09 00:49:59,998 [ERROR] LogOutputStream:75 - [STDERR_REDIRECT] 
2026-05-09 00:50:00,985 [ERROR] LogOutputStream:75 - [STDERR_REDIRECT] [Fatal Error] :1:1: Premature end of file.
2026-05-09 00:50:00,985 [ERROR] LogOutputStream:75 - [STDERR_REDIRECT] 
2026-05-09 00:50:01,992 [ERROR] LogOutputStream:75 - [STDERR_REDIRECT] [Fatal Error] :1:1: Premature end of file.
2026-05-09 00:50:01,992 [ERROR] LogOutputStream:75 - [STDERR_REDIRECT] 
2026-05-09 00:50:02,997 [ERROR] LogOutputStream:75 - [STDERR_REDIRECT] [Fatal Error] :1:1: Premature end of file.
2026-05-09 00:50:02,997 [ERROR] LogOutputStream:75 - [STDERR_REDIRECT] 
2026-05-09 00:50:04,020 [ERROR] LogOutputStream:75 - [STDERR_REDIRECT] [Fatal Error] :1:1: Premature end of file.
2026-05-09 00:50:04,020 [ERROR] LogOutputStream:75 - [STDERR_REDIRECT] 
2026-05-09 00:50:04,498 [ERROR] LogOutputStream:75 - [STDERR_REDIRECT] 
2026-05-09 00:50:04,499 [ERROR] LogOutputStream:75 - [STDERR_REDIRECT] 
